Date,SP500,SPY,CAC40,AAPL,LVMH,TTE,GLD,TLT
2010-01-04,1132.98999,84.578484,4013.969971,6.40096,57.058968,17.463852,109.800003,55.07082
2010-01-05,1136.52002,84.802368,4012.909912,6.412028,56.790733,17.484823,109.699997,55.426453
2010-01-06,1137.140015,84.862091,4017.669922,6.310036,57.341724,17.496267,111.510002,54.684521
2010-01-07,1141.689941,85.220329,4024.800049,6.29837,57.99424,17.526775,110.82,54.776501
2010-01-08,1144.97998,85.503914,4045.139893,6.340244,58.777264,17.545841,111.370003,54.751984
2010-01-11,1146.97998,85.623314,4043.090088,6.284314,59.234043,17.641184,112.849998,54.451523
2010-01-12,1136.219971,84.824791,4000.050049,6.212827,57.530216,17.408556,110.489998,55.383572
2010-01-13,1145.680054,85.541252,4000.860107,6.300463,57.965252,17.219786,111.540001,54.739681
2010-01-14,1148.459961,85.772568,4015.77002,6.263973,58.044991,17.111109,112.029999,55.506203
2010-01-15,1136.030029,84.80986,3954.379883,6.15929,57.573727,16.704973,110.860001,55.849571
2010-01-19,1150.22998,85.86956,4009.669922,6.431768,59.524036,17.183565,111.519997,55.690144
2010-01-20,1138.040039,84.996407,3928.949951,6.332766,57.921738,16.928059,108.940002,56.25428
2010-01-21,1116.47998,83.362022,3862.159912,6.223296,56.870464,16.722128,107.370003,56.511799
2010-01-22,1091.76001,81.503716,3820.780029,5.914629,56.384689,16.476156,107.169998,56.413696
2010-01-25,1096.780029,81.921654,3781.850098,6.07375,56.406471,16.298836,107.480003,56.156185
2010-01-26,1092.170044,81.578323,3807.040039,6.159589,57.595482,16.354122,107.559998,56.17458
2010-01-27,1097.5,81.966415,3759.800049,6.217615,57.319981,16.134848,106.529999,56.143864
2010-01-28,1084.530029,81.0261,3688.790039,5.96069,56.631218,15.71728,106.480003,56.113232
2010-01-29,1073.869995,80.14547,3739.459961,5.744444,57.327221,16.035702,105.959999,56.603825
2010-02-01,1089.189941,81.391808,3762.01001,5.824303,57.515743,16.090996,108.349998,56.089993
2010-02-02,1103.319946,82.376877,3812.129883,5.858102,58.799023,16.18824,109.129997,56.249966
2010-02-03,1097.280029,81.966415,3793.469971,5.958896,59.052769,16.146292,108.699997,55.597668
2010-02-04,1063.109985,79.436462,3689.25,5.744147,56.522457,15.852663,104.370003,56.477665
2010-02-05,1066.189941,79.600601,3563.76001,5.846136,54.282143,15.303513,104.68,56.600708
2010-02-08,1056.73999,79.025986,3607.27002,5.806058,55.268173,15.593337,104.040001,56.674557
2010-02-09,1070.52002,80.018585,3612.76001,5.86797,55.862694,15.456054,105.410004,56.108406
2010-02-10,1068.130005,79.861877,3635.610107,5.835967,56.420959,15.604779,105.120003,55.573067
2010-02-11,1078.469971,80.697701,3616.75,5.942146,56.246956,15.843117,107.129997,55.271526
2010-02-12,1075.51001,80.630516,3599.070068,5.993292,55.405918,15.873636,107.040001,55.499256
2010-02-16,1094.869995,81.899261,3669.040039,6.083619,56.188942,16.211117,109.620003,55.603821
2010-02-17,1099.51001,82.287338,3725.209961,6.058196,57.051727,16.256882,109.25,54.970009
2010-02-18,1106.75,82.77243,3747.830078,6.069561,57.711472,16.397984,109.980003,54.748497
2010-02-19,1109.170044,82.944077,3769.540039,6.031876,57.675228,16.394169,109.470001,55.043873
2010-02-22,1108.01001,82.958992,3756.699951,5.994488,58.059521,16.274046,109.07,54.816185
2010-02-23,1094.599976,81.951469,3707.060059,5.893991,57.27647,16.009008,107.889999,55.671551
2010-02-24,1105.23999,82.705261,3715.679932,6.001669,57.058968,15.938452,107.360001,55.806923
2010-02-25,1102.939941,82.5933,3640.77002,6.041745,55.652435,15.423637,108.309998,56.120789
2010-02-26,1104.48999,82.645569,3708.800049,6.120108,57.711472,15.627666,109.43,56.409969
2010-03-01,1115.709961,83.503784,3769.540039,6.250813,59.263023,15.77257,109.43,56.385235
2010-03-02,1118.310059,83.735176,3811.919922,6.246625,60.26355,15.867907,111.019997,56.311195
2010-03-03,1118.790039,83.809784,3842.52002,6.260982,61.213329,15.925105,111.629997,56.169193
2010-03-04,1122.969971,84.06353,3828.409912,6.302258,60.908825,15.845033,110.830002,56.465515
2010-03-05,1138.699951,85.265099,3910.419922,6.548713,63.054867,16.172989,110.809998,55.724754
2010-03-08,1138.5,85.280022,3903.540039,6.552601,62.279091,16.115784,109.879997,55.434589
2010-03-09,1140.449951,85.421822,3910.01001,6.670447,62.126846,16.216846,109.720001,55.446938
2010-03-10,1145.609985,85.802414,3943.550049,6.724882,62.656124,16.371294,108.470001,55.304981
2010-03-11,1150.23999,86.160652,3928.949951,6.744621,62.177605,16.369381,108.599998,55.508694
2010-03-12,1149.98999,86.168083,3927.399902,6.777524,62.648861,16.283581,107.949997,55.854385
2010-03-15,1150.51001,86.190483,3890.909912,6.694973,62.119606,16.150106,108.360001,55.780289
2010-03-16,1159.459961,86.877098,3938.949951,6.713217,62.88813,16.251163,110.400002,56.224773
2010-03-17,1166.209961,87.392029,3957.889893,6.703346,62.351608,16.323622,109.589996,56.465515
2010-03-18,1165.829956,87.347267,3938.179932,6.719198,63.207123,16.230192,110.339996,56.2803
2010-03-19,1159.900024,86.905113,3925.439941,6.647417,62.801121,16.146292,108.279999,56.335876
2010-03-22,1165.810059,87.369743,3928.0,6.72219,62.938885,16.16345,107.75,56.397583
2010-03-23,1174.170044,87.98423,3952.550049,6.830162,63.468151,16.203495,108.32,56.132198
2010-03-24,1167.719971,87.557091,3949.810059,6.860373,63.156364,16.18252,106.300003,55.107414
2010-03-25,1165.72998,87.414734,4000.47998,6.779019,63.446407,16.274046,106.779999,54.755577
2010-03-26,1166.589966,87.362267,3988.929932,6.906134,63.221638,16.306467,108.589996,54.90992
2010-03-29,1173.219971,87.916801,4000.659912,6.9507,63.511623,16.28548,108.75,54.700005
2010-03-30,1173.27002,87.976738,3987.409912,7.054187,62.996876,16.352226,107.970001,54.872849
2010-03-31,1169.430054,87.67701,3974.01001,7.028762,62.743107,16.390358,108.949997,55.249424
2010-04-01,1178.099976,88.276474,4034.22998,7.057774,64.236656,16.64205,110.260002,55.114361
2010-04-06,1189.439941,89.205727,4053.939941,7.164552,64.048157,16.924242,111.029999,54.284069
2010-04-07,1182.449951,88.696106,4026.969971,7.196258,62.699593,16.745014,112.489998,54.978062
2010-04-08,1186.439941,89.003387,3978.459961,7.176815,61.590324,16.622978,112.650002,55.002808
2010-04-09,1194.369995,89.587883,4050.540039,7.231852,64.084389,16.920427,113.639999,55.132938
2010-04-12,1196.47998,89.730263,4050.5,7.246804,64.345428,16.771708,113.010002,55.424145
2010-04-13,1197.300049,89.797722,4031.98999,7.25099,65.287926,16.586744,112.690002,55.603786
2010-04-14,1210.650024,90.816887,4057.699951,7.348498,65.534447,16.590567,113.029999,55.213451
2010-04-15,1211.670044,90.891815,4065.649902,7.445105,65.628677,16.676367,113.650002,55.275444
2010-04-16,1192.130005,89.445511,3986.629883,7.399642,63.46088,16.392267,111.239998,55.678177
2010-04-19,1197.52002,89.782791,3970.469971,7.389772,62.873627,16.350307,111.150002,55.541855
2010-04-20,1207.170044,90.584557,4026.649902,7.315598,63.924896,16.680182,111.459999,55.740162
2010-04-21,1205.939941,90.419716,3977.669922,7.753175,63.511623,16.460907,112.309998,56.198616
2010-04-22,1208.670044,90.689468,3924.649902,7.970021,63.199871,16.178709,111.839996,56.031391
2010-04-23,1217.280029,91.281471,3951.300049,8.100428,64.50489,16.249252,113.190002,55.833088
2010-04-26,1212.050049,90.936737,3997.389893,8.060643,65.519928,16.275953,112.75,55.895054
2010-04-27,1183.709961,88.786095,3844.600098,7.837519,62.569118,15.846933,114.629997,56.681973
2010-04-28,1191.359985,89.46051,3787.0,7.82436,61.684586,15.730626,114.309998,56.198616
2010-04-29,1206.780029,90.56958,3840.620117,8.034923,63.025867,16.031883,114.279999,56.434116
2010-04-30,1186.689941,89.033371,3816.98999,7.809107,62.960636,15.623847,115.360001,57.08469
2010-05-03,1202.26001,90.187408,3828.459961,7.966431,63.279625,15.696304,115.730003,57.010067
2010-05-04,1173.599976,88.066666,3689.290039,7.737022,61.053818,15.070894,114.870003,58.035988
2010-05-05,1165.869995,87.542099,3636.030029,7.656568,60.908825,15.051826,115.089996,58.378002
2010-05-06,1128.150024,84.634521,3556.110107,7.365247,60.655067,14.756275,118.489998,60.181122
2010-05-07,1110.880005,83.375603,3392.590088,7.054485,57.646229,14.756275,118.269997,59.428791
2010-05-10,1159.72998,87.047523,3720.290039,7.596747,63.46088,15.341645,117.57,58.197651
2010-05-11,1155.790039,86.800194,3693.199951,7.67242,63.968407,15.229152,120.660004,58.04845
2010-05-12,1171.670044,88.014206,3733.870117,7.839015,66.099953,15.286351,121.400002,57.606983
2010-05-13,1157.439941,86.92009,3731.540039,7.727452,66.447983,15.292069,120.559998,57.986237
2010-05-14,1135.680054,85.346413,3560.360107,7.591664,63.845139,14.653312,120.370003,58.993549
2010-05-17,1136.939941,85.391365,3543.550049,7.603629,63.141884,14.685728,119.360001,58.775898
2010-05-18,1120.800049,84.229858,3617.320068,7.547995,64.446915,14.986995,119.489998,59.677525
2010-05-19,1115.050049,83.750267,3511.669922,7.427755,62.467628,14.624711,116.629997,59.876431
2010-05-20,1071.589966,80.587898,3432.52002,7.111316,61.400223,14.382555,115.839996,61.138638
2010-05-21,1087.689941,81.764435,3430.73999,7.247701,61.643131,14.3387,115.220001,61.200821
2010-05-24,1073.650024,80.715256,3430.929932,7.380497,60.988003,14.31582,116.839996,60.989384
2010-05-25,1074.030029,80.797729,3331.290039,7.334435,59.802845,14.128962,117.360001,61.287872
2010-05-26,1067.949951,80.3106,3408.590088,7.301239,61.893417,14.336799,118.470001,61.113762
2010-05-27,1103.060059,83.000908,3525.310059,7.577604,63.94722,15.066312,118.690002,59.727219
2010-05-28,1089.410034,81.959236,3515.060059,7.683185,63.247902,14.997494,118.879997,60.000847
2010-06-01,1070.709961,80.580406,3503.080078,7.801327,63.836803,14.926707,119.910004,60.42255
2010-06-02,1098.380005,82.678642,3501.5,7.894648,64.322647,14.891318,119.779999,59.848557
2010-06-03,1102.829956,82.963417,3557.340088,7.869822,65.581413,15.34947,117.959999,59.411873
2010-06-04,1064.880005,80.048363,3455.610107,7.65567,64.241661,15.017163,119.190002,61.008972
2010-06-07,1050.469971,79.051689,3413.719971,7.505523,63.851532,14.93064,121.489998,61.47686
2010-06-08,1062.0,79.898476,3380.360107,7.457368,63.969307,14.810695,121.0,61.171181
2010-06-09,1055.689941,79.471306,3446.77002,7.27402,66.398537,14.98766,120.559998,61.102577
2010-06-10,1086.839966,81.794403,3516.639893,7.492661,67.222977,15.04862,118.970001,60.010757
2010-06-11,1091.599976,82.191566,3555.52002,7.582392,67.657318,15.219695,120.010002,60.771908
2010-06-14,1089.630005,82.064171,3626.040039,7.605423,67.78244,15.569708,119.599998,60.459976
2010-06-15,1115.22998,83.930107,3661.51001,7.767231,67.296585,15.679826,120.989998,60.210461
2010-06-16,1114.609985,83.900154,3675.929932,7.99335,67.811867,15.870557,120.330002,60.553551
2010-06-17,1116.040039,84.034996,3683.080078,8.13153,68.643692,15.90989,121.900002,61.04641
2010-06-18,1117.51001,84.126137,3687.209961,8.19733,68.746788,15.80371,122.830002,60.946609
2010-06-21,1113.199951,83.885223,3736.149902,8.080688,71.094994,16.016069,120.389999,60.771908
2010-06-22,1095.310059,82.499786,3705.320068,8.190752,70.152771,15.758483,121.449997,61.49559
2010-06-23,1092.040039,82.243759,3641.790039,8.104616,69.401924,15.434027,120.949997,61.913582
2010-06-24,1073.689941,80.880959,3555.360107,8.045692,67.752998,15.115477,121.300003,61.545494
2010-06-25,1076.76001,81.219772,3519.72998,7.976895,66.83284,14.897205,122.760002,61.795006
2010-06-28,1074.569946,80.963776,3576.449951,8.024753,68.658424,14.995529,121.089996,62.375252
2010-06-29,1041.23999,78.464005,3432.98999,7.661951,65.691856,14.456748,121.269997,63.055279
2010-06-30,1030.709961,77.718582,3442.889893,7.523171,66.11145,14.537364,121.68,63.479485
2010-07-01,1027.369995,77.372253,3339.899902,7.431944,62.717888,14.110663,117.040001,63.579655
2010-07-02,1022.580017,76.950592,3348.370117,7.385884,62.511795,14.232578,118.489998,63.072735
2010-07-06,1028.060059,77.45507,3423.360107,7.436434,64.572914,14.409549,116.510002,63.592205
2010-07-07,1060.27002,79.894608,3483.439941,7.736723,64.197525,14.633716,117.730003,62.847507
2010-07-08,1070.25,80.685181,3538.25,7.719375,65.566689,14.960135,117.209999,62.447056
2010-07-09,1077.959961,81.287544,3554.47998,7.76514,66.177681,15.06041,118.360001,62.090271
2010-07-12,1078.75,81.340256,3567.659912,7.695449,65.794891,15.101713,117.339996,62.065269
2010-07-13,1095.339966,82.567551,3637.76001,7.531244,67.370209,15.378968,118.360001,61.533371
2010-07-14,1095.170044,82.560013,3632.97998,7.55906,67.208252,15.345551,118.300003,62.152859
2010-07-15,1096.47998,82.582603,3581.820068,7.520777,66.9506,15.245261,118.230003,62.772373
2010-07-16,1064.880005,80.308708,3500.159912,7.474418,65.868515,14.962095,116.669998,63.079048
2010-07-19,1071.25,80.783051,3486.330078,7.345207,64.99987,14.853951,115.730003,62.691082
2010-07-20,1083.47998,81.67907,3468.02002,7.533934,65.412102,14.838219,116.650002,62.784958
2010-07-21,1069.589966,80.617416,3493.919922,7.604228,66.295456,14.732036,115.849998,63.848743
2010-07-22,1093.670044,82.416985,3600.570068,7.747193,68.643692,14.960135,116.860001,63.110336
2010-07-23,1102.660034,83.132256,3607.050049,7.774711,69.269409,14.999462,116.089996,62.440697
2010-07-26,1115.01001,83.998123,3636.179932,7.754967,69.953995,15.062382,115.519997,62.33437
2010-07-27,1113.839966,83.990593,3666.399902,7.898535,67.914948,15.099744,113.510002,61.733582
2010-07-28,1106.130005,83.448486,3670.360107,7.805215,68.202034,15.162676,113.779999,61.933842
2010-07-29,1101.530029,83.041878,3651.909912,7.719976,67.760361,15.082047,114.290001,61.915085
2010-07-30,1101.599976,83.026855,3643.139893,7.694253,68.916069,15.223625,115.489998,62.878811
2010-08-02,1125.859985,84.901657,3752.030029,7.831838,70.160095,15.695555,115.540001,61.996082
2010-08-03,1120.459961,84.495071,3747.51001,7.834232,69.82885,15.687685,115.989998,62.35392
2010-08-04,1127.23999,85.059761,3760.719971,7.865638,70.05706,15.829272,116.720001,61.87677
2010-08-05,1125.810059,84.969414,3764.189941,7.827349,71.043495,15.945285,116.980003,62.165577
2010-08-06,1121.640015,84.623062,3716.050049,7.779193,70.395691,15.734887,117.839996,62.843624
2010-08-09,1127.790039,85.074844,3777.370117,7.828844,71.698616,16.049501,117.400002,62.611343
2010-08-10,1121.060059,84.61554,3730.580078,7.758857,70.874161,15.77814,117.730003,62.743156
2010-08-11,1089.469971,82.296494,3628.290039,7.483093,68.592171,15.361277,117.339996,63.584446
2010-08-12,1083.609985,81.791985,3621.070068,7.530947,68.408134,15.365211,118.769997,63.427467
2010-08-13,1079.25,81.551064,3610.909912,7.450487,68.930801,15.34947,118.739998,64.218552
2010-08-16,1079.380005,81.513435,3597.600098,7.406819,68.871887,15.257047,119.730003,65.82576
2010-08-17,1092.540039,82.514847,3663.129883,7.536329,69.688995,15.477285,119.75,65.449051
2010-08-18,1094.160034,82.665405,3647.929932,7.569231,69.998184,15.341612,120.220001,65.62484
2010-08-19,1075.630005,81.227325,3572.399902,7.473819,68.901337,14.973901,120.389999,66.648148
2010-08-20,1071.689941,80.963776,3526.120117,7.466642,67.922295,14.853951,119.970001,66.572815
2010-08-23,1067.359985,80.655075,3553.22998,7.351788,68.48912,14.954239,119.779999,66.585381
2010-08-24,1051.869995,79.457893,3491.110107,7.176219,67.517441,14.708438,120.360001,67.652672
2010-08-25,1055.329956,79.766609,3450.189941,7.264752,66.46476,14.541297,121.360001,67.432938
2010-08-26,1047.219971,79.231995,3475.030029,7.186685,67.716179,14.549163,120.959999,68.067047
2010-08-27,1064.589966,80.459312,3507.439941,7.226764,67.480614,14.576691,121.010002,66.139626
2010-08-30,1048.920044,79.292244,3487.01001,7.253086,67.429092,14.452806,120.910004,67.407799
2010-08-31,1049.329956,79.292244,3490.790039,7.271029,67.554222,14.500005,122.080002,68.154892
2010-09-01,1080.290039,81.664017,3623.840088,7.487279,70.520805,15.001431,121.690002,66.745697
2010-09-02,1090.099976,82.424492,3631.429932,7.542312,71.014046,15.015188,122.290001,66.040451
2010-09-03,1104.51001,83.493645,3672.199951,7.739717,72.368492,15.255095,121.860001,65.221878
2010-09-07,1091.839966,82.552483,3643.810059,7.711003,71.440971,15.062382,122.699997,66.556786
2010-09-08,1098.869995,83.132256,3677.209961,7.863837,72.449463,15.201999,122.709999,66.02784
2010-09-09,1104.180054,83.51622,3722.149902,7.868323,72.346413,15.373073,121.559998,64.724403
2010-09-10,1109.550049,83.937881,3725.820068,7.878499,72.795448,15.339642,121.730003,64.428474
2010-09-13,1121.900024,84.871552,3767.149902,7.987067,73.546288,15.477285,121.620003,64.743248
2010-09-14,1121.099976,84.818848,3774.399902,8.017575,74.569519,15.504816,124.019997,65.366707
2010-09-15,1125.069946,85.142601,3755.639893,8.08218,74.459114,15.253118,123.940002,64.396988
2010-09-16,1124.660034,85.11998,3736.300049,8.27211,74.422272,15.196099,124.629997,63.761002
2010-09-17,1125.589966,85.151802,3722.02002,8.236215,74.238266,14.887379,124.540001,64.019234
2010-09-20,1142.709961,86.453781,3788.01001,8.471302,76.777893,15.300313,124.870003,64.390678
2010-09-21,1139.780029,86.279701,3784.399902,8.487456,77.256363,15.170535,126.010002,65.284843
2010-09-22,1134.280029,85.855789,3735.050049,8.606497,75.489677,14.883446,126.199997,65.870468
2010-09-23,1124.829956,85.15937,3710.610107,8.641488,75.158409,14.853951,126.300003,66.059311
2010-09-24,1148.670044,86.915543,3782.47998,8.743182,77.88208,14.960135,126.690002,65.171471
2010-09-27,1142.160034,86.499222,3766.159912,8.708485,76.630638,14.944404,126.720001,66.304893
2010-09-28,1147.699951,86.802002,3762.350098,8.579877,78.397354,14.944404,127.849998,66.758255
2010-09-29,1144.72998,86.65062,3737.120117,8.595128,78.618195,14.92474,127.949997,66.481216
2010-09-30,1141.199951,86.393234,3715.179932,8.486855,79.207123,14.867713,127.910004,66.437126
2010-10-01,1146.23999,86.756561,3692.090088,8.450068,77.403603,14.973901,128.910004,66.116112
2010-10-04,1137.030029,86.105598,3649.810059,8.334023,77.88208,14.759565,128.460007,66.286705
2010-10-05,1160.75,87.839066,3731.929932,8.642095,79.427933,15.070243,130.990005,65.88855
2010-10-06,1159.969971,87.831459,3764.909912,8.649564,80.789772,15.213793,131.809998,66.716461
2010-10-07,1158.060059,87.725525,3770.469971,8.650464,80.973801,15.144972,130.369995,66.160278
2010-10-08,1165.150024,88.217545,3763.179932,8.795525,80.752968,15.125303,131.660004,65.86956
2010-10-11,1165.319946,88.300819,3768.48999,8.834101,81.268265,15.103683,132.289993,65.882256
2010-10-12,1169.77002,88.573326,3748.860107,8.929219,80.789772,14.942439,131.960007,65.231255
2010-10-13,1178.099976,89.262169,3828.340088,8.977076,81.59951,15.298354,134.070007,65.130112
2010-10-14,1173.810059,88.913971,3819.169922,9.041981,82.041168,15.300313,134.75,64.156815
2010-10-15,1176.189941,89.095634,3827.370117,9.413759,82.372467,15.412395,133.679993,63.373104
2010-10-18,1184.709961,89.534668,3834.5,9.511263,82.077988,15.546107,134.279999,63.884983
2010-10-19,1165.900024,88.361374,3807.169922,9.256731,80.127258,15.28459,130.110001,64.270546
2010-10-20,1178.170044,89.224335,3828.149902,9.287839,80.164078,15.35341,131.320007,64.409599
2010-10-21,1180.26001,89.421135,3878.27002,9.257631,84.102341,15.390763,129.470001,63.644829
2010-10-22,1183.079956,89.587646,3868.540039,9.196316,83.403015,15.404537,129.729996,64.074638
2010-10-25,1185.619995,89.852577,3870.0,9.237292,85.390572,15.357341,130.850006,64.257957
2010-10-26,1185.640015,89.867737,3852.659912,9.21366,82.703697,15.386836,130.880005,63.265591
2010-10-27,1182.449951,89.610374,3815.77002,9.207082,82.409241,15.180367,129.520004,62.709427
2010-10-28,1183.780029,89.625496,3834.840088,9.129616,82.703697,15.361277,131.240005,62.880112
2010-10-29,1183.26001,89.693619,3833.5,9.002201,82.887726,15.355372,132.619995,63.46788
2010-11-01,1184.380005,89.723907,3841.110107,9.097911,83.439842,15.435995,131.919998,63.194626
2010-11-02,1193.569946,90.435463,3865.719971,9.252839,84.433617,15.671956,132.490005,64.0252
2010-11-03,1197.959961,90.79882,3842.939941,9.355733,85.390572,15.563806,131.570007,62.719059
2010-11-04,1221.060059,92.547432,3916.780029,9.519341,87.746155,15.974784,136.029999,63.207283
2010-11-05,1225.849976,92.89563,3916.72998,9.485244,87.672554,15.961017,136.380005,62.123062
2010-11-08,1223.25,92.721527,3913.699951,9.529809,87.414917,15.90989,137.779999,62.402103
2010-11-09,1213.400024,92.055382,3945.709961,9.453835,86.641975,16.173382,135.589996,61.026218
2010-11-10,1218.709961,92.4263,3888.449951,9.512156,85.979469,16.025902,137.240005,61.108616
2010-11-11,1213.540039,92.07811,3867.350098,9.470886,86.752403,16.059334,137.660004,61.07692
2010-11-12,1199.209961,90.988052,3831.120117,9.213062,85.464172,15.968311,133.690002,60.747246
2010-11-15,1197.75,90.85939,3864.23999,9.183458,86.016266,16.089676,132.419998,59.479149
2010-11-16,1178.339966,89.443832,3762.469971,9.020445,84.654427,15.555647,130.970001,60.95647
2010-11-17,1178.589966,89.489243,3792.350098,8.987846,84.764862,15.614304,130.380005,60.620434
2010-11-18,1196.689941,90.806396,3867.969971,9.225024,86.862816,15.786255,132.089996,60.867661
2010-11-19,1199.72998,91.056168,3860.159912,9.174181,87.893379,15.693202,132.199997,61.241764
2010-11-22,1197.839966,90.980499,3818.889893,9.372481,88.187851,15.533386,133.479996,61.501728
2010-11-23,1180.72998,89.663338,3724.419922,9.234001,85.979469,15.280539,134.410004,61.80611
2010-11-24,1198.349976,90.988052,3747.610107,9.415549,87.562126,15.343251,134.179993,60.702839
2010-11-26,1189.400024,89.928307,3728.649902,9.421534,88.224632,15.266385,133.110001,61.546127
2010-11-29,1187.76001,90.200829,3636.959961,9.477464,86.669701,15.00948,133.509995,62.072376
2010-11-30,1180.550049,89.693619,3610.439941,9.306379,86.521606,15.096461,135.419998,62.395744
2010-12-01,1206.069946,91.601234,3669.290039,9.463409,87.743355,15.219858,135.380005,61.008793
2010-12-02,1221.530029,92.774521,3747.040039,9.515749,90.483002,15.387752,135.199997,60.849655
2010-12-03,1224.709961,93.024292,3750.550049,9.494508,90.112801,15.397865,138.070007,60.372482
2010-12-06,1223.119995,92.925919,3749.22998,9.575568,89.927681,15.549582,139.110001,61.225037
2010-12-07,1223.75,92.978889,3810.5,9.517545,91.889885,15.782206,136.5,59.914391
2010-12-08,1228.280029,93.319519,3831.97998,9.60129,90.334938,15.826707,134.789993,59.335434
2010-12-09,1233.0,93.682892,3858.050049,9.563901,89.37233,15.94807,135.369995,59.628124
2010-12-10,1240.400024,94.227898,3857.350098,9.587831,89.964714,15.877276,135.410004,59.265442
2010-12-13,1240.459961,94.288452,3892.439941,9.62103,91.223465,16.087648,136.050003,59.488144
2010-12-14,1241.589966,94.371735,3902.870117,9.579758,91.630707,16.219141,136.179993,58.622849
2010-12-15,1235.22998,93.940292,3880.189941,9.581851,89.964714,16.150366,134.699997,57.859371
2010-12-16,1242.869995,94.485252,3888.360107,9.608469,91.482628,16.144295,133.809998,58.260174
2010-12-17,1243.910034,94.586479,3867.350098,9.58933,91.223465,16.089676,134.199997,59.322674
2010-12-20,1247.079956,94.814751,3885.080078,9.637181,91.371559,16.16452,135.110001,59.25906
2010-12-21,1254.599976,95.415901,3927.48999,9.696704,92.889481,16.405237,135.320007,59.672596
2010-12-22,1258.839966,95.712715,3919.709961,9.725415,94.555489,16.389055,135.050003,59.246365
2010-12-23,1256.77002,95.575706,3911.320068,9.678757,94.296341,16.387033,134.660004,59.125484
2010-12-27,1257.540039,95.613785,3862.189941,9.711058,93.037567,16.180704,135.020004,59.653542
2010-12-28,1258.51001,95.750732,3858.719971,9.734686,92.297127,16.196882,137.220001,58.485252
2010-12-29,1259.780029,95.819252,3890.649902,9.729302,92.889481,16.401196,137.710007,59.474796
2010-12-30,1257.880005,95.667061,3850.76001,9.680552,91.334518,16.231276,137.029999,59.430099
2011-01-03,1271.869995,96.67907,3900.860107,9.857319,92.074974,16.421421,138.0,59.634399
2011-01-04,1270.199951,96.625816,3916.030029,9.908761,90.001732,16.639893,134.75,59.704632
2011-01-05,1276.560059,97.128052,3904.610107,9.989819,88.70594,16.704624,134.369995,58.389465
2011-01-06,1273.849976,96.937843,3904.419922,9.981741,90.260872,16.809813,133.830002,58.644829
2011-01-07,1271.5,96.747551,3865.580078,10.053223,88.372726,16.676298,133.580002,58.957676
2011-01-10,1269.75,96.625816,3802.030029,10.242553,88.076553,16.461878,134.119995,59.276901
2011-01-11,1274.47998,96.968262,3861.919922,10.218325,89.779594,16.603479,134.910004,58.944897
2011-01-12,1285.959961,97.843361,3945.070068,10.301476,89.631516,16.886679,135.460007,58.485252
2011-01-13,1283.76001,97.683556,3974.830078,10.339159,88.00251,16.991856,134.050003,59.008717
2011-01-14,1293.23999,98.391266,3983.280029,10.422907,86.447563,17.153688,132.690002,58.632076
2011-01-18,1295.02002,98.558678,4012.679932,10.188717,87.595253,17.194149,133.429993,58.357555
2011-01-19,1281.920044,97.59227,3976.709961,10.134581,84.707489,17.072777,133.720001,58.778923
2011-01-20,1280.26001,97.462868,3964.840088,9.950334,83.522766,16.96961,131.199997,57.96814
2011-01-21,1283.349976,97.683556,4017.449951,9.772076,83.152542,17.204268,131.029999,58.427795
2011-01-24,1290.839966,98.239052,4033.209961,10.093002,83.893005,17.358,130.360001,58.453297
2011-01-25,1291.180054,98.29232,4019.620117,10.211145,85.633064,17.242699,130.100006,59.008717
2011-01-26,1296.630005,98.672806,4049.070068,10.284431,86.040321,17.396441,131.160004,58.114967
2011-01-27,1299.540039,98.916275,4059.570068,10.265281,85.04071,17.483423,127.93,58.376759
2011-01-28,1276.339966,97.188965,4002.320068,10.052628,84.263229,17.123354,130.279999,58.683155
2011-01-31,1286.119995,97.919434,4005.5,10.148937,84.448357,17.281128,129.869995,58.236271
2011-02-01,1307.589966,99.487015,4072.620117,10.31972,86.077324,17.83337,130.800003,57.947964
2011-02-02,1304.030029,99.296753,4066.530029,10.298487,86.040321,17.801003,130.449997,57.96072
2011-02-03,1307.099976,99.517464,4036.590088,10.272162,86.55864,17.618948,132.199997,57.480301
2011-02-04,1310.869995,99.798981,4047.209961,10.363688,84.448357,17.606812,131.660004,56.897282
2011-02-07,1319.050049,100.422981,4090.800049,10.524605,86.188393,17.633106,131.679993,57.191967
2011-02-08,1324.569946,100.879555,4108.27002,10.623904,88.557846,17.651312,133.139999,56.666611
2011-02-09,1320.880005,100.65123,4090.73999,10.712432,87.410149,17.396441,133.070007,57.159946
2011-02-10,1321.869995,100.689331,4095.139893,10.604163,88.00251,17.588598,132.850006,56.500072
2011-02-11,1329.150024,101.290497,4101.310059,10.67325,88.40976,17.576466,132.320007,57.313713
2011-02-14,1332.319946,101.533981,4096.620117,10.742939,88.483788,17.519825,132.949997,57.352169
2011-02-15,1328.01001,101.214371,4110.339844,10.764476,87.410149,17.584555,133.970001,57.608398
2011-02-16,1336.319946,101.853546,4151.259766,10.861081,86.55864,17.562307,134.100006,57.422611
2011-02-17,1340.430054,102.157967,4152.310059,10.716622,86.965881,17.598713,135.039993,57.512321
2011-02-18,1343.01001,102.371017,4157.140137,10.485121,86.077324,17.641197,135.410004,57.332928
2011-02-22,1315.439941,100.31649,4050.27002,10.127704,85.151764,17.390366,136.289993,58.191433
2011-02-23,1307.400024,99.700134,4013.120117,10.247637,84.041077,17.396441,137.509995,58.402824
2011-02-24,1306.099976,99.631554,4009.639893,10.255415,82.338074,17.661421,136.479996,58.774414
2011-02-25,1319.880005,100.696938,4070.379883,10.413337,84.559418,17.711998,137.380005,59.120373
2011-02-28,1327.219971,101.3209,4110.350098,10.564383,84.596428,17.966871,137.660004,59.197292
2011-03-01,1306.329956,99.631554,4067.149902,10.447729,85.373924,17.584555,140.029999,59.368881
2011-03-02,1308.439941,99.844681,4034.320068,10.53178,83.781937,17.542082,139.919998,58.4562
2011-03-03,1330.969971,101.564438,4060.76001,10.754307,83.63385,17.736267,138.089996,57.884144
2011-03-04,1321.150024,100.803459,4020.209961,10.76747,82.597237,17.784817,139.350006,58.366177
2011-03-07,1310.130005,100.012093,3990.409912,10.628688,83.63385,17.67963,139.720001,57.993458
2011-03-08,1321.819946,100.887161,4015.909912,10.640654,84.633469,17.659399,139.360001,57.639935
2011-03-09,1320.02002,100.742615,3993.810059,10.542248,85.114738,17.436892,139.410004,58.199123
2011-03-10,1295.109985,98.878265,3963.98999,10.368772,83.744919,17.236628,137.770004,59.176048
2011-03-11,1304.280029,99.563118,3928.679932,10.52789,81.449509,17.09503,138.220001,58.841843
2011-03-14,1296.390015,98.96196,3878.040039,10.574848,78.931992,16.828012,138.860001,58.816078
2011-03-15,1281.869995,97.828156,3780.850098,10.331686,77.19191,16.433563,136.270004,59.696678
2011-03-16,1256.880005,96.017097,3696.560059,9.870477,74.637367,16.109909,136.240005,60.371506
2011-03-17,1273.719971,97.287857,3786.209961,10.008961,76.747665,16.502335,136.970001,59.908745
2011-03-18,1279.209961,97.641731,3810.219971,9.89022,78.117508,16.490196,138.369995,60.069447
2011-03-21,1298.380005,99.154976,3904.449951,10.148339,80.709068,16.79565,139.139999,59.715961
2011-03-22,1293.77002,98.811035,3892.709961,10.205165,80.523979,16.842171,139.050003,59.915199
2011-03-23,1297.540039,99.093796,3913.72998,10.145047,80.116722,17.026247,140.339996,59.838062
2011-03-24,1309.660034,100.041481,3968.840088,10.317926,81.597618,17.196169,139.220001,59.388153
2011-03-25,1313.800049,100.347183,3972.379883,10.514429,81.227379,17.224491,139.259995,59.240334
2011-03-28,1310.189941,100.102638,3976.949951,10.481529,82.115921,17.236628,138.539993,59.323856
2011-03-29,1319.439941,100.775192,3987.800049,10.497082,81.634628,17.297318,138.210007,58.867527
2011-03-30,1328.26001,101.470627,4024.439941,10.427395,82.671257,17.364067,138.669998,59.336761
2011-03-31,1325.829956,101.333084,3989.179932,10.423805,82.708298,17.378229,139.860001,59.2146
2011-04-01,1332.410034,101.761063,4054.76001,10.305661,83.670876,17.637152,139.199997,59.502434
2011-04-04,1332.869995,101.845131,4042.919922,10.204866,82.967453,17.548149,139.839996,59.567024
2011-04-05,1332.630005,101.829872,4041.73999,10.136076,84.189171,17.625015,142.050003,59.328213
2011-04-06,1335.540039,102.150864,4048.159912,10.110653,84.411324,17.422735,142.380005,58.437542
2011-04-07,1333.51001,101.891037,4028.300049,10.111851,82.893394,17.329683,142.509995,58.32132
2011-04-08,1328.170044,101.539444,4061.909912,10.021522,82.338074,17.457109,143.660004,58.011574
2011-04-11,1324.459961,101.233765,4038.699951,9.894106,82.301033,17.398455,142.639999,58.063168
2011-04-12,1314.160034,100.477112,3976.600098,9.941962,81.301422,16.967596,141.610001,58.689209
2011-04-13,1314.410034,100.469467,4006.22998,10.053526,82.338074,17.012096,141.899994,59.057087
2011-04-14,1314.52002,100.545898,3970.389893,9.94256,82.338074,16.846218,143.809998,59.011917
2011-04-15,1319.680054,100.912743,3974.47998,9.794207,82.930412,16.860378,145.050003,59.812279
2011-04-18,1305.140015,99.781616,3881.23999,9.925512,81.26442,16.449747,145.929993,59.947845
2011-04-19,1312.619995,100.354851,3908.580078,10.105269,85.299843,16.401196,145.929993,60.205948
2011-04-20,1330.359985,101.72287,4004.620117,10.241353,87.150986,16.941292,146.5,59.818733
2011-04-21,1337.380005,102.242561,4021.879883,10.489307,88.335716,17.012096,146.740005,59.76712
2011-04-26,1347.23999,103.014435,4045.290039,10.480935,88.70594,17.003996,146.380005,60.573891
2011-04-27,1355.660034,103.686996,4067.719971,10.472857,87.928467,17.232574,149.199997,59.954258
2011-04-28,1360.47998,104.023262,4104.899902,10.371164,88.854004,17.398455,149.820007,60.412483
2011-04-29,1363.609985,104.26786,4106.919922,10.472256,89.779594,17.485443,152.369995,60.599689
2011-05-02,1361.219971,104.107361,4108.77002,10.35711,89.409363,17.414637,150.410004,60.696953
2011-05-03,1356.619995,103.732841,4096.839844,10.414532,89.261292,17.299337,149.880005,61.040504
2011-05-04,1347.319946,103.045029,4043.129883,10.455507,87.373131,16.89679,147.729996,61.312752
2011-05-05,1335.099976,102.112625,4004.870117,10.371164,87.373131,16.658092,143.470001,61.896111
2011-05-06,1340.199951,102.56356,4058.01001,10.368472,89.002121,16.834084,145.300003,61.623852
2011-05-09,1346.290039,102.960953,4007.26001,10.396588,87.743355,16.696529,147.380005,61.55901
2011-05-10,1357.160034,103.839851,4052.51001,10.451922,89.07618,16.914989,147.899994,61.118275
2011-05-11,1342.079956,102.746979,4058.080078,10.385519,91.112389,16.799698,146.539993,61.468311
2011-05-12,1348.650024,103.236122,4023.290039,10.365781,89.557442,16.565046,146.589996,61.079407
2011-05-13,1337.77002,102.441261,4018.850098,10.184228,89.409363,16.463902,145.630005,61.630302
2011-05-16,1329.469971,101.791641,3989.820068,9.968879,89.37233,16.407265,145.369995,61.973911
2011-05-17,1328.97998,101.776367,3941.580078,10.053823,87.81739,16.320282,144.740005,62.609161
2011-05-18,1340.680054,102.685852,3978.0,10.16539,89.039124,16.492222,145.600006,61.779415
2011-05-19,1343.599976,102.930374,4027.73999,10.185125,89.150215,16.692488,145.649994,61.753494
2011-05-20,1333.27002,102.112625,3990.850098,10.026311,89.187675,16.615618,147.490005,61.785877
2011-05-23,1317.369995,100.928024,3906.97998,10.001778,86.940193,16.432528,147.830002,62.084118
2011-05-24,1316.280029,100.843933,3916.879883,9.935684,88.176308,16.413801,148.589996,62.31744
2011-05-25,1320.469971,101.180244,3928.98999,10.072966,88.176308,16.353464,148.580002,62.02573
2011-05-26,1325.689941,101.646439,3917.219971,10.019729,87.277298,16.309771,148.220001,62.557278
2011-05-27,1331.099976,102.036224,3950.97998,10.091807,88.663254,16.45125,149.699997,62.531322
2011-05-31,1345.199951,103.098534,4006.939941,10.403463,90.573608,16.65723,149.639999,62.673927
2011-06-01,1314.550049,100.782822,3964.810059,10.334079,89.974281,16.469971,149.910004,63.520893
2011-06-02,1312.939941,100.675835,3889.870117,10.351722,88.513435,16.078823,149.5,62.31089
2011-06-03,1300.160034,99.674652,3890.679932,10.272162,88.588333,15.962304,150.220001,62.668716
2011-06-06,1286.170044,98.619972,3863.399902,10.110653,88.063919,15.874928,150.479996,62.19381
2011-06-07,1284.939941,98.558861,3871.919922,9.931195,88.101357,15.931101,150.419998,62.48008
2011-06-08,1279.560059,98.146133,3837.97998,9.937176,87.015099,15.89989,149.809998,62.96801
2011-06-09,1289.0,98.895103,3878.649902,9.914745,87.576965,16.087147,150.559998,62.714252
2011-06-10,1270.97998,97.519394,3805.090088,9.747552,86.003716,15.812508,149.240005,63.195702
2011-06-13,1271.829956,97.595848,3807.610107,9.768487,86.490677,15.804185,147.770004,62.876907
2011-06-14,1287.869995,98.833984,3864.580078,9.943156,87.502052,15.947742,148.669998,61.927078
2011-06-15,1265.420044,97.07618,3806.850098,9.772971,86.153542,15.704317,149.119995,63.052578
2011-06-16,1267.640015,97.290161,3792.310059,9.725415,84.655235,15.849957,148.970001,63.338795
2011-06-17,1271.5,97.580482,3823.73999,9.578857,84.467941,15.866598,149.940002,63.039543
2011-06-20,1278.359985,98.07972,3799.659912,9.431106,84.767639,15.835395,150.029999,63.117619
2011-06-21,1295.52002,99.423805,3877.070068,9.729603,87.427139,16.176611,150.759995,62.837936
2011-06-22,1287.140015,98.824692,3871.370117,9.64915,88.663254,16.053854,150.990005,62.876907
2011-06-23,1283.5,98.54055,3787.790039,9.906967,85.891357,15.800023,148.339996,63.358353
2011-06-24,1268.449951,97.396156,3784.800049,9.761006,87.090027,15.810426,146.259995,63.091553
2011-06-27,1280.099976,98.26403,3796.550049,9.931195,87.464592,15.866598,145.729996,62.226349
2011-06-28,1296.670044,99.546684,3851.889893,10.0275,90.348862,15.978952,146.240005,61.725395
2011-06-29,1307.410034,100.399231,3924.22998,9.99101,91.772263,16.27648,147.179993,61.315571
2011-06-30,1320.640015,101.359283,3982.209961,10.039767,92.970924,16.59481,146.0,61.217991
2011-07-01,1339.670044,102.856956,4007.350098,10.266781,94.281982,16.607294,144.929993,61.120049
2011-07-05,1337.880005,102.772484,3978.830078,10.451322,95.180962,16.507421,147.630005,61.257122
2011-07-06,1339.219971,102.895378,3961.340088,10.521011,94.993698,16.561512,148.910004,61.570496
2011-07-07,1353.219971,103.962959,3979.959961,10.683723,96.604362,16.811195,149.149994,61.387722
2011-07-08,1343.800049,103.225609,3913.550049,10.758796,95.068588,16.632261,150.25,62.255898
2011-07-11,1319.48999,101.359283,3807.51001,10.588007,93.195663,16.365942,151.589996,63.189327
2011-07-12,1313.640015,100.921478,3774.120117,10.580536,92.483963,16.157883,152.770004,63.404827
2011-07-13,1317.719971,101.259438,3793.27002,10.708247,94.207039,16.166208,154.139999,63.581074
2011-07-14,1308.869995,100.560532,3751.22998,10.700767,93.420418,16.060093,154.539993,62.673676
2011-07-15,1316.140015,101.144257,3726.590088,10.914622,93.38298,15.966471,155.199997,62.778099
2011-07-18,1305.439941,100.314705,3650.709961,11.180219,91.697357,15.84787,156.570007,62.17104
2011-07-19,1326.72998,101.942978,3694.949951,11.271442,92.296692,15.945653,154.660004,63.463543
2011-07-20,1325.839966,101.881554,3754.600098,11.572035,94.506714,16.043455,156.020004,62.712833
2011-07-21,1343.800049,103.294769,3816.75,11.583699,96.154854,16.189093,154.830002,62.229767
2011-07-22,1345.02002,103.363846,3842.699951,11.763461,96.829109,16.417961,156.119995,62.699776
2011-07-25,1337.430054,102.78788,3812.969971,11.918991,97.803047,16.338892,157.339996,62.014408
2011-07-26,1331.939941,102.403831,3787.879883,12.065843,97.390991,16.25359,157.770004,62.438698
2011-07-27,1304.890015,100.30706,3734.070068,11.742221,97.241142,16.095469,157.190002,62.445202
2011-07-28,1300.670044,100.015167,3712.659912,11.719194,96.491997,15.964394,157.320007,62.680168
2011-07-29,1292.280029,99.331627,3672.77002,11.679112,95.855194,15.72096,158.289993,63.920483
2011-08-01,1286.939941,98.909187,3588.050049,11.866645,95.36824,15.427592,157.720001,64.565628
2011-08-02,1254.050049,96.382324,3522.790039,11.632154,92.184303,15.313163,161.520004,66.504303
2011-08-03,1260.339966,96.904617,3454.939941,11.741621,90.760918,15.042686,161.490005,66.635246
2011-08-04,1200.069946,92.365433,3320.350098,11.286994,86.303391,14.693145,160.639999,69.006233
2011-08-05,1199.380005,92.227173,3278.560059,11.174833,86.303391,14.245817,161.75,67.01519
2011-08-08,1119.459961,86.221054,3125.189941,10.564383,80.272644,13.854663,167.119995,69.130707
2011-08-09,1172.530029,90.230247,3176.189941,11.186501,83.269295,13.777682,168.610001,69.340263
2011-08-10,1120.76001,86.244095,3002.98999,10.877834,79.935516,13.176394,174.580002,71.403358
2011-08-11,1172.640015,90.115059,3089.659912,11.17723,83.381653,13.407345,170.75,67.801109
2011-08-12,1178.810059,90.721809,3213.879883,11.275631,85.966263,13.769365,169.970001,69.143753
2011-08-15,1204.48999,92.641914,3239.060059,11.467651,86.415771,13.887956,171.800003,68.44294
2011-08-16,1192.76001,91.850845,3230.899902,11.380016,86.191002,13.877555,173.919998,69.57605
2011-08-17,1193.890015,91.912277,3254.340088,11.378819,87.539505,14.08561,174.419998,70.79425
2011-08-18,1140.650024,87.94915,3076.040039,10.948425,83.04454,13.575869,177.720001,72.248253
2011-08-19,1123.530029,86.512917,3016.98999,10.648724,80.534874,13.311635,179.949997,72.831146
2011-08-22,1123.819946,86.582031,3051.360107,10.660986,80.534874,13.611238,184.589996,72.647758
2011-08-23,1162.349976,89.431519,3084.370117,11.174239,81.808418,13.767284,177.669998,71.645714
2011-08-24,1177.599976,90.691093,3139.550049,11.251406,82.857269,13.810973,171.649994,69.608833
2011-08-25,1159.27002,89.308571,3119.0,11.177829,83.868607,13.623725,172.360001,70.362007
2011-08-26,1176.800049,90.606575,3087.639893,11.472734,82.894714,13.523859,177.470001,71.056267
2011-08-29,1210.079956,93.210266,3154.199951,11.663857,84.767639,13.823459,173.889999,70.073784
2011-08-30,1212.920044,93.456055,3159.73999,11.664458,85.741501,13.827622,179.100006,71.20034
2011-08-31,1218.890015,93.870804,3256.76001,11.510122,88.363594,14.129309,177.720001,70.099991
2011-09-01,1204.420044,92.887711,3265.830078,11.396469,89.187675,14.150116,177.869995,71.585976
2011-09-02,1173.969971,90.514435,3148.530029,11.187698,85.516769,13.952457,183.240005,73.911537
2011-09-06,1165.23999,89.853928,2965.639893,11.357882,81.845879,13.1972,182.899994,74.680153
2011-09-07,1198.619995,92.388474,3073.179932,11.483209,85.778969,13.575869,177.080002,73.254585
2011-09-08,1185.900024,91.428413,3085.830078,11.489485,86.265938,13.937892,181.809998,73.911537
2011-09-09,1154.22998,89.032089,2974.590088,11.290289,83.381653,13.64869,180.699997,74.699837
2011-09-12,1162.27002,89.608162,2854.810059,11.363866,80.984344,13.403177,176.669998,74.778709
2011-09-13,1172.869995,90.429955,2894.929932,11.503843,81.284019,13.369898,178.539993,73.714478
2011-09-14,1188.680054,91.681892,2949.139893,11.643819,83.531494,13.582117,177.210007,74.338531
2011-09-15,1209.109985,93.264069,3045.620117,11.753289,86.340858,13.991991,174.399994,73.202042
2011-09-16,1216.01001,93.81604,3031.080078,11.978806,87.352211,13.700709,176.029999,73.734138
2011-09-19,1204.089966,92.881905,2940.0,12.311699,83.456573,13.616014,173.309998,75.139977
2011-09-20,1202.089966,92.773857,2984.050049,12.366138,86.490677,13.80233,175.779999,75.455315
2011-09-21,1166.76001,90.040855,2935.820068,12.326957,85.292,13.637185,173.589996,77.951721
2011-09-22,1129.560059,87.130348,2781.679932,12.018285,80.085365,12.862278,169.050003,80.881615
2011-09-23,1136.430054,87.655312,2810.110107,12.092463,78.999077,13.063413,159.800003,79.37719
2011-09-26,1162.949951,89.739769,2859.340088,12.058667,78.549576,13.260319,157.580002,78.102753
2011-09-27,1175.380005,90.743416,3023.379883,11.941721,81.73349,13.906079,160.630005,76.907158
2011-09-28,1151.060059,88.890556,2995.620117,11.874426,81.508759,13.942077,156.220001,76.880898
2011-09-29,1160.400024,89.593071,3027.649902,11.681805,77.313461,13.959009,157.699997,77.412964
2011-09-30,1131.420044,87.354233,2981.959961,11.405138,74.653938,14.073345,158.059998,79.357513
2011-10-03,1099.22998,84.868294,2926.830078,11.204146,73.447777,13.781158,160.960007,81.541466
2011-10-04,1123.949951,86.728874,2850.550049,11.141335,73.260475,13.668946,157.639999,80.507423
2011-10-05,1144.030029,88.334702,2973.899902,11.313318,76.377014,14.079692,159.460007,79.927864
2011-10-06,1164.969971,89.932762,3075.370117,11.286994,78.849228,14.54337,160.490005,78.45256
2011-10-07,1155.459961,89.330597,3095.560059,11.06058,80.385017,14.958346,159.179993,77.873047
2011-10-10,1194.890015,92.318329,3161.469971,11.629163,82.482658,15.203947,163.270004,76.773178
2011-10-11,1195.540039,92.410942,3153.52002,11.972525,82.857269,15.123499,162.100006,76.516312
2011-10-12,1207.25,93.221581,3229.76001,12.029353,85.554222,15.48131,163.259995,75.403229
2011-10-13,1203.660034,93.036293,3186.939941,12.215995,85.029831,15.422029,162.300003,76.154068
2011-10-14,1224.579956,94.626663,3217.889893,12.621863,85.704079,15.760786,163.399994,75.047684
2011-10-17,1200.859985,92.820145,3166.060059,12.561746,85.067276,15.690917,162.619995,76.345078
2011-10-18,1225.380005,94.634369,3141.100098,12.629043,85.404396,15.695149,161.839996,75.870903
2011-10-19,1209.880005,93.514938,3157.340088,11.922578,84.655235,15.883579,159.869995,75.844543
2011-10-20,1215.390015,93.924141,3084.070068,11.823575,84.018433,15.828539,157.770004,75.304482
2011-10-21,1238.25,95.707504,3171.340088,11.750595,86.453232,16.091074,159.520004,74.507591
2011-10-24,1254.189941,96.880966,3220.459961,12.136433,88.288673,16.063555,161.020004,74.632683
2011-10-25,1229.050049,94.997223,3174.290039,11.897158,87.951553,15.978869,165.589996,76.529465
2011-10-26,1242.0,95.962265,3169.620117,11.981801,88.700722,16.004263,167.399994,75.192497
2011-10-27,1284.589966,99.305115,3368.620117,12.104129,93.270592,16.56534,169.550003,72.643723
2011-10-28,1285.089966,99.28196,3348.629883,12.111905,91.997032,16.249868,169.619995,73.4077
2011-10-31,1253.300049,96.88871,3242.840088,12.106826,90.086655,16.012741,167.339996,76.31868
2011-11-01,1218.280029,94.186607,3068.330078,11.859471,86.041168,15.527891,167.380005,78.873413
2011-11-02,1237.900024,95.722946,3110.590088,11.886386,88.438522,15.701506,169.059998,77.889603
2011-11-03,1261.150024,97.467697,3195.469971,12.055675,88.475967,15.908995,171.720001,76.819878
2011-11-04,1253.22998,96.873245,3123.550049,11.971029,86.453232,15.682446,170.850006,76.912346
2011-11-07,1261.119995,97.475441,3103.600098,11.955778,85.629158,15.64645,174.979996,77.400993
2011-11-08,1275.920044,98.726097,3143.300049,12.150188,86.865265,15.906876,173.529999,76.410477
2011-11-09,1229.099976,95.082153,3075.159912,11.822679,85.853882,15.760786,172.070007,77.995209
2011-11-10,1239.699951,95.977676,3064.840088,11.521786,85.816437,15.669744,171.139999,76.833122
2011-11-11,1263.849976,97.784256,3149.379883,11.503843,87.651886,15.938639,173.960007,76.364273
2011-11-14,1251.780029,96.857826,3108.949951,11.343527,87.464592,15.921697,173.199997,77.592445
2011-11-15,1257.810059,97.336464,3049.129883,11.62976,85.404396,15.739605,173.360001,77.486786
2011-11-16,1236.910034,95.792419,3064.899902,11.508332,85.741501,15.966156,171.509995,78.193321
2011-11-17,1216.130005,94.271545,3010.290039,11.288194,84.767639,15.849709,167.100006,78.820587
2011-11-18,1215.650024,94.171219,2997.01001,11.214314,84.205734,15.714202,167.619995,78.800819
2011-11-21,1192.97998,92.380096,2894.939941,11.036953,81.021805,15.252639,163.5,79.26963
2011-11-22,1188.040039,92.017227,2870.679932,11.261274,81.471306,15.172197,165.309998,80.154427
2011-11-23,1161.790039,89.986816,2822.429932,10.976536,79.860619,14.956234,164.830002,80.940208
2011-11-25,1158.670044,89.816948,2856.969971,10.874244,80.984344,15.112905,163.399994,79.764862
2011-11-28,1192.550049,92.418709,3012.929932,11.249608,84.130821,15.67186,166.630005,79.725235
2011-11-29,1195.189941,92.681168,3026.76001,11.162272,84.508102,15.777719,166.880005,79.071548
2011-11-30,1246.959961,96.494965,3154.620117,11.431462,87.978958,16.232935,170.130005,77.836761
2011-12-01,1244.579956,96.479538,3129.949951,11.602842,87.526237,16.22023,169.630005,77.446228
2011-12-02,1244.280029,96.3946,3164.949951,11.655784,87.714851,16.349384,169.820007,78.531792
2011-12-05,1257.079956,97.444565,3201.280029,11.754784,86.884872,16.415016,167.320007,78.372925
2011-12-06,1258.469971,97.475441,3179.629883,11.693168,87.035789,16.366316,168.179993,77.624954
2011-12-07,1261.01001,97.838287,3175.97998,11.63754,86.507622,16.436192,169.399994,77.902954
2011-12-08,1234.349976,95.692062,3095.48999,11.684496,84.394913,16.050846,165.979996,78.876015
2011-12-09,1255.189941,97.313263,3172.350098,11.773026,86.356682,16.453129,166.399994,77.25425
2011-12-12,1236.469971,95.892792,3089.590088,11.719792,84.017639,16.112249,161.990005,78.114746
2011-12-13,1225.72998,94.997223,3078.719971,11.629163,82.999023,16.302799,158.449997,78.842926
2011-12-14,1211.819946,93.98587,2976.169922,11.37134,79.905426,15.906876,152.889999,80.332268
2011-12-15,1215.75,94.325592,2998.72998,11.333953,79.52816,15.915345,152.330002,80.034409
2011-12-16,1219.660034,94.465424,2972.300049,11.396165,78.547256,15.606225,155.229996,80.96769
2011-12-19,1205.349976,93.455429,2974.199951,11.431762,78.849075,15.709452,154.869995,81.993683
2011-12-20,1241.300049,96.283417,3055.389893,11.842717,79.754524,15.92665,156.979996,79.948296
2011-12-21,1243.719971,96.469887,3030.469971,11.857673,79.679062,16.102983,157.160004,78.836273
2011-12-22,1254.0,97.324486,3071.800049,11.920481,80.471313,16.270735,156.039993,79.167274
2011-12-23,1265.329956,98.194626,3102.090088,12.063451,81.791763,16.616957,156.309998,78.286819
2011-12-27,1265.430054,98.272278,3103.110107,12.15916,81.41449,16.705137,154.910004,78.658722
2011-12-28,1249.640015,96.982658,3071.080078,12.042811,80.735397,16.528801,151.029999,80.113068
2011-12-29,1263.02002,97.984871,3127.560059,12.116989,81.678574,16.883631,150.339996,80.259163
2011-12-30,1257.599976,97.503181,3159.810059,12.113403,82.54631,16.989002,151.990005,80.518127
2012-01-03,1277.060059,99.057037,3245.399902,12.299733,84.621284,17.395445,155.919998,79.309494
2012-01-04,1277.300049,99.212402,3193.649902,12.365837,83.678101,17.262119,156.710007,78.366554
2012-01-05,1281.060059,99.476547,3144.909912,12.503123,82.961296,17.143839,157.779999,78.227127
2012-01-06,1277.810059,99.220177,3137.360107,12.633832,82.169037,17.199751,157.199997,78.844688
2012-01-09,1280.699951,99.461029,3127.689941,12.613791,83.036758,17.186848,156.5,78.705269
2012-01-10,1292.079956,100.323387,3210.790039,12.658951,86.922607,17.393299,158.639999,78.572426
2012-01-11,1292.47998,100.377785,3204.830078,12.638314,85.715355,17.150286,159.669998,79.595116
2012-01-12,1295.5,100.618614,3199.97998,12.60362,86.243538,16.795458,160.380005,79.482224
2012-01-13,1289.089966,100.098053,3196.48999,12.556359,85.866264,16.780403,159.259995,80.27243
2012-01-17,1293.670044,100.486534,3269.98999,12.702621,88.431679,17.311577,160.5,80.644325
2012-01-18,1308.040039,101.597511,3264.929932,12.834522,89.073029,17.238459,161.600006,79.668144
2012-01-19,1314.5,102.133629,3328.939941,12.793845,90.69529,17.393299,161.220001,78.572426
2012-01-20,1315.380005,102.514275,3321.5,12.571015,90.959381,17.139536,162.070007,77.682579
2012-01-23,1316.0,102.25013,3338.419922,12.783673,90.959381,17.20405,163.160004,77.191154
2012-01-24,1314.650024,102.133629,3322.649902,12.574306,90.846199,17.384691,162.009995,77.330635
2012-01-25,1326.060059,102.988213,3312.47998,13.359438,91.336662,17.345993,166.419998,77.144722
2012-01-26,1318.430054,102.459923,3363.22998,13.29872,93.185265,17.457817,167.270004,78.167366
2012-01-27,1316.329956,102.413307,3318.76001,13.377982,92.468452,17.240614,168.970001,78.413033
2012-01-30,1313.01001,102.063667,3265.639893,13.549361,91.298904,17.122334,168.029999,79.336136
2012-01-31,1312.410034,102.024773,3298.550049,13.653153,93.260719,17.378242,169.309998,80.252502
2012-02-01,1324.089966,102.918259,3367.459961,13.644477,95.675232,17.483614,169.559998,79.333267
2012-02-02,1325.540039,103.081429,3376.659912,13.612475,95.373405,17.586838,171.050003,79.29995
2012-02-03,1344.900024,104.526505,3427.919922,13.748859,97.561592,17.634157,167.639999,77.595886
2012-02-06,1344.329956,104.456558,3405.27002,13.87717,97.071114,17.593294,167.179993,78.36808
2012-02-07,1347.050049,104.720749,3411.540039,14.022535,94.543419,17.606201,169.699997,77.396156
2012-02-08,1349.959961,105.03154,3410.0,14.257327,93.336182,17.57609,168.5,77.456093
2012-02-09,1351.949951,105.163589,3424.709961,14.750529,93.449348,17.696518,168.020004,76.876923
2012-02-10,1342.640015,104.386688,3373.139893,14.758012,93.298447,17.453516,167.139999,77.875458
2012-02-13,1351.77002,105.163589,3384.550049,15.032581,93.864342,17.651358,167.509995,77.975311
2012-02-14,1350.5,105.03154,3375.639893,15.237757,94.354805,17.677162,167.119995,78.388023
2012-02-15,1343.22998,104.542053,3390.350098,14.885129,95.411148,17.644909,168.110001,78.248253
2012-02-16,1358.040039,105.699654,3393.25,15.020915,94.392517,17.754585,168.0,77.622437
2012-02-17,1361.22998,105.979332,3439.620117,15.01823,94.543419,17.92663,167.350006,77.602516
2012-02-21,1362.209961,106.025978,3465.23999,15.39898,96.278862,17.978237,171.020004,76.743858
2012-02-22,1357.660034,105.684151,3447.370117,15.344838,95.147057,17.997593,172.940002,77.709068
2012-02-23,1363.459961,106.150276,3447.310059,15.445031,96.203415,17.982536,173.020004,77.709068
2012-02-24,1365.73999,106.383347,3467.030029,15.625089,95.335693,18.092211,172.229996,78.214912
2012-02-27,1367.589966,106.562065,3441.449951,15.725287,94.090706,18.051353,171.699997,78.907242
2012-02-28,1372.180054,106.872818,3453.98999,16.013916,95.486588,18.036299,173.490005,78.647621
2012-02-29,1365.680054,106.45327,3452.449951,16.224176,95.297974,18.059958,164.289993,78.168365
2012-03-01,1374.089966,107.00486,3499.72998,16.284897,97.184303,18.313715,166.610001,77.432426
2012-03-02,1369.630005,106.678574,3501.169922,16.306126,97.448395,18.2621,166.339996,78.159698
2012-03-05,1364.329956,106.243484,3487.540039,15.946622,97.033401,18.21479,165.649994,77.5392
2012-03-06,1343.359985,104.68969,3362.560059,15.859882,94.015266,17.896517,162.699997,78.479904
2012-03-07,1352.630005,105.419975,3392.330078,15.872736,95.033875,17.844906,163.630005,77.999573
2012-03-08,1365.910034,106.468758,3478.360107,16.210724,98.089737,18.092211,165.279999,77.218925
2012-03-09,1370.869995,106.880608,3487.47998,16.30584,97.863396,18.156733,166.380005,77.372406
2012-03-12,1371.089966,106.888321,3490.060059,16.510113,99.938347,18.090059,165.070007,77.359055
2012-03-13,1395.949951,108.815079,3550.159912,16.991661,101.560608,18.345972,162.300003,75.998016
2012-03-14,1394.280029,108.698524,3564.51001,17.634115,100.806084,18.365328,159.570007,74.083206
2012-03-15,1402.599976,109.327873,3580.209961,17.513889,101.86245,18.266397,161.080002,74.196648
2012-03-16,1404.170044,109.479256,3594.830078,17.514181,102.164223,18.29221,161.300003,74.343399
2012-03-19,1409.75,109.908417,3577.879883,17.978676,101.63607,18.453512,161.589996,73.456062
2012-03-20,1405.52002,109.588493,3530.830078,18.124039,99.221558,18.167963,160.130005,73.749603
2012-03-21,1402.890015,109.408997,3527.370117,18.020554,99.712006,18.133089,160.210007,74.583595
2012-03-22,1392.780029,108.620934,3472.459961,17.926037,97.222031,17.899858,159.570007,74.823814
2012-03-23,1397.109985,108.972008,3476.179932,17.827633,96.844765,17.760357,161.529999,75.531006
2012-03-26,1416.51001,110.501472,3501.97998,18.154543,97.863396,17.875883,164.399994,75.144089
2012-03-27,1412.52002,110.158142,3469.590088,18.378872,98.316132,16.809999,163.240005,75.684448
2012-03-28,1405.540039,109.61187,3430.149902,18.472786,98.052032,16.574594,161.509995,75.577698
2012-03-29,1403.280029,109.424644,3381.120117,18.240686,95.184761,16.491764,161.279999,76.144798
2012-03-30,1408.469971,109.87719,3423.810059,17.932325,97.222031,16.6705,162.119995,74.857155
2012-04-02,1419.040039,110.680923,3462.909912,18.502996,99.636566,17.056309,162.940002,75.271851
2012-04-03,1413.380005,110.228378,3406.780029,18.822727,98.089737,16.738064,159.889999,73.967499
2012-04-04,1398.959961,109.13591,3313.469971,18.67289,95.750694,16.526638,157.210007,74.984207
2012-04-05,1398.079956,109.081253,3319.810059,18.953136,97.33522,16.657417,158.309998,75.526054
2012-04-10,1358.589966,106.045837,3217.600098,18.796408,94.845245,16.188776,161.100006,78.168213
2012-04-11,1368.709961,106.90416,3237.689941,18.729412,95.977013,16.195314,161.070007,77.231758
2012-04-12,1387.569946,108.30098,3269.790039,18.626822,98.01429,16.147364,162.699997,76.910667
2012-04-13,1370.26001,107.013428,3189.090088,18.102207,95.939339,15.877081,160.850006,78.154816
2012-04-16,1369.569946,106.943192,3205.280029,17.35148,98.316132,16.12121,160.460007,78.041115
2012-04-17,1390.780029,108.527267,3292.51001,18.235901,98.467026,16.33264,160.25,77.994331
2012-04-18,1385.140015,108.160507,3240.290039,18.195229,95.222504,16.26943,159.309998,78.221741
2012-04-19,1376.920044,107.466042,3174.02002,17.570108,92.883438,15.840021,159.429993,78.295364
2012-04-20,1378.530029,107.645485,3188.580078,17.137625,94.491501,15.890158,159.539993,78.308701
2012-04-23,1366.939941,106.740326,3098.370117,17.099335,91.734863,15.502172,159.070007,78.877251
2012-04-24,1371.969971,107.146088,3169.320068,16.757767,93.610909,15.654746,159.300003,78.32209
2012-04-25,1390.689941,108.613106,3233.459961,18.244877,95.180641,15.792067,159.619995,77.920708
2012-04-26,1399.97998,109.37001,3229.320068,18.176081,95.640114,15.916316,161.029999,78.388992
2012-04-27,1403.359985,109.549492,3266.27002,18.035509,96.673813,15.911961,161.380005,78.455849
2012-04-30,1397.910034,109.1437,3212.800049,17.466633,95.83152,15.724493,161.880005,78.475952
2012-05-02,1402.310059,109.49485,3226.330078,17.526443,98.320152,15.757196,160.589996,78.618736
2012-05-03,1391.569946,108.659897,3223.360107,17.402018,99.047615,15.763739,158.970001,78.598618
2012-05-04,1369.099976,106.90416,3161.969971,16.906424,96.290947,15.482551,159.470001,79.215508
2012-05-07,1369.579956,106.982185,3214.219971,17.03294,97.630989,15.672191,159.080002,79.22892
2012-05-08,1363.719971,106.553024,3124.800049,16.994045,94.338356,15.216628,156.0,79.65139
2012-05-09,1354.579956,105.921021,3118.649902,17.023964,95.372086,15.033531,154.470001,79.704964
2012-05-10,1357.98999,106.139511,3130.169922,17.064045,93.725746,15.323427,154.770004,79.470352
2012-05-11,1353.390015,105.819527,3129.77002,16.950087,94.453201,15.31689,153.559998,80.127419
2012-05-14,1338.349976,104.649063,3057.98999,16.696154,92.692032,15.026985,151.330002,81.247177
2012-05-15,1330.660034,104.04818,3039.27002,16.545109,93.687462,14.981214,149.740005,81.57576
2012-05-16,1324.800049,103.650238,3048.669922,16.333044,94.185196,15.223163,149.460007,81.810387
2012-05-17,1304.859985,102.112991,3011.98999,15.855698,93.610909,15.079303,152.800003,83.258789
2012-05-18,1295.219971,101.239052,3008.0,15.863471,91.696564,15.10546,154.550003,83.278831
2012-05-21,1315.98999,102.979156,3027.149902,16.787678,92.041115,15.077124,154.649994,83.1045
2012-05-22,1316.630005,103.158638,3084.090088,16.658766,94.568047,15.323427,152.080002,82.179184
2012-05-23,1318.859985,103.213242,3003.27002,17.065241,91.466843,15.037885,151.619995,82.749176
2012-05-24,1320.680054,103.416161,3038.25,16.908504,89.820518,15.258037,151.410004,82.434036
2012-05-25,1317.819946,103.080605,3047.939941,16.817892,90.586243,15.336504,152.679993,82.742485
2012-05-29,1332.420044,104.329102,3084.699951,17.116386,93.342896,15.345236,151.020004,82.487648
2012-05-30,1313.319946,102.815308,3015.580078,17.322763,91.04567,15.055322,151.910004,84.579674
2012-05-31,1310.329956,102.588974,3017.01001,17.279692,91.428543,15.155585,151.619995,85.558632
2012-06-01,1278.040039,100.006142,2950.469971,16.779013,86.259857,14.822095,157.5,87.589859
2012-06-04,1278.180054,99.959312,2954.48999,16.87771,85.532417,14.804654,157.320007,86.897743
2012-06-05,1285.5,100.716202,2986.100098,16.834038,86.910736,14.961599,157.139999,85.735336
2012-06-06,1315.130005,102.979156,3058.439941,17.092159,90.547981,15.170856,157.210007,84.022011
2012-06-07,1314.98999,103.041595,3071.159912,17.099937,92.653717,15.157772,154.5,84.149658
2012-06-08,1325.660034,103.860931,3051.689941,17.357153,91.390266,15.081485,154.729996,84.129532
2012-06-11,1308.930054,102.542175,3042.76001,17.083483,92.07943,15.125081,155.360001,84.512466
2012-06-12,1324.180054,103.720467,3046.909912,17.232731,91.35199,15.181752,156.460007,83.739754
2012-06-13,1314.880005,103.05719,3030.040039,17.113102,90.815971,15.17739,157.119995,84.566238
2012-06-14,1329.099976,104.149658,3032.449951,17.094246,90.011963,15.203547,157.75,84.458763
2012-06-15,1342.839966,105.214813,3087.620117,17.172014,90.547981,15.445492,157.839996,84.929085
2012-06-18,1344.780029,105.418724,3066.189941,17.520468,90.624535,15.416691,157.929993,85.385979
2012-06-19,1357.97998,106.438446,3117.919922,17.569221,93.036583,15.640446,157.160004,84.270615
2012-06-20,1355.689941,106.265877,3126.52002,17.51927,91.581703,15.598355,155.970001,84.687164
2012-06-21,1325.51001,103.881378,3114.219971,17.277899,91.581703,15.434413,152.020004,85.13739
2012-06-22,1335.02002,104.681442,3090.899902,17.410395,89.361084,15.246108,152.639999,84.001816
2012-06-25,1313.719971,103.002869,3021.639893,17.071514,87.370155,14.991343,153.759995,85.224693
2012-06-26,1319.98999,103.520599,3012.709961,17.109207,88.059334,14.900518,152.619995,84.888733
2012-06-27,1331.849976,104.453995,3063.120117,17.183084,89.016487,15.153069,152.830002,85.023125
2012-06-28,1329.040039,104.155922,3051.679932,17.020069,87.753036,15.082178,151.050003,85.231453
2012-06-29,1362.160034,106.752205,3196.649902,17.467224,91.773148,15.729056,155.190002,84.122772
2012-07-02,1365.51001,107.073723,3240.199951,17.722054,92.653717,15.943954,155.089996,84.990715
2012-07-03,1374.02002,107.779701,3271.199951,17.928135,93.878899,16.418039,157.460007,84.337578
2012-07-05,1367.579956,107.293411,3229.360107,18.243078,94.414917,16.178782,155.679993,84.768524
2012-07-06,1354.680054,106.273712,3168.790039,18.121651,92.462311,15.977177,153.710007,85.556358
2012-07-09,1352.459961,106.140396,3156.800049,18.361219,90.89254,15.924008,154.039993,86.310509
2012-07-10,1341.469971,105.214813,3175.409912,18.191339,92.232567,15.932878,152.149994,86.485542
2012-07-11,1341.449951,105.230492,3157.25,18.078272,89.3228,15.968321,152.990005,86.5933
2012-07-12,1334.76001,104.720718,3135.179932,17.91288,87.906181,15.78666,152.589996,87.20607
2012-07-13,1356.780029,106.477631,3180.810059,18.094433,91.007401,15.966107,154.139999,86.977135
2012-07-16,1353.640015,106.226646,3179.899902,18.152452,90.586243,15.955025,154.210007,87.381096
2012-07-17,1363.670044,106.956108,3176.969971,18.153349,90.509674,15.890783,153.470001,86.694305
2012-07-18,1372.780029,107.748306,3235.399902,18.133009,92.270859,16.189859,153.050003,86.741455
2012-07-19,1376.51001,108.030678,3263.639893,18.374088,94.449379,16.245239,153.380005,86.519264
2012-07-20,1362.660034,107.042412,3193.889893,18.074389,92.653717,15.974969,153.669998,87.576424
2012-07-23,1350.52002,105.959953,3101.530029,18.060329,90.89254,15.680323,153.029999,88.067986
2012-07-24,1338.310059,105.050102,3074.679932,17.973291,91.122261,15.432202,153.520004,88.76149
2012-07-25,1337.890015,105.073647,3081.73999,17.19714,92.30912,15.432202,155.669998,88.990463
2012-07-26,1360.02002,106.807076,3207.120117,17.194443,95.640114,16.003763,156.770004,88.17569
2012-07-27,1385.969971,108.775864,3280.189941,17.501921,95.257225,16.548742,157.539993,86.51255
2012-07-30,1385.300049,108.775864,3320.709961,17.797132,95.295502,16.59305,157.429993,87.158936
2012-07-31,1379.319946,108.015007,3291.659912,18.267605,93.84063,16.661728,156.490005,87.334007
2012-08-01,1375.319946,107.920883,3321.560059,18.149467,94.491501,16.834522,155.139999,86.8974
2012-08-02,1365.0,107.175728,3232.459961,18.178772,93.113167,16.544319,154.130005,87.390038
2012-08-03,1390.98999,109.301361,3374.189941,18.415367,98.167,17.246582,155.550003,85.979706
2012-08-06,1394.22998,109.513123,3401.560059,18.620239,99.698486,17.235514,156.300003,86.013512
2012-08-07,1401.349976,110.062187,3453.280029,18.571188,101.268227,17.61433,156.279999,84.906837
2012-08-08,1402.219971,110.195541,3438.26001,18.539778,99.966484,17.676359,156.479996,84.454735
2012-08-09,1402.800049,110.289627,3456.709961,18.645519,102.723122,17.722881,156.990005,84.39402
2012-08-10,1405.869995,110.470039,3435.620117,18.674652,103.106003,17.705158,157.179993,84.819115
2012-08-13,1404.109985,110.415138,3426.409912,18.923971,102.914574,17.61433,155.990005,84.677376
2012-08-14,1403.930054,110.430855,3450.27002,18.974737,102.799698,17.722881,155.130005,83.530289
2012-08-15,1405.530029,110.556328,3449.199951,18.948902,101.842537,17.736181,155.630005,82.356163
2012-08-16,1415.51001,111.372047,3480.48999,19.11441,101.842537,17.833651,156.559998,81.654472
2012-08-17,1418.160034,111.521126,3488.379883,19.467955,102.148827,17.891253,156.720001,82.052528
2012-08-20,1418.130005,111.528999,3480.580078,19.979807,102.340248,17.922266,157.259995,82.22123
2012-08-21,1413.170044,111.191681,3513.280029,19.706762,102.608253,17.922266,158.830002,82.585609
2012-08-22,1413.48999,111.238754,3461.649902,20.091545,101.651093,17.63649,160.539993,83.948654
2012-08-23,1402.079956,110.328903,3432.560059,19.904119,100.617332,17.448183,161.889999,84.299561
2012-08-24,1411.130005,110.99559,3433.209961,19.921831,101.000229,17.450401,161.970001,84.218605
2012-08-27,1410.439941,111.019135,3462.830078,20.29611,102.225395,17.545654,161.360001,84.711143
2012-08-28,1409.300049,110.909302,3431.550049,20.269678,101.383095,17.386148,161.639999,84.913582
2012-08-29,1410.48999,110.99559,3413.889893,20.229723,101.07679,17.468117,160.589996,84.542503
2012-08-30,1399.47998,110.195541,3379.110107,19.941359,98.932739,17.355139,160.520004,84.981041
2012-08-31,1406.579956,110.721085,3413.070068,19.98251,99.392174,17.592182,164.220001,86.182144
2012-09-04,1404.939941,110.619072,3399.040039,20.274773,97.860733,17.4659,164.479996,86.095604
2012-09-05,1403.439941,110.524994,3405.790039,20.132401,98.052155,17.379505,164.309998,85.689865
2012-09-06,1432.119995,112.76825,3509.879883,20.313818,101.306534,17.944418,164.889999,84.263107
2012-09-07,1437.920044,113.207458,3519.050049,20.439087,101.727669,17.964361,168.440002,83.870903
2012-09-10,1429.079956,112.564293,3506.050049,19.90741,101.268227,17.922266,167.289993,84.07373
2012-09-11,1433.560059,112.878067,3537.300049,19.842833,97.860733,18.252361,167.899994,83.546341
2012-09-12,1436.560059,113.254578,3543.790039,20.119179,95.908096,18.188105,167.919998,82.504936
2012-09-13,1459.98999,114.980171,3502.090088,20.515387,94.414917,18.117214,171.309998,82.180321
2012-09-14,1465.77002,115.490005,3581.580078,20.764706,97.094986,18.538139,171.800003,79.99614
2012-09-17,1461.189941,115.097839,3553.689941,21.020029,95.410385,18.352049,170.399994,80.956398
2012-09-18,1459.319946,115.003693,3512.689941,21.084003,95.218941,18.165955,171.720001,81.362152
2012-09-19,1461.050049,115.066383,3531.820068,21.089708,95.984665,18.374205,171.740005,81.8964
2012-09-20,1460.26001,115.074265,3509.919922,20.987579,94.950935,18.081774,171.470001,82.099205
2012-09-21,1460.150024,115.026199,3530.719971,21.029337,93.84063,18.077339,171.960007,82.193871
2012-09-24,1456.890015,114.852699,3497.219971,20.749985,94.070343,18.221138,171.050003,82.836319
2012-09-25,1441.589966,113.630447,3513.810059,20.231821,94.223488,18.306513,170.770004,83.654465
2012-09-26,1433.319946,112.991707,3414.840088,19.980711,92.730301,17.798746,169.809998,84.553848
2012-09-27,1447.150024,114.056259,3439.320068,20.465521,91.505119,17.830202,172.339996,83.952003
2012-09-28,1440.670044,113.527985,3354.820068,20.038382,89.590797,17.3449,171.889999,83.999321
2012-10-01,1444.48999,113.827599,3434.97998,19.806789,92.347435,17.650471,172.289993,84.311066
2012-10-02,1445.75,113.945892,3414.22998,19.864456,92.462311,17.551601,172.100006,84.195892
2012-10-03,1450.98999,114.411095,3406.02002,20.169044,91.007401,17.405561,172.410004,84.222939
2012-10-04,1461.400024,115.231232,3401.199951,20.029375,92.117729,17.223583,173.610001,83.172646
2012-10-05,1460.930054,115.23909,3457.040039,19.602535,93.496033,17.403318,172.619995,82.095222
2012-10-08,1455.880005,114.844841,3406.530029,19.169382,92.117729,17.205606,172.050003,82.786407
2012-10-09,1441.47998,113.709328,3382.780029,19.099688,90.777679,17.250536,170.990005,82.637306
2012-10-10,1432.560059,112.983856,3365.870117,19.251686,90.662804,17.165163,170.839996,83.220108
2012-10-11,1432.839966,113.046898,3413.719971,18.866892,94.146904,17.412308,171.320007,83.796051
2012-10-12,1428.589966,112.676308,3389.080078,18.91526,94.070343,17.135952,170.059998,84.006073
2012-10-15,1440.130005,113.61467,3420.280029,19.066948,94.797775,17.299971,168.350006,83.816376
2012-10-16,1454.920044,114.765915,3500.939941,19.518423,98.205299,17.771784,169.419998,82.657677
2012-10-17,1460.910034,115.286385,3527.5,19.362827,98.703026,17.973988,169.539993,81.891914
2012-10-18,1457.339966,114.98674,3535.179932,19.003271,97.094986,17.9021,168.789993,81.390503
2012-10-19,1433.189941,113.07058,3504.560059,18.318405,96.329262,17.79425,166.970001,82.495033
2012-10-22,1433.819946,113.086327,3483.25,19.045019,95.793228,17.677425,167.580002,81.966446
2012-10-23,1413.109985,111.517128,3406.5,18.424135,93.725746,17.279749,165.429993,83.138741
2012-10-24,1408.75,111.201721,3426.48999,18.528366,94.070343,17.378599,164.860001,82.31884
2012-10-25,1412.969971,111.525002,3411.530029,18.309385,93.725746,17.268513,166.020004,81.898643
2012-10-26,1411.939941,111.461945,3435.090088,18.142982,95.716652,17.394329,165.929993,83.104874
2012-10-31,1412.160034,111.461945,3429.27002,17.882254,96.022964,17.443756,166.830002,83.592758
2012-11-01,1427.589966,112.62899,3475.399902,17.918898,98.47332,17.57633,166.070007,82.908363
2012-11-02,1414.199951,111.627487,3492.459961,17.325951,99.545311,17.722359,162.600006,82.847397
2012-11-05,1417.26001,111.856224,3448.5,17.560839,98.779602,17.452755,163.229996,83.314957
2012-11-06,1428.390015,112.731522,3478.659912,17.507666,98.817902,17.531382,166.300003,82.528862
2012-11-07,1394.530029,110.17659,3409.590088,16.837786,96.405815,17.019133,166.490005,84.026474
2012-11-08,1377.51001,108.851807,3407.679932,16.226732,96.13781,16.938242,167.990005,85.273308
2012-11-09,1379.849976,108.946426,3423.570068,16.507673,96.865273,17.075296,167.820007,85.368164
2012-11-12,1380.030029,109.03318,3411.649902,16.38003,96.597252,16.99666,167.449997,85.510498
2012-11-13,1374.530029,108.654686,3430.600098,16.382147,97.898994,17.066307,167.100006,85.795059
2012-11-14,1355.48999,107.187973,3400.02002,16.200481,96.214432,16.857361,167.139999,85.876358
2012-11-15,1353.329956,107.006599,3382.399902,15.860715,96.367538,16.819166,166.089996,85.706985
2012-11-16,1359.880005,107.534904,3341.52002,15.922872,94.721222,16.614712,165.880005,85.632454
2012-11-19,1386.890015,109.711327,3439.580078,17.071035,97.784142,17.171904,167.869995,85.151321
2012-11-20,1387.810059,109.758682,3462.060059,16.925591,98.779602,17.174149,167.389999,84.297493
2012-11-21,1391.030029,109.963638,3477.360107,16.949429,98.779602,17.174149,167.559998,84.250107
2012-11-23,1409.150024,111.461945,3528.800049,17.245163,99.966484,17.3449,169.610001,84.168709
2012-11-26,1406.290039,111.225372,3500.939941,17.789215,100.196205,17.264017,169.429993,84.568611
2012-11-27,1398.939941,110.657646,3502.129883,17.64588,100.770508,17.061815,168.710007,84.900558
2012-11-28,1409.930054,111.548668,3515.189941,17.590361,102.416832,17.187635,166.550003,84.778633
2012-11-29,1415.949951,112.06913,3568.879883,17.784079,102.841476,17.329176,167.179993,84.792213
2012-11-30,1416.180054,112.092766,3557.280029,17.660965,104.154015,17.288729,166.050003,84.561768
2012-12-03,1409.459961,111.540764,3566.590088,17.688427,105.080513,17.333673,166.130005,84.6399
2012-12-04,1407.050049,111.38308,3580.47998,17.376411,105.312141,17.311203,164.419998,85.128708
2012-12-05,1409.280029,111.580208,3590.5,16.258123,105.582359,17.331419,164.119995,85.087975
2012-12-06,1413.939941,111.958733,3601.649902,16.513098,106.779091,17.351643,164.5,85.271339
2012-12-07,1418.069946,112.297791,3605.610107,16.090952,106.663292,17.198868,165.160004,84.483696
2012-12-10,1418.550049,112.345116,3612.100098,15.98745,106.933525,17.360622,165.800003,84.85717
2012-12-11,1427.839966,113.109993,3646.149902,16.336575,108.091644,17.661697,165.649994,84.212128
2012-12-12,1428.47998,113.165176,3646.659912,16.26445,106.972122,17.821207,165.770004,83.234413
2012-12-13,1419.449951,112.471283,3643.129883,15.983522,106.354424,17.848177,164.369995,83.295509
2012-12-14,1413.579956,112.05336,3643.280029,15.383042,106.47023,17.731342,164.130005,83.920181
2012-12-17,1430.359985,113.370239,3638.100098,15.655816,105.852608,17.854509,164.440002,82.664078
2012-12-18,1446.790039,114.631912,3648.629883,16.110563,106.58606,17.815737,162.080002,81.822166
2012-12-19,1435.810059,113.780273,3664.590088,15.881533,107.551193,17.881876,161.690002,82.093742
2012-12-20,1443.689941,114.434814,3666.72998,15.743328,107.937233,17.774679,159.729996,82.107361
2012-12-21,1430.150024,113.396034,3661.399902,15.670917,108.091644,17.884169,160.330002,83.003555
2012-12-27,1418.099976,112.419205,3674.26001,15.542065,107.821411,18.025574,161.160004,83.431221
2012-12-28,1402.430054,111.204185,3620.25,15.377004,106.393059,17.749588,160.539993,83.907547
2013-01-02,1462.420044,115.992912,3733.929932,16.567114,109.751648,18.235413,163.169998,81.355804
2013-01-03,1459.369995,115.730774,3721.169922,16.358006,108.979523,18.180672,161.199997,80.253456
2013-01-04,1466.469971,116.23909,3730.02002,15.902354,109.519997,18.164711,160.440002,80.566498
2013-01-07,1461.890015,115.921417,3704.639893,15.80882,108.207451,17.861357,159.429993,80.600487
2013-01-08,1457.150024,115.587868,3705.879883,15.851358,107.628365,17.966272,160.559998,81.131256
2013-01-09,1461.02002,115.881699,3717.449951,15.603619,106.58606,18.032412,160.490005,81.056412
2013-01-10,1472.119995,116.802925,3703.120117,15.797047,105.466591,18.041538,161.979996,80.831894
2013-01-11,1472.050049,116.795021,3706.02002,15.700185,106.431679,18.011892,161.059998,81.553177
2013-01-14,1470.680054,116.715576,3708.25,15.140427,105.775383,18.068918,161.539993,81.328568
2013-01-15,1472.339966,116.795021,3697.350098,14.662752,107.319572,18.123653,162.559998,81.702843
2013-01-16,1472.630005,116.779106,3708.48999,15.271382,108.477669,18.198921,162.649994,81.873016
2013-01-17,1480.939941,117.533524,3744.110107,15.168494,109.790207,18.114525,163.350006,81.056412
2013-01-18,1485.97998,117.795639,3741.580078,15.08762,109.211136,17.932058,163.089996,81.682442
2013-01-22,1492.560059,118.430923,3741.01001,15.23156,107.551193,18.01417,163.669998,81.838913
2013-01-23,1494.810059,118.621475,3726.169922,15.510376,106.856293,17.982233,163.210007,81.716415
2013-01-24,1494.819946,118.65329,3752.169922,13.593948,107.782791,18.125937,161.419998,81.430664
2013-01-25,1502.959961,119.320396,3778.159912,13.273486,108.747894,18.166988,160.649994,80.31472
2013-01-28,1500.180054,119.177383,3780.889893,13.57373,108.168846,18.016449,160.289993,80.022102
2013-01-29,1507.839966,119.645981,3785.820068,13.82841,108.63208,18.308403,160.990005,79.579803
2013-01-30,1501.959961,119.177383,3765.52002,13.784957,107.70562,18.52964,162.190002,79.443718
2013-01-31,1498.109985,118.883575,3732.600098,13.744524,107.203758,18.214882,161.199997,79.831589
2013-02-01,1513.170044,120.106598,3773.530029,13.688096,107.975807,18.319809,161.449997,78.794998
2013-02-04,1495.709961,118.756523,3659.909912,13.347112,103.459145,17.790651,162.0,79.804337
2013-02-05,1511.290039,119.955704,3694.699951,13.815435,104.231216,17.995924,161.960007,79.095108
2013-02-06,1512.119995,120.043053,3642.899902,13.80065,101.914978,17.74275,162.389999,79.742943
2013-02-07,1509.390015,119.884209,3601.050049,14.210997,100.94986,17.519224,161.839996,79.565598
2013-02-08,1517.930054,120.551285,3649.5,14.416165,102.764275,17.50782,161.570007,79.872536
2013-02-11,1517.01001,120.527435,3650.580078,14.566408,101.413132,17.407465,159.699997,79.811157
2013-02-12,1519.430054,120.726013,3686.580078,14.201288,102.68705,17.498692,159.889999,79.613342
2013-02-13,1520.329956,120.829262,3698.530029,14.174271,103.111702,17.564848,159.050003,78.965462
2013-02-14,1521.380005,120.940392,3669.600098,14.161525,101.876343,17.213596,158.350006,79.68158
2013-02-15,1519.790039,120.797462,3660.370117,13.966365,102.68705,17.01516,155.759995,79.449692
2013-02-19,1530.939941,121.702843,3735.820068,13.961202,103.30471,17.471327,155.330002,79.054115
2013-02-20,1511.949951,120.185997,3709.879883,13.623095,102.301018,17.313951,151.440002,79.292786
2013-02-21,1502.420044,119.45536,3624.800049,13.538414,100.795464,16.983225,152.619995,79.756554
2013-02-22,1515.599976,120.622765,3706.280029,13.682584,102.262421,17.361847,152.970001,79.811157
2013-02-25,1487.849976,118.327675,3721.330078,13.439469,103.150314,17.521502,154.339996,81.379715
2013-02-26,1496.939941,119.137688,3621.919922,13.626736,100.94986,16.967258,156.220001,80.909103
2013-02-27,1515.98999,120.638634,3691.48999,13.493188,101.451698,17.336758,154.570007,80.67038
2013-02-28,1514.680054,120.400444,3723.0,13.396979,101.837776,17.46904,153.0,80.820457
2013-03-01,1518.199951,120.797462,3699.909912,13.065241,101.451698,17.47817,152.440002,81.260559
2013-03-04,1525.199951,121.440727,3709.76001,12.748982,101.451698,17.412025,152.300003,80.830032
2013-03-05,1539.790039,122.528687,3787.189941,13.085575,103.30471,17.790651,152.380005,80.597656
2013-03-06,1541.459961,122.695465,3773.76001,12.919253,103.652161,17.824863,153.229996,79.866386
2013-03-07,1544.26001,122.917831,3793.780029,13.06858,104.0382,17.86364,152.690002,79.251289
2013-03-08,1551.180054,123.441994,3840.149902,13.103179,105.54377,17.877312,152.710007,78.424355
2013-03-11,1556.219971,123.910515,3836.27002,13.28984,105.080513,17.93434,152.990005,78.499489
2013-03-12,1552.47998,123.63253,3839.969971,13.003325,104.964699,17.9503,154.190002,79.066719
2013-03-13,1554.52002,123.807281,3836.040039,13.000896,105.041916,17.886442,153.660004,78.984734
2013-03-14,1563.22998,124.4664,3871.580078,13.126854,104.694496,18.04838,153.679993,78.745537
2013-03-15,1560.699951,124.302071,3844.030029,13.46557,103.613556,17.865917,154.0,79.114563
2013-03-18,1552.099976,123.616135,3825.469971,13.831605,103.768005,17.935381,155.380005,79.716011
2013-03-19,1548.339966,123.328926,3775.75,13.794272,101.992195,17.782547,156.080002,80.255959
2013-03-20,1558.709961,124.190437,3829.560059,13.721128,102.918678,17.937698,155.369995,79.360641
2013-03-21,1545.800049,123.129524,3774.850098,13.740855,100.872658,17.715395,156.25,80.12606
2013-03-22,1556.890015,124.118599,3770.290039,14.019482,101.027092,17.645924,155.550003,80.187607
2013-03-25,1551.689941,123.600151,3727.97998,14.070166,100.100586,17.506968,155.240005,80.112366
2013-03-26,1563.77002,124.589294,3748.639893,13.99611,101.374535,17.460661,154.720001,80.208092
2013-03-27,1562.849976,124.589294,3711.639893,13.721128,102.455414,17.34024,155.360001,80.891533
2013-03-28,1569.189941,124.972176,3731.419922,13.435224,103.381912,17.300879,154.449997,80.481422
2013-04-02,1570.25,125.091797,3805.370117,13.044601,105.54377,17.692236,152.429993,80.758865
2013-04-03,1553.689941,123.823502,3754.959961,13.111374,104.694496,17.370346,150.729996,81.484856
2013-04-04,1559.97998,124.325996,3726.159912,12.981775,103.768005,17.284668,150.289993,82.457466
2013-04-05,1553.280029,123.76767,3663.47998,12.844591,100.293564,17.018356,152.809998,84.121819
2013-04-08,1563.069946,124.605232,3666.780029,12.935949,101.721954,17.020668,152.160004,83.477982
2013-04-09,1568.609985,125.035995,3670.719971,12.959313,100.216385,17.187401,153.339996,83.27243
2013-04-10,1587.72998,126.567535,3743.709961,13.223675,101.914978,17.349503,150.75,82.128716
2013-04-11,1593.369995,126.982262,3775.659912,13.182396,102.68705,17.370346,151.050003,82.286232
2013-04-12,1588.849976,126.671219,3729.300049,13.044905,101.027092,17.224453,143.949997,83.512238
2013-04-15,1552.359985,123.735786,3710.47998,12.742916,101.335922,16.928045,131.309998,84.238235
2013-04-16,1574.569946,125.562431,3685.790039,12.936859,97.475487,16.758993,132.800003,83.546501
2013-04-17,1552.01001,123.727776,3599.22998,12.225427,94.001129,16.325947,132.869995,84.101295
2013-04-18,1541.609985,122.954033,3599.360107,11.899151,93.267647,16.339846,134.300003,84.306755
2013-04-19,1555.25,124.022919,3651.959961,11.853016,95.197853,16.46026,135.470001,84.128609
2013-04-22,1562.5,124.573288,3652.129883,12.100078,95.472069,16.576052,137.899994,84.190346
2013-04-23,1578.780029,125.857658,3783.050049,12.326493,98.018524,17.110983,136.880005,83.895775
2013-04-24,1578.790039,125.937317,3842.939941,12.306162,100.447441,17.490768,138.369995,84.108109
2013-04-25,1585.160034,126.447853,3840.469971,12.394785,101.74025,17.645924,141.630005,83.745102
2013-04-26,1582.23999,126.224525,3810.050049,12.662483,101.19178,17.391191,140.910004,84.512215
2013-04-29,1593.609985,127.070068,3868.679932,13.054622,102.954689,17.657503,142.300003,84.20401
2013-04-30,1597.569946,127.373161,3856.75,13.438866,103.033058,17.724659,142.770004,84.251938
2013-05-02,1597.589966,127.428925,3858.76001,13.522024,103.424828,17.553291,141.919998,85.007622
2013-05-03,1614.420044,128.721176,3912.949951,13.657393,105.932076,17.801077,142.089996,83.003426
2013-05-06,1617.5,129.048264,3907.040039,13.98306,105.031036,17.812647,142.149994,82.797508
2013-05-07,1625.959961,129.702393,3921.320068,13.920839,104.560936,17.842758,140.380005,82.474899
2013-05-08,1632.689941,130.292618,3956.280029,14.078057,104.600105,17.935381,142.460007,82.605309
2013-05-09,1626.670044,129.925751,3928.580078,13.955241,104.835144,17.951591,140.809998,82.39254
2013-05-10,1633.699951,130.348495,3953.830078,13.839141,105.266106,17.993284,139.600006,81.507164
2013-05-13,1633.77002,130.452179,3945.199951,13.89322,104.325882,17.974756,138.429993,80.8825
2013-05-14,1650.339966,131.800278,3966.060059,13.560812,106.363022,18.05118,137.809998,80.004005
2013-05-15,1658.780029,132.510223,3982.22998,13.102223,108.047585,18.016443,134.630005,80.53933
2013-05-16,1650.469971,131.888,3979.070068,13.277288,110.006409,17.85433,134.089996,81.376732
2013-05-17,1667.469971,133.164307,4001.27002,13.236958,110.985794,18.062754,131.070007,80.347168
2013-05-20,1666.290039,133.156326,4022.850098,13.532401,111.49511,18.217903,135.119995,80.251015
2013-05-21,1669.160034,133.347733,4036.179932,13.432495,112.200249,18.375374,132.880005,80.8825
2013-05-22,1655.349976,132.358643,4051.110107,13.484128,111.103325,18.375374,131.940002,79.681351
2013-05-23,1650.51001,131.975723,3967.149902,13.508265,107.655853,18.227175,134.610001,80.058899
2013-05-24,1649.599976,131.86409,3956.790039,13.600225,107.734177,18.282745,133.759995,80.168709
2013-05-28,1660.060059,132.653763,4050.560059,13.486879,109.967239,18.558319,133.490005,78.137039
2013-05-29,1648.359985,131.792267,3974.120117,13.594115,107.420799,18.248013,134.830002,79.015625
2013-05-30,1654.410034,132.27887,3996.310059,13.796676,108.400215,18.245695,136.699997,78.823418
2013-05-31,1630.73999,130.380417,3948.590088,13.740152,107.068214,17.870546,133.919998,78.555763
2013-06-03,1640.420044,131.098328,3920.669922,13.770402,106.167145,17.905281,136.509995,78.97197
2013-06-04,1631.380005,130.468155,3925.830078,13.727324,105.422813,17.923807,135.229996,78.242653
2013-06-05,1608.900024,128.641434,3852.439941,13.599005,102.641304,17.599604,135.520004,79.322868
2013-06-06,1622.560059,129.806015,3814.280029,13.395833,102.484612,17.337929,136.529999,79.274696
2013-06-07,1643.380005,131.457245,3872.590088,13.498178,103.93412,17.553291,133.279999,77.857399
2013-06-10,1642.810059,131.457245,3864.360107,13.408969,103.973282,17.520876,133.940002,77.485825
2013-06-11,1626.130005,130.101196,3810.560059,13.369555,101.544365,17.381927,133.25,78.407791
2013-06-12,1612.52002,129.024353,3793.699951,13.204274,100.055679,17.224453,134.25,77.286285
2013-06-13,1636.359985,130.986633,3797.97998,13.319449,98.723679,17.280033,133.740005,78.497238
2013-06-14,1626.72998,130.165024,3805.159912,13.138889,98.567001,17.342556,134.429993,78.311401
2013-06-17,1639.040039,131.17012,3863.659912,13.198463,99.624756,17.738548,133.770004,77.898605
2013-06-18,1651.810059,132.207108,3860.550049,13.191441,99.389694,17.750126,132.130005,77.939934
2013-06-19,1628.930054,130.380417,3839.340088,12.923497,99.977348,17.645924,130.589996,77.134941
2013-06-20,1588.189941,127.149811,3698.929932,12.735298,96.333946,17.087824,123.599998,75.868958
2013-06-21,1592.430054,127.557991,3658.040039,12.633254,94.884445,16.907206,125.050003,74.582375
2013-06-24,1573.089966,125.946136,3595.629883,12.298405,93.434921,16.815403,123.93,74.891937
2013-06-25,1588.030029,127.157036,3649.820068,12.301152,95.589607,17.086079,123.470001,74.224548
2013-06-26,1603.26001,128.416031,3726.040039,12.161835,98.09687,17.229666,118.279999,74.706192
2013-06-27,1613.199951,129.16983,3762.189941,12.030766,99.115463,17.486229,115.940002,75.469887
2013-06-28,1606.280029,128.640503,3738.909912,12.114786,97.548401,17.655706,119.110001,75.985931
2013-07-01,1614.959961,129.394333,3767.47998,12.502494,99.781448,17.653345,121.129997,76.138992
2013-07-02,1614.079956,129.274017,3742.570068,12.785706,98.802063,17.486229,120.050003,76.09079
2013-07-03,1615.410034,129.330185,3702.01001,12.856282,97.744308,17.429739,120.739998,75.863152
2013-07-05,1631.890015,130.725479,3753.850098,12.75302,97.979347,17.505058,118.089996,73.277161
2013-07-08,1640.459961,131.471283,3823.830078,12.680607,100.878395,17.907555,119.510002,73.987442
2013-07-09,1652.319946,132.417496,3843.560059,12.903639,102.954689,17.968754,120.620003,74.063286
2013-07-10,1652.619995,132.465576,3840.530029,12.854145,103.738243,18.001711,120.949997,73.484016
2013-07-11,1675.02002,134.269913,3868.97998,13.054564,104.717628,18.124104,124.239998,74.346054
2013-07-12,1680.189941,134.326004,3855.090088,13.030737,104.404221,18.171175,124.129997,74.283966
2013-07-15,1682.5,134.839157,3878.580078,13.059147,104.95269,18.357136,124.18,74.677071
2013-07-16,1676.26001,134.33403,3851.030029,13.143473,103.150574,18.28887,124.889999,74.932213
2013-07-17,1680.910034,134.678848,3872.02002,13.146833,104.286705,18.380671,123.32,75.070152
2013-07-18,1689.369995,135.41655,3927.790039,13.19113,104.991867,18.769033,124.010002,74.13224
2013-07-19,1692.089966,135.657135,3925.320068,12.983072,104.169182,18.721962,125.110001,75.304581
2013-07-22,1695.530029,135.921722,3939.919922,13.024623,103.111427,18.914968,128.839996,75.41494
2013-07-23,1692.390015,135.633102,3923.090088,12.800985,101.896973,18.769033,129.710007,75.097694
2013-07-24,1685.939941,135.135895,3962.75,13.458462,102.171204,18.924385,127.480003,74.146034
2013-07-25,1690.25,135.464661,3956.02002,13.397051,102.171204,18.832586,128.669998,74.118515
2013-07-26,1691.650024,135.608978,3968.840088,13.473128,105.81456,18.860842,128.779999,74.573647
2013-07-29,1685.329956,135.192062,3968.909912,13.680883,105.344444,18.761976,128.470001,74.028816
2013-07-30,1685.959961,135.192062,3986.610107,13.849833,106.402206,18.926744,128.119995,74.001236
2013-07-31,1685.72998,135.288269,3992.689941,13.825699,107.068214,18.87731,127.959999,74.27021
2013-08-01,1706.869995,136.85199,4042.72998,13.95249,109.693001,19.065615,126.610001,72.839119
2013-08-02,1709.670044,137.084518,4045.649902,14.131524,110.202286,19.079739,126.360001,73.641083
2013-08-05,1707.140015,136.884033,4049.969971,14.342638,109.771355,19.053839,125.699997,73.074188
2013-08-06,1697.369995,136.10614,4032.570068,14.214323,109.693001,18.891438,123.970001,73.28846
2013-08-07,1690.910034,135.665146,4038.48999,14.206074,108.8703,18.872604,124.150002,73.834625
2013-08-08,1697.47998,136.162369,4064.320068,14.177779,108.752762,18.97146,126.860001,74.035133
2013-08-09,1691.420044,135.769379,4076.550049,13.976031,108.948647,18.947924,126.860001,74.152649
2013-08-12,1689.469971,135.608978,4071.679932,14.373062,109.653824,19.004414,129.130005,73.648033
2013-08-13,1694.160034,136.009979,4092.5,15.056111,109.771355,19.136225,127.739998,72.583305
2013-08-14,1685.390015,135.312302,4114.200195,15.330741,111.260048,19.202135,129.0,72.693954
2013-08-15,1661.319946,133.41983,4093.199951,15.31259,109.693001,19.390432,131.690002,71.712257
2013-08-16,1655.829956,132.978806,4123.890137,15.448517,110.398155,19.562263,132.580002,71.463379
2013-08-19,1646.060059,132.128815,4083.97998,15.614895,110.358971,19.331591,132.009995,70.841171
2013-08-20,1652.349976,132.778336,4028.929932,15.409772,109.418755,19.148003,132.449997,71.387306
2013-08-21,1642.800049,131.960388,4015.090088,15.449448,109.027016,19.155054,132.070007,70.606087
2013-08-22,1656.959961,133.163208,4059.120117,15.467902,109.614655,19.413977,132.809998,71.325058
2013-08-23,1663.5,133.61232,4069.469971,15.408237,108.9095,19.776455,134.899994,72.099373
2013-08-26,1656.780029,133.115112,4067.129883,15.468211,109.536308,19.771746,135.449997,72.458878
2013-08-27,1630.47998,130.97406,3968.72998,15.025965,106.402206,19.642288,136.75,73.371437
2013-08-28,1634.959961,131.439209,3960.459961,15.097006,104.325882,20.155413,136.710007,72.776909
2013-08-29,1638.170044,131.647659,3986.350098,15.121614,105.461983,20.011824,135.869995,73.357605
2013-08-30,1632.969971,131.230682,3933.780029,14.98383,103.855766,19.731737,134.619995,73.274666
2013-09-03,1639.77002,131.824081,3974.070068,15.025661,105.697037,19.696426,136.419998,72.241173
2013-09-04,1653.079956,132.914658,3980.419922,15.336576,105.422813,19.755266,134.660004,72.081741
2013-09-05,1655.079956,133.083054,4006.800049,15.231397,105.892906,19.83765,132.199997,71.076675
2013-09-06,1655.170044,133.147171,4049.189941,15.322123,107.53833,19.962395,134.149994,71.430183
2013-09-09,1671.709961,134.422195,4040.330078,15.566615,108.400215,19.847073,133.910004,71.464844
2013-09-10,1683.98999,135.41655,4116.640137,15.212026,111.260048,19.955341,131.740005,70.965767
2013-09-11,1689.130005,135.841537,4119.109863,14.383833,110.868271,20.044785,131.699997,71.596504
2013-09-12,1683.420044,135.480728,4106.629883,14.536981,110.28064,20.042437,127.669998,71.499474
2013-09-13,1687.98999,135.7854,4114.5,14.297412,110.985794,20.169542,127.82,71.776772
2013-09-16,1697.599976,136.57135,4152.220215,13.842869,113.571449,20.218967,126.449997,71.298477
2013-09-17,1704.76001,137.18074,4145.509766,14.002786,112.552841,19.950634,126.5,71.88765
2013-09-18,1725.52002,138.768509,4170.399902,14.290646,114.237434,19.844711,132.009995,72.774933
2013-09-19,1722.339966,138.535934,4206.040039,14.524988,116.940567,20.061262,131.75,72.345154
2013-09-20,1709.910034,137.567429,4203.660156,14.374602,116.000343,19.94828,127.959999,72.726402
2013-09-23,1701.839966,136.930801,4172.080078,15.089012,114.629189,20.105982,127.550003,73.260117
2013-09-24,1697.420044,136.608475,4195.609863,15.041653,116.352898,20.619133,127.660004,74.050308
2013-09-25,1692.77002,136.213638,4195.350098,14.808843,115.490997,20.669262,128.789993,74.202797
2013-09-26,1698.670044,136.737396,4186.720215,14.953084,115.25602,20.592884,127.790001,73.682991
2013-09-27,1691.75,136.108902,4186.77002,14.846364,114.433327,20.848265,128.970001,73.863152
2013-09-30,1681.550049,135.383621,4143.439941,14.661846,114.08075,20.475935,128.179993,73.752228
2013-10-01,1695.0,136.455383,4196.600098,15.006594,116.000343,20.600046,124.589996,73.528481
2013-10-02,1693.869995,136.326401,4158.160156,15.055797,113.414711,20.478317,127.059998,73.639694
2013-10-03,1678.660034,135.069382,4127.97998,14.866663,114.198242,20.249189,127.18,73.521492
2013-10-04,1690.5,136.092789,4164.25,14.854981,114.942589,20.473547,126.529999,73.465904
2013-10-07,1676.119995,134.91626,4165.580078,15.000131,113.728111,20.521282,127.639999,73.764755
2013-10-08,1655.449951,133.344986,4133.529785,14.7907,113.062111,20.518894,127.400002,73.785606
2013-10-09,1656.400024,133.441727,4127.049805,14.964455,112.51368,20.557091,126.110001,73.194855
2013-10-10,1692.560059,136.318344,4218.109863,15.058256,114.315765,20.829174,124.269997,73.313072
2013-10-11,1703.199951,137.196716,4219.97998,15.155747,114.550835,20.819628,122.599998,73.292183
2013-10-14,1710.140015,137.744675,4222.959961,15.255082,113.453903,20.826786,122.830002,72.701462
2013-10-15,1698.060059,136.745438,4256.02002,15.336267,113.493088,21.14184,123.730003,72.652832
2013-10-16,1721.540039,138.655212,4243.720215,15.411,108.674423,21.184793,123.540001,73.563225
2013-10-17,1733.150024,139.581955,4239.640137,15.515255,108.165108,21.203892,127.419998,74.230354
2013-10-18,1744.5,140.524658,4286.029785,15.650263,110.476524,21.382889,126.849998,74.390244
2013-10-21,1744.660034,140.532776,4276.919922,16.03377,109.10537,21.191954,126.980003,74.153946
2013-10-22,1754.670044,141.346649,4295.430176,15.98795,110.006409,21.098877,129.339996,74.980965
2013-10-23,1746.380005,140.669769,4260.660156,16.144482,109.418755,20.912712,128.690002,75.272873
2013-10-24,1752.069946,141.137146,4275.689941,16.358215,109.536308,20.998625,129.899994,74.980965
2013-10-25,1759.77002,141.781784,4272.310059,16.175234,109.027016,21.277882,130.460007,75.258965
2013-10-28,1762.109985,142.007339,4251.609863,16.295786,109.379578,21.337547,130.559998,75.001854
2013-10-29,1771.949951,142.764847,4278.089844,15.88984,109.849724,21.547581,129.770004,75.099113
2013-10-30,1763.310059,142.055771,4274.109863,16.142632,110.24144,21.590549,129.600006,74.647415
2013-10-31,1756.540039,141.652847,4299.890137,16.074974,111.103325,21.607254,127.739998,74.807236
2013-11-01,1761.640015,141.991257,4273.189941,15.992859,110.63324,21.363808,126.949997,73.99749
2013-11-04,1767.930054,142.490845,4288.589844,16.19953,111.142509,21.242085,126.809998,74.067245
2013-11-05,1762.969971,142.039612,4253.339844,16.159552,109.418755,21.153767,126.559998,73.18219
2013-11-06,1770.48999,142.764847,4286.930176,16.113764,109.575447,21.277882,127.199997,73.217018
2013-11-07,1747.150024,140.959824,4280.990234,15.853002,109.497093,21.158545,126.160004,73.837242
2013-11-08,1770.609985,142.861557,4260.439941,16.102636,109.222878,20.907932,124.279999,72.060295
2013-11-11,1771.890015,142.885727,4290.140137,16.055927,109.967239,21.067841,123.870003,71.788475
2013-11-12,1767.689941,142.595596,4263.779785,16.085623,109.262039,20.950897,122.449997,72.122986
2013-11-13,1782.0,143.739899,4239.939941,16.104801,108.361008,20.931799,122.849998,72.387787
2013-11-14,1790.619995,144.457092,4283.910156,16.337729,109.418755,21.012949,124.269997,72.833824
2013-11-15,1798.180054,145.085571,4292.22998,16.239666,109.967239,21.117977,124.32,72.980072
2013-11-18,1791.530029,144.577942,4320.680176,16.042934,111.690956,21.318451,122.900002,73.419151
2013-11-19,1787.869995,144.263672,4272.290039,16.071384,110.594032,21.101261,122.949997,72.861649
2013-11-20,1781.369995,143.812424,4268.370117,15.930642,110.437332,21.170471,120.120003,71.62133
2013-11-21,1795.849976,144.972794,4253.899902,16.120573,109.262039,21.222984,119.940002,71.7397
2013-11-22,1804.76001,145.697968,4278.529785,16.07913,109.693001,21.423473,119.919998,72.408722
2013-11-25,1802.47998,145.552948,4301.970215,16.200998,111.377594,21.375748,120.459999,72.617706
2013-11-26,1802.75,145.593201,4277.569824,16.499819,110.437332,21.280273,119.82,72.889526
2013-11-27,1807.22998,145.947739,4293.060059,16.888336,110.985794,21.327999,119.459999,72.764107
2013-11-29,1805.810059,145.851044,4295.209961,17.201071,109.642464,21.287428,120.699997,72.784988
2013-12-02,1800.900024,145.472366,4285.810059,17.051357,109.286842,21.213434,117.580002,72.218918
2013-12-03,1795.150024,144.843857,4172.439941,17.518139,106.244507,20.872131,117.959999,72.484474
2013-12-04,1792.810059,144.827698,4148.52002,17.477308,104.585068,20.631069,119.959999,71.792534
2013-12-05,1785.030029,144.191132,4099.910156,17.567015,103.715843,20.316023,118.300003,71.589874
2013-12-06,1805.089966,145.802734,4129.370117,17.323254,102.965134,20.487871,118.550003,71.932297
2013-12-09,1808.369995,146.17334,4134.100098,17.52154,103.518272,20.50696,119.720001,72.100075
2013-12-10,1802.619995,145.649658,4091.139893,17.494322,101.621773,20.168045,121.82,72.617264
2013-12-11,1782.219971,144.013855,4086.860107,17.364704,101.740295,20.020061,120.860001,72.058159
2013-12-12,1775.5,143.538452,4069.120117,17.339348,100.59446,19.941305,118.290001,71.78553
2013-12-13,1775.319946,143.522308,4059.709961,17.150343,100.554947,19.838673,119.379997,72.134995
2013-12-16,1786.540039,144.416733,4119.879883,17.245306,101.858826,20.410051,119.690002,71.86937
2013-12-17,1781.0,143.957458,4068.639893,17.167662,101.937843,20.305946,118.650002,72.19091
2013-12-18,1810.650024,146.415115,4109.509766,17.037128,102.135399,20.57469,117.610001,71.827522
2013-12-19,1809.599976,146.245956,4154.27002,16.841932,102.767578,20.906385,114.82,71.757584
2013-12-20,1818.319946,147.096649,4193.77002,16.982996,102.570007,21.184814,115.940002,72.8619
2013-12-23,1827.98999,147.882492,4215.290039,17.634758,102.925629,21.30102,115.57,72.449532
2013-12-24,1833.319946,148.206589,4218.410156,17.559896,102.688545,21.305878,116.099998,71.86937
2013-12-27,1841.400024,148.951981,4277.649902,17.325424,104.585068,21.547983,117.120003,71.389091
2013-12-30,1841.069946,148.927643,4275.709961,17.153126,104.466537,21.463242,115.389999,71.879936
2013-12-31,1848.359985,149.632507,4295.950195,17.354193,104.782623,21.562502,116.120003,71.424179
2014-01-02,1831.97998,148.198471,4227.279785,17.110128,103.715843,21.184814,118.0,71.641556
2014-01-03,1831.369995,148.174225,4247.649902,16.734291,103.518272,21.247761,119.290001,71.641556
2014-01-06,1826.77002,147.744751,4227.540039,16.825546,101.582245,21.063759,119.5,71.942986
2014-01-07,1837.880005,148.652145,4262.680176,16.705204,100.871033,21.291338,118.82,72.125351
2014-01-08,1837.48999,148.684494,4260.959961,16.811007,99.409157,21.085541,118.120003,71.929047
2014-01-09,1838.130005,148.781784,4225.140137,16.596329,97.157021,20.988699,118.459999,72.349754
2014-01-10,1842.369995,149.186966,4250.600098,16.485586,99.409157,21.104912,120.260002,73.212204
2014-01-13,1819.199951,147.201889,4263.27002,16.571888,99.843742,20.84827,121.019997,73.576843
2014-01-14,1838.880005,148.806152,4274.200195,16.901636,99.764725,21.146074,119.889999,73.24028
2014-01-15,1848.380005,149.6082,4332.069824,17.240982,101.700783,21.259869,119.660004,73.163101
2014-01-16,1845.890015,149.413727,4319.27002,17.144777,100.080841,21.160597,119.790001,73.653984
2014-01-17,1838.699951,148.781784,4327.5,16.724701,100.120354,21.35671,120.93,73.962463
2014-01-21,1843.800049,149.219269,4323.870117,16.984539,101.937843,21.38092,119.699997,74.0186
2014-01-22,1844.859985,149.316559,4324.97998,17.060019,101.108109,21.448719,119.190002,73.836296
2014-01-23,1828.459961,148.093155,4280.959961,17.204473,99.132584,21.267126,121.790001,74.881096
2014-01-24,1790.290039,144.933411,4161.470215,16.891739,98.144798,20.76354,122.290001,75.364883
2014-01-27,1781.560059,144.22052,4144.560059,17.028774,97.394104,20.519007,120.959999,74.839043
2014-01-28,1792.5,145.079239,4185.290039,15.667708,98.065781,20.698168,120.949997,75.021339
2014-01-29,1774.199951,143.685715,4156.97998,15.489843,97.473122,20.511744,122.470001,75.638382
2014-01-30,1794.189941,145.208923,4180.02002,15.459836,96.801422,20.765959,119.769997,75.420982
2014-01-31,1782.589966,144.3582,4165.720215,15.485206,104.427025,20.502054,120.089996,75.925835
2014-02-03,1741.890015,141.10936,4107.75,15.513971,102.411957,20.223625,121.32,76.851013
2014-02-04,1755.199951,142.097809,4117.450195,15.738542,102.846596,20.160679,120.989998,76.035561
2014-02-05,1751.640015,141.919571,4117.790039,15.856092,103.004639,20.279314,121.290001,75.332542
2014-02-06,1773.430054,143.791092,4188.100098,15.948515,105.651833,20.669117,121.239998,75.009117
2014-02-07,1797.02002,145.573486,4228.180176,16.171629,106.046959,20.906385,122.169998,75.072433
2014-02-10,1799.839966,145.84082,4237.129883,16.461348,105.493805,20.795013,122.919998,75.283302
2014-02-11,1819.75,147.436874,4283.319824,16.678244,106.284042,21.104912,124.360001,74.847473
2014-02-12,1819.26001,147.509811,4305.5,16.677002,105.770401,21.305878,124.43,74.460869
2014-02-13,1829.829956,148.271378,4312.799805,16.941818,105.414795,21.305878,125.489998,74.882576
2014-02-14,1838.630005,149.089676,4340.140137,16.928127,106.521095,21.518929,127.150002,74.924828
2014-02-18,1840.76001,149.26796,4330.709961,16.990362,107.27179,21.518929,127.400002,75.093529
2014-02-19,1828.75,148.27948,4341.100098,16.72212,107.666931,21.514086,126.269997,74.777184
2014-02-20,1839.780029,149.15448,4355.490234,16.528568,108.378105,21.736824,127.599998,74.594414
2014-02-21,1836.25,148.984375,4381.060059,16.344965,108.615173,22.080624,127.580002,74.988045
2014-02-24,1847.609985,149.810699,4419.129883,16.416542,109.642464,22.388111,128.990005,74.798256
2014-02-25,1845.119995,149.754044,4414.549805,16.245691,108.536125,22.47043,129.210007,75.466087
2014-02-26,1845.160034,149.762177,4396.910156,16.099134,106.797653,22.543062,128.110001,75.866798
2014-02-27,1854.290039,150.548019,4396.390137,16.420273,107.15329,22.438948,128.199997,76.281578
2014-02-28,1859.449951,150.928818,4408.080078,16.375772,106.560608,22.773071,127.620003,76.323746
2014-03-03,1845.72998,149.867401,4290.870117,16.423075,103.557785,22.380846,130.289993,76.83326
2014-03-04,1873.910034,151.973953,4395.899902,16.531363,105.217239,22.768223,128.679993,75.677505
2014-03-05,1873.810059,152.111679,4391.25,16.566216,104.506042,22.722219,128.889999,75.8396
2014-03-06,1877.030029,152.460052,4417.040039,16.516117,104.031891,22.787601,130.169998,75.092644
2014-03-07,1878.040039,152.524811,4366.419922,16.506475,104.031891,22.342112,129.089996,74.620499
2014-03-10,1877.170044,152.443863,4370.839844,16.52141,103.794861,22.51643,129.130005,74.726219
2014-03-11,1867.630005,151.690369,4349.720215,16.682295,103.43924,22.460737,129.860001,74.923477
2014-03-12,1868.199951,151.73085,4306.259766,16.698469,101.937843,22.39053,131.759995,75.444992
2014-03-13,1846.339966,150.02948,4250.509766,16.512999,101.345192,22.136312,132.210007,76.459801
2014-03-14,1841.130005,149.6082,4216.370117,16.327538,100.159874,22.274321,133.100006,76.473885
2014-03-17,1858.829956,150.961212,4271.959961,16.391325,101.147621,22.504322,131.639999,75.903023
2014-03-18,1872.25,152.038742,4313.259766,16.536345,102.016884,22.915924,130.619995,76.177864
2014-03-19,1860.77002,151.228546,4308.060059,16.531984,101.384689,22.89897,128.089996,75.585899
2014-03-20,1872.01001,152.111679,4327.910156,16.452322,102.174919,22.874756,127.860001,75.452003
2014-03-21,1866.52002,151.521698,4335.279785,16.582087,101.898315,23.032122,128.470001,76.269531
2014-03-24,1857.439941,150.895065,4276.339844,16.778753,101.50322,22.715883,126.18,76.812103
2014-03-25,1865.619995,151.611191,4344.120117,16.95924,103.755348,22.946327,126.410004,76.523201
2014-03-26,1852.560059,150.520752,4385.149902,16.797117,104.743111,23.289537,125.410004,77.122162
2014-03-27,1849.040039,150.2034,4379.060059,16.724928,105.019691,23.480759,124.589996,77.50975
2014-03-28,1857.619995,150.943893,4411.259766,16.706251,105.691368,23.549402,124.559998,77.072853
2014-03-31,1872.339966,152.180832,4391.5,16.702515,104.268951,23.338562,123.610001,76.882568
2014-04-01,1885.52002,153.189926,4426.720215,16.855309,106.125977,23.478306,123.389999,76.225464
2014-04-02,1890.900024,153.70256,4430.859863,16.883314,106.046959,23.456234,124.32,75.787453
2014-04-03,1888.77002,153.499115,4449.330078,16.76631,105.533318,23.5347,123.919998,76.119537
2014-04-04,1865.089966,151.684402,4484.549805,16.549414,105.612335,23.870548,125.57,76.628227
2014-04-07,1845.040039,150.008041,4436.080078,16.289574,105.4543,23.490568,124.910004,77.087471
2014-04-08,1851.959961,150.626526,4424.830078,16.288647,106.718636,23.681791,126.089996,77.271164
2014-04-09,1872.180054,152.24588,4442.680176,16.502737,107.824951,23.848484,126.32,76.889641
2014-04-10,1833.079956,149.047852,4413.490234,16.289879,111.30188,23.480759,127.010002,77.60318
2014-04-11,1815.689941,147.705154,4365.859863,16.16946,111.578491,23.39986,126.93,78.232025
2014-04-14,1830.609985,148.868835,4384.560059,16.233873,113.861328,24.074026,127.849998,78.027122
2014-04-15,1842.97998,149.894196,4345.350098,16.118113,113.741158,24.0201,125.489998,78.514648
2014-04-16,1862.310059,151.464752,4405.660156,16.150787,114.502106,24.024992,125.540001,78.613533
2014-04-17,1864.849976,151.6763,4431.810059,16.335316,114.30188,24.162281,124.75,77.75161
2014-04-22,1879.550049,152.896912,4484.209961,16.545683,114.622253,24.390272,123.779999,77.949402
2014-04-23,1875.390015,152.538849,4451.080078,16.329405,113.981476,24.110804,123.760002,78.394516
2014-04-24,1878.609985,152.848145,4479.540039,17.668118,114.26178,24.488337,124.559998,78.542854
2014-04-25,1863.400024,151.594925,4443.629883,17.797884,113.701103,24.336338,125.43,78.65593
2014-04-28,1869.430054,152.074997,4460.529785,18.487156,113.460808,24.662397,124.879997,78.274361
2014-04-29,1878.329956,152.782959,4497.680176,18.432384,112.379501,25.245861,124.860001,78.168442
2014-04-30,1883.949951,153.238663,4487.390137,18.362688,113.540916,25.240957,124.220001,78.493423
2014-05-02,1881.140015,153.035263,4458.169922,18.440172,112.779984,24.932062,125.059998,79.824181
2014-05-05,1884.660034,153.328201,4462.689941,18.700945,112.659813,25.074253,126.220001,79.342628
2014-05-06,1867.719971,151.993683,4428.069824,18.497118,112.139168,24.868326,125.980003,79.661285
2014-05-07,1878.209961,152.88884,4446.439941,18.432384,112.219292,25.34882,124.169998,79.37796
2014-05-08,1875.630005,152.726044,4507.240234,18.399532,114.30188,26.025444,124.169998,79.038063
2014-05-09,1878.47998,152.953873,4477.279785,18.322865,113.62101,25.623392,124.099998,78.783112
2014-05-12,1896.650024,154.443054,4493.649902,18.550991,114.742386,25.672426,124.940002,78.464363
2014-05-13,1897.449951,154.58139,4505.02002,18.58008,114.502106,25.383146,124.599998,79.144264
2014-05-14,1888.530029,153.848969,4501.040039,18.583538,114.061539,25.451792,125.809998,80.001274
2014-05-15,1870.849976,152.498184,4444.930176,18.425508,114.982689,25.049744,124.769997,80.638634
2014-05-16,1877.859985,153.027145,4456.279785,18.69743,115.142914,25.500814,124.5,80.412041
2014-05-19,1885.079956,153.588654,4469.759766,18.918985,114.021515,25.569456,124.580002,79.817062
2014-05-20,1872.829956,152.620255,4452.350098,18.922743,114.341911,25.221342,124.690002,79.994171
2014-05-21,1888.030029,153.906021,4469.029785,18.972807,115.303085,25.559652,124.389999,79.505501
2014-05-22,1892.48999,154.280289,4478.209961,19.002842,114.982689,25.520433,124.669998,79.392174
2014-05-23,1900.530029,154.898743,4493.149902,19.217514,114.662285,25.638103,124.510002,79.817062
2014-05-27,1911.910034,155.85083,4529.75,19.577379,115.863777,25.584177,121.849998,80.284523
2014-05-28,1909.780029,155.736938,4531.629883,19.526684,115.503342,25.397848,121.199997,81.276054
2014-05-29,1920.030029,156.542603,4530.509766,19.882465,115.743629,25.358631,120.940002,80.844002
2014-05-30,1923.569946,156.7948,4519.569824,19.807997,116.905106,25.240957,120.43,80.808601
2014-06-02,1924.969971,156.973923,4515.890137,19.671879,115.903824,25.538662,119.699997,80.207947
2014-06-03,1924.23999,156.892517,4503.689941,19.95006,116.184189,25.434471,120.010002,79.220932
2014-06-04,1927.880005,157.209885,4501.0,20.177872,116.344391,25.097065,119.760002,79.199615
2014-06-05,1940.459961,158.235138,4548.72998,20.257038,116.744896,25.518824,120.660004,79.235123
2014-06-06,1949.439941,158.991943,4581.120117,20.20134,114.742386,25.766911,120.610001,79.235123
2014-06-09,1951.27002,159.154694,4589.120117,20.524591,114.902603,25.821501,120.650002,79.121521
2014-06-10,1950.790039,159.170944,4595.0,20.645069,115.823746,25.761946,121.389999,78.830406
2014-06-11,1943.890015,158.617676,4555.109863,20.559637,116.064018,25.66272,121.410004,78.972427
2014-06-12,1930.109985,157.494675,4554.399902,20.215734,115.943893,25.995157,122.639999,79.675369
2014-06-13,1936.160034,157.974777,4543.279785,19.994499,115.663551,26.228359,122.959999,79.632774
2014-06-16,1937.780029,158.10495,4510.049805,20.196018,115.623505,26.010046,122.419998,79.831573
2014-06-17,1941.98999,158.544388,4536.069824,20.169739,116.464531,26.034853,122.279999,79.199615
2014-06-18,1956.97998,159.708054,4530.370117,20.191641,116.024033,26.223404,122.669998,79.810249
2014-06-19,1959.47998,159.887177,4563.040039,20.121544,116.704811,26.635241,126.940002,78.787811
2014-06-20,1962.869995,160.211716,4541.339844,19.913454,116.704811,26.769211,126.5,79.384193
2014-06-23,1962.609985,160.162689,4515.569824,19.895933,116.544655,26.908142,126.849998,79.135735
2014-06-24,1949.97998,159.197784,4518.339844,19.775452,116.824982,27.052031,126.980003,79.938095
2014-06-25,1959.530029,159.917343,4460.600098,19.79298,115.102844,26.531048,126.989998,80.14399
2014-06-26,1957.219971,159.802902,4439.629883,19.911261,113.140427,26.263096,126.730003,80.527473
2014-06-27,1960.959961,160.113586,4436.990234,20.147835,112.419502,26.158894,126.660004,80.406731
2014-06-30,1960.22998,160.03186,4422.839844,20.355925,112.779984,26.188679,128.039993,80.605545
2014-07-01,1973.319946,161.102966,4461.120117,20.485163,112.940163,26.441717,127.699997,79.930672
2014-07-02,1974.619995,161.266418,4444.720215,20.476402,112.099121,26.297832,127.699997,79.076431
2014-07-03,1985.439941,162.05957,4489.879883,20.596872,113.62101,26.327599,127.160004,78.791664
2014-07-07,1977.650024,161.495468,4405.759766,21.02182,111.858826,25.816532,127.019997,79.368294
2014-07-08,1963.709961,160.457016,4342.529785,20.886017,110.897629,25.513865,127.07,80.258156
2014-07-09,1972.829956,161.176544,4359.839844,20.894779,111.738678,25.573402,127.839996,80.322227
2014-07-10,1964.680054,160.538788,4301.259766,20.81811,111.618492,25.102024,128.539993,80.343513
2014-07-11,1967.569946,160.759552,4316.5,20.857533,111.618492,25.191338,128.779999,80.85611
2014-07-14,1977.099976,161.569031,4350.040039,21.126968,112.419502,25.360044,125.720001,80.507309
2014-07-15,1973.280029,161.266418,4305.310059,20.879438,111.097893,24.839056,124.529999,80.343513
2014-07-16,1981.569946,161.863449,4369.060059,20.761162,112.139168,25.250887,124.970001,80.770729
2014-07-17,1958.119995,160.023636,4316.120117,20.390963,110.977745,24.675306,127.089996,81.788651
2014-07-18,1978.219971,161.658951,4335.310059,20.684496,110.857574,24.933327,126.129997,81.525314
2014-07-21,1973.630005,161.356476,4304.740234,20.57716,110.897629,24.705074,126.339996,81.931091
2014-07-22,1983.530029,162.05957,4369.52002,20.748014,111.538429,25.47913,125.739998,82.101913
2014-07-23,1987.01001,162.419418,4376.319824,21.289062,111.978973,25.508904,125.620003,81.995155
2014-07-24,1987.97998,162.427551,4410.649902,21.254009,113.140427,25.761946,124.349998,81.382896
2014-07-25,1978.339966,161.667145,4330.549805,21.394197,105.450851,25.35508,125.790001,82.343971
2014-07-28,1978.910034,161.732513,4344.77002,21.689915,105.370766,25.692488,125.580002,82.230072
2014-07-29,1969.949951,161.037537,4365.580078,21.549721,105.490906,25.910807,125.199997,82.529053
2014-07-30,1970.069946,161.062073,4312.299805,21.499346,104.329483,24.633125,124.830002,81.382896
2014-07-31,1930.670044,157.881409,4246.140137,20.940779,103.007858,23.861551,123.389999,81.140892
2014-08-01,1925.150024,157.399002,4202.779785,21.056875,102.727493,23.831791,124.379997,81.769012
2014-08-04,1938.98999,158.535507,4217.220215,20.938576,102.086678,24.050117,123.989998,81.554871
2014-08-05,1920.209961,156.998337,4232.879883,20.835632,103.92897,24.094765,123.870003,81.818924
2014-08-06,1920.23999,157.047348,4207.140137,20.800587,103.688667,24.161757,125.669998,81.868927
2014-08-07,1909.569946,156.197037,4149.830078,20.798386,101.686195,23.960802,126.18,82.632668
2014-08-08,1931.589966,158.003998,4147.810059,20.855623,101.445908,23.980648,126.190002,82.454201
2014-08-11,1936.920044,158.461914,4197.700195,21.130785,102.246902,24.258511,125.959999,82.44709
2014-08-12,1933.75,158.241165,4162.160156,21.126383,102.447151,23.717672,125.989998,81.911766
2014-08-13,1946.719971,159.312241,4194.790039,21.40596,102.927734,23.844194,126.199997,82.44709
2014-08-14,1955.180054,160.064499,4205.430176,21.463186,102.687439,23.75984,126.309998,83.110878
2014-08-15,1955.060059,160.03186,4174.359863,21.568861,101.886436,23.484461,125.480003,84.017342
2014-08-18,1971.73999,161.372787,4230.649902,21.828621,102.927734,23.722631,124.959999,83.182297
2014-08-19,1981.599976,162.214966,4254.450195,22.130198,103.848877,23.940947,124.68,82.925316
2014-08-20,1986.51001,162.648315,4240.790039,22.139015,104.009079,23.990566,124.220001,82.789642
2014-08-21,1992.369995,163.122574,4292.930176,22.141216,104.649864,24.298203,122.879997,83.253647
2014-08-22,1988.400024,162.86911,4252.799805,22.304113,103.728729,23.774731,123.190002,83.717529
2014-08-25,1997.920044,163.694946,4342.109863,22.352543,105.611092,24.442095,122.739998,84.031624
2014-08-26,2000.02002,163.801239,4393.410156,22.209455,106.652344,24.824167,123.349998,83.760368
2014-08-27,2000.119995,163.73584,4395.259766,22.482424,106.291908,24.680279,123.32,84.474167
2014-08-28,1996.73999,163.645905,4366.040039,22.508837,105.571037,24.60088,124.0,84.916695
2014-08-29,2003.369995,164.111923,4381.040039,22.563875,105.771271,24.903557,123.860001,84.973824
2014-09-02,2002.280029,164.030106,4378.330078,22.739983,106.572258,24.744768,121.650002,83.507973
2014-09-03,2000.719971,163.940277,4421.870117,21.780191,109.65609,25.032562,122.150002,83.972961
2014-09-04,1997.650024,163.70311,4494.939941,21.599672,110.216805,25.687527,121.480003,82.949982
2014-09-05,2007.709961,164.439011,4486.490234,21.786793,109.455849,25.508904,122.059998,82.792549
2014-09-08,2001.540039,164.01384,4474.930176,21.652506,109.135422,25.226076,120.730003,82.828331
2014-09-09,1988.439941,162.975433,4452.370117,21.571066,108.895149,25.057379,120.870003,82.763954
2014-09-10,1995.689941,163.588638,4450.790039,22.233665,108.855072,24.953169,120.260002,82.241745
2014-09-11,1997.449951,163.776642,4440.899902,22.328329,109.575996,24.893623,119.470001,81.969826
2014-09-12,1985.540039,162.820053,4441.700195,22.37896,109.095383,24.824167,118.379997,81.111389
2014-09-15,1984.130005,162.697418,4428.629883,22.372355,109.575996,24.533894,118.639999,81.233002
2014-09-16,1998.97998,163.923889,4409.149902,22.202847,108.654831,24.742292,118.830002,80.903931
2014-09-17,2001.569946,164.144638,4431.410156,22.361347,107.853867,24.78199,117.540001,80.696503
2014-09-18,2011.359985,165.019531,4464.700195,22.407579,108.654831,24.806784,117.779999,80.953987
2014-09-19,2010.400024,164.870834,4461.220215,22.224859,107.69368,24.829126,117.089996,81.984169
2014-09-22,1994.290039,163.597565,4442.549805,22.246868,106.091667,24.873781,116.849998,82.084335
2014-09-23,1982.77002,162.661072,4359.350098,22.594694,104.729958,24.492027,117.599998,82.592247
2014-09-24,1998.300049,163.934387,4413.720215,22.398773,106.291908,25.200272,117.050003,82.134361
2014-09-25,1965.98999,161.28923,4355.279785,21.544645,104.770042,24.898891,117.389999,83.107353
2014-09-26,1982.849976,162.570694,4394.75,22.178637,104.810081,25.48156,117.059998,82.985718
2014-09-29,1977.800049,162.274948,4358.069824,22.037752,103.208099,25.270601,117.029999,83.651031
2014-09-30,1972.290039,161.847839,4416.240234,22.178637,103.087929,25.84321,116.209999,83.178917
2014-10-01,1946.160034,159.654465,4365.27002,21.833017,102.006599,25.471521,116.769997,84.791817
2014-10-02,1946.170044,159.679108,4242.669922,21.991526,100.845146,24.203213,116.739998,84.053146
2014-10-03,1967.900024,161.437103,4281.740234,21.929888,102.407074,24.366457,114.610001,84.41169
2014-10-06,1964.819946,161.248093,4286.52002,21.929888,102.687439,24.286087,116.029999,84.461906
2014-10-07,1935.099976,158.759018,4209.140137,21.738359,100.725014,23.718498,116.360001,85.602226
2014-10-08,1968.890015,161.535675,4168.120117,22.18965,101.205612,23.474888,117.470001,85.623726
2014-10-09,1928.209961,158.331863,4141.450195,22.238073,101.806335,23.251358,117.639999,85.250801
2014-10-10,1906.130005,156.524597,4073.709961,22.174232,100.12426,22.402479,117.589996,86.097061
2014-10-13,1874.73999,153.95343,4078.699951,21.971712,100.604858,22.683762,118.519997,86.620575
2014-10-14,1877.699951,154.19162,4088.25,21.738359,100.204353,22.48786,118.589996,87.187164
2014-10-15,1862.48999,153.148346,3939.719971,21.472004,100.044174,21.475737,118.989998,87.875656
2014-10-16,1862.76001,153.016876,3918.620117,21.190235,99.123032,21.37528,119.220001,87.316277
2014-10-17,1886.76001,154.824188,4033.179932,21.500614,100.28447,22.178951,118.989998,86.828606
2014-10-20,1904.01001,156.327469,3991.23999,21.960701,100.084221,21.568663,119.800003,87.144173
2014-10-21,1941.280029,159.424438,4081.23999,22.557266,101.365791,22.314577,120.019997,86.448433
2014-10-22,1927.109985,158.290817,4105.089844,22.671736,101.766296,22.397451,119.339996,86.541695
2014-10-23,1950.819946,160.130936,4157.680176,23.07679,102.967804,23.010263,118.519997,85.774307
2014-10-24,1964.579956,161.363144,4128.899902,23.162647,102.727493,22.53056,118.349998,85.860367
2014-10-27,1961.630005,161.141373,4096.740234,23.138428,102.887672,22.319599,118.059998,86.018188
2014-10-28,1985.050049,162.989685,4112.669922,23.497242,104.049118,22.852034,118.099998,85.480301
2014-10-29,1982.300049,162.74324,4110.640137,23.629328,105.290665,23.304102,116.410004,85.673973
2014-10-30,1994.650024,163.786545,4141.240234,23.550076,106.291908,23.60548,115.190002,85.745644
2014-10-31,2018.050049,165.659424,4233.089844,23.774622,108.414528,23.818956,112.660004,85.523323
2014-11-03,2017.810059,165.749847,4194.029785,24.0828,107.973999,23.482416,112.150002,85.523308
2014-11-04,2012.099976,165.174805,4130.189941,23.9067,105.691147,22.600883,112.220001,85.789307
2014-11-05,2023.569946,166.218079,4208.419922,23.963934,107.333214,23.24885,109.790001,85.667137
2014-11-06,2031.209961,166.883469,4227.680176,24.032471,108.374496,23.36438,109.879997,85.113556
2014-11-07,2031.920044,167.039581,4189.890137,24.101007,107.253113,23.37191,112.970001,86.091263
2014-11-10,2038.26001,167.565292,4222.819824,24.061209,108.734924,23.660736,110.459999,85.300453
2014-11-11,2039.680054,167.729568,4244.100098,24.253559,109.535927,23.462328,112.040001,85.357994
2014-11-12,2038.25,167.548828,4179.879883,24.596247,109.055328,23.057983,111.5,85.286095
2014-11-13,2039.329956,167.737823,4187.950195,24.943361,110.336906,22.854548,111.669998,85.487373
2014-11-14,2039.819946,167.77887,4202.459961,25.24404,110.336906,22.892216,114.470001,85.904373
2014-11-17,2041.319946,167.885651,4226.100098,25.202036,110.817543,23.12579,114.050003,85.68866
2014-11-18,2051.800049,168.855057,4262.379883,25.529249,111.698601,23.37191,115.050003,85.925934
2014-11-19,2048.719971,168.583939,4266.189941,25.352386,112.419502,23.359356,113.68,85.379532
2014-11-20,2052.75,168.879684,4234.209961,25.714964,112.059067,23.434698,114.860001,85.825287
2014-11-21,2063.5,169.783295,4347.22998,25.750341,116.104088,24.379019,115.389999,86.342857
2014-11-24,2069.409912,170.259766,4368.439941,26.227898,115.58345,24.336315,115.110001,86.414787
2014-11-25,2067.030029,170.136581,4382.310059,26.000166,115.182945,23.952063,115.379997,87.133751
2014-11-26,2072.830078,170.571869,4373.419922,26.309702,114.502106,24.027407,115.160004,87.370979
2014-11-28,2067.560059,170.210403,4390.180176,26.294218,115.743629,22.598375,112.110001,88.061119
2014-12-01,2053.439941,169.027512,4377.330078,25.440805,115.142914,22.420055,116.580002,87.547394
2014-12-02,2066.550049,170.120071,4388.299805,25.343533,114.9813,23.183548,115.139999,86.697136
2014-12-03,2074.330078,170.777328,4391.859863,25.630951,115.183311,23.068016,116.330002,87.035751
2014-12-04,2071.919922,170.588394,4323.890137,25.533669,115.062088,22.354759,115.879997,87.763542
2014-12-05,2075.370117,170.867599,4419.47998,25.425344,117.76899,22.696321,114.43,87.251945
2014-12-08,2060.310059,169.725815,4375.47998,24.8505,117.082123,22.269373,115.779999,88.318382
2014-12-09,2059.820068,169.610779,4263.939941,25.230778,114.738884,21.714329,118.190002,88.772346
2014-12-10,2026.140015,166.891693,4227.910156,24.751011,114.011673,21.370245,117.959999,89.420784
2014-12-11,2035.329956,167.737823,4225.859863,24.678049,113.930878,21.382811,117.690002,89.788322
2014-12-12,2002.329956,165.026917,4108.930176,24.260191,111.183624,20.66201,117.410004,91.006012
2014-12-15,1989.630005,163.89328,4005.379883,23.928562,108.921135,20.073124,114.389999,90.81868
2014-12-16,1972.73999,162.578949,4093.199951,23.601345,110.537186,20.613581,114.949997,91.94278
2014-12-17,2012.890015,165.766266,4111.910156,24.189445,101.689362,21.335024,114.269997,91.114143
2014-12-18,2061.22998,169.865433,4249.490234,24.905779,105.244652,21.837234,115.150002,89.492905
2014-12-19,2070.649902,170.588211,4241.649902,24.713425,105.00222,21.852531,114.769997,90.696198
2014-12-22,2078.540039,171.372879,4254.430176,24.969887,105.891068,21.842335,112.550003,90.81868
2014-12-23,2082.169922,171.604233,4314.970215,24.881458,107.062698,22.303753,112.739998,89.017311
2014-12-24,2081.879883,171.620728,4295.850098,24.764273,106.577911,22.23748,112.769997,89.501854
2014-12-29,2090.570068,172.40538,4317.930176,25.184347,107.062698,22.303753,113.669998,90.505524
2014-12-30,2080.350098,171.480316,4245.540039,24.877031,105.971863,21.686827,115.199997,90.751007
2014-12-31,2058.899902,169.778702,4272.75,24.403908,106.860703,21.679186,113.580002,90.924324
2015-01-02,2058.199951,169.687851,4252.290039,24.171762,105.729477,21.681738,114.080002,91.935181
2015-01-05,2020.579956,166.623367,4111.359863,23.490803,102.658981,20.38414,115.800003,93.379372
2015-01-06,2002.609985,165.053909,4083.5,23.49301,101.48735,20.353552,117.120003,95.061829
2015-01-07,2025.900024,167.110718,4112.72998,23.822437,101.568146,20.814974,116.43,94.874039
2015-01-08,2062.139893,170.07608,4260.189941,24.737745,104.759827,21.617994,115.940002,93.617676
2015-01-09,2044.810059,168.71312,4179.069824,24.764273,103.184181,20.937338,117.260002,94.643036
2015-01-12,2028.26001,167.391525,4228.240234,24.154066,106.618279,21.046955,118.559998,95.184555
2015-01-13,2023.030029,166.920715,4290.279785,24.368523,107.426315,21.261103,118.160004,95.184555
2015-01-14,2011.27002,165.912964,4223.240234,24.275667,107.224289,20.809868,117.970001,95.906685
2015-01-15,1992.670044,164.393127,4323.200195,23.616819,109.123154,21.388563,120.940002,97.41584
2015-01-16,2019.420044,166.549011,4379.620117,23.433313,108.43634,22.076876,122.519997,96.173889
2015-01-20,2022.550049,166.904205,4446.02002,24.036898,110.2948,22.214531,124.199997,97.451889
2015-01-21,2032.119995,167.746765,4484.819824,24.220398,111.021988,22.663216,124.230003,96.325432
2015-01-22,2063.149902,170.241302,4552.799805,24.8505,111.385597,22.976778,125.230003,95.978836
2015-01-23,2051.820068,169.307907,4640.689941,24.978731,114.617683,23.425447,124.230003,97.31469
2015-01-26,2057.090088,169.704346,4675.129883,25.005262,116.880135,23.802746,122.989998,97.018646
2015-01-27,2029.550049,167.465912,4624.209961,24.129757,117.243774,23.65233,124.400002,97.170303
2015-01-28,2002.160034,165.318283,4610.939941,25.493874,117.324532,23.231701,123.419998,98.758911
2015-01-29,2021.25,166.846375,4631.430176,26.287582,116.920547,22.897738,120.760002,98.108986
2015-01-30,1994.98999,164.748322,4604.25,25.902893,115.950928,23.198565,123.449997,99.849251
2015-02-02,2020.849976,166.788589,4627.669922,26.227898,115.789299,23.96335,122.419998,99.472252
2015-02-03,2050.030029,169.200531,4677.899902,26.232313,116.758911,24.615965,121.050003,97.366821
2015-02-04,2041.51001,168.556229,4696.299805,26.433508,126.253181,24.345747,121.580002,97.533096
2015-02-05,2062.52002,170.257797,4703.299805,26.622181,124.03112,24.514002,121.790001,96.462372
2015-02-06,2055.469971,169.787003,4691.029785,26.397993,123.465515,24.310055,118.639999,94.754784
2015-02-09,2046.73999,169.027069,4651.080078,26.573341,121.687859,24.447718,119.169998,94.602867
2015-02-10,2068.590088,170.827728,4695.649902,27.08386,126.172371,24.141798,118.470001,93.85038
2015-02-11,2068.530029,170.926849,4679.379883,27.71867,126.495567,23.937866,117.07,94.023994
2015-02-12,2088.47998,172.570648,4726.200195,28.069366,128.59642,24.141798,117.339996,93.712921
2015-02-13,2096.98999,173.280975,4759.359863,28.206987,128.071213,24.154541,117.980003,92.750603
2015-02-17,2100.340088,173.553574,4753.990234,28.373463,127.344002,24.106113,116.010002,91.354134
2015-02-18,2099.679932,173.570084,4799.029785,28.571007,128.273239,24.098463,116.339996,91.896835
2015-02-19,2097.449951,173.446182,4833.279785,28.511082,129.929672,23.443289,115.940002,91.289017
2015-02-20,2110.300049,174.487,4830.899902,28.744141,130.091278,23.471334,115.279999,91.556717
2015-02-23,2109.659912,174.462234,4862.299805,29.521,130.293274,23.601349,115.43,92.605888
2015-02-24,2115.47998,174.957748,4886.439941,29.336771,130.252869,24.057669,115.260002,93.821457
2015-02-25,2113.860107,174.809097,4882.220215,28.586538,130.57608,24.141798,115.699997,94.226555
2015-02-26,2110.73999,174.602646,4910.620117,28.948338,130.858902,24.090811,116.07,92.938728
2015-02-27,2104.5,174.007858,4951.47998,28.513294,132.43454,24.593031,116.160004,93.720146
2015-03-02,2117.389893,175.106552,4917.319824,28.653133,133.121353,24.060225,115.68,91.974426
2015-03-03,2107.780029,174.387863,4869.25,28.713057,131.222488,24.027092,115.470001,91.640953
2015-03-04,2098.530029,173.652695,4917.350098,28.531052,133.404175,24.185143,115.110001,91.669952
2015-03-05,2101.040039,173.842728,4963.509766,28.058271,135.505005,24.202978,115.0,91.554001
2015-03-06,2071.26001,171.397675,4964.350098,28.100443,136.474655,23.965899,111.860001,89.531387
2015-03-09,2079.429932,172.108078,4937.200195,28.220301,135.585815,23.802746,111.970001,90.357826
2015-03-10,2044.160034,169.316101,4881.950195,27.636539,134.333374,23.035402,111.419998,91.546715
2015-03-11,2040.23999,168.919632,4997.75,27.132694,138.575485,23.180708,110.75,92.213676
2015-03-12,2065.949951,171.067261,4987.330078,27.623226,137.848282,23.167967,110.720001,92.148438
2015-03-13,2053.399902,170.01828,5010.459961,27.432333,138.373459,22.762632,110.879997,91.865685
2015-03-16,2081.189941,172.289764,5061.160156,27.734203,141.161148,22.72439,110.809998,92.750175
2015-03-17,2074.280029,171.777649,5028.930176,28.198099,139.54512,23.050699,110.209999,93.518585
2015-03-18,2099.5,173.842728,5033.419922,28.515511,137.969498,23.453487,112.370003,95.323715
2015-03-19,2089.27002,173.049744,5037.180176,28.300213,135.989838,23.695673,112.290001,94.838013
2015-03-20,2108.100098,174.577194,5087.490234,27.945072,136.757431,24.287107,113.57,95.338211
2015-03-23,2104.419922,174.237015,5054.52002,28.235838,132.919388,24.248373,114.290001,95.22216
2015-03-24,2091.5,173.25798,5088.279785,28.120424,134.49498,24.214788,114.57,96.142921
2015-03-25,2061.050049,170.719086,5020.990234,27.385725,132.192108,24.018547,114.730003,95.330986
2015-03-26,2056.149902,170.312592,5006.350098,27.576614,131.182098,24.062441,115.480003,93.844826
2015-03-27,2061.02002,170.702469,5034.060059,27.356869,131.101303,24.065023,115.059998,95.011971
2015-03-30,2086.23999,172.785019,5083.52002,28.049391,132.919388,24.274191,113.75,94.540756
2015-03-31,2067.889893,171.274979,5033.640137,27.618788,132.636536,23.899757,113.660004,94.743774
2015-04-01,2059.689941,170.669312,5062.220215,27.578835,131.949722,23.948818,115.599998,95.988235
2015-04-02,2066.959961,171.283279,5074.140137,27.816334,132.151733,23.677671,115.279999,94.9711
2015-04-07,2076.330078,171.980255,5151.189941,27.969492,133.767792,24.581505,116.110001,95.232635
2015-04-08,2081.899902,172.56105,5136.859863,27.878487,135.343414,24.300024,115.470001,95.261688
2015-04-09,2091.179932,173.324371,5208.950195,28.091568,138.009872,24.772591,114.669998,94.026695
2015-04-10,2102.060059,174.270187,5240.459961,28.21143,139.30275,25.059237,115.970001,94.164726
2015-04-13,2092.429932,173.48201,5254.120117,28.15593,139.423904,25.183184,115.139999,94.29554
2015-04-14,2095.840088,173.813904,5218.060059,28.033854,135.949402,25.167688,114.440002,94.963852
2015-04-15,2106.629883,174.593796,5254.350098,28.140392,138.333023,25.689329,115.43,94.88398
2015-04-16,2104.98999,174.543991,5224.490234,28.004999,136.59581,25.467255,115.029999,94.411758
2015-04-17,2081.179932,172.536179,5143.259766,27.689819,133.686966,25.239992,115.599998,95.494194
2015-04-20,2100.399902,174.112595,5187.589844,28.322405,133.323334,25.503399,114.720001,94.651482
2015-04-21,2097.290039,173.905121,5192.640137,28.169252,134.181931,25.149618,115.379997,94.222855
2015-04-22,2107.959961,174.75972,5211.089844,28.548807,131.524475,25.010172,113.830002,92.7845
2015-04-23,2112.929932,175.199478,5178.910156,28.781857,130.25705,25.005009,114.660004,93.184044
2015-04-24,2117.689941,175.606064,5201.450195,28.917267,131.688004,24.793251,113.050003,93.765205
2015-04-27,2108.919922,174.875839,5268.910156,29.443323,132.996307,25.394945,115.330002,93.765205
2015-04-28,2114.76001,175.431793,5173.379883,28.979416,129.889084,25.658337,116.330002,92.472153
2015-04-29,2106.850098,174.709976,5039.390137,28.553247,127.354225,25.015339,115.510002,91.338783
2015-04-30,2085.51001,172.959274,5046.490234,27.778599,128.049301,25.041164,113.470001,91.498604
2015-05-04,2114.48999,175.33226,5081.970215,28.566561,130.420578,24.857807,114.099998,89.415245
2015-05-05,2089.459961,173.324371,4974.069824,27.922873,126.454781,24.622816,114.419998,89.291473
2015-05-06,2080.149902,172.610794,4981.589844,27.74752,126.127739,24.710625,114.360001,87.762726
2015-05-07,2088.0,173.299484,4967.220215,27.919153,127.476921,24.152828,113.419998,88.942032
2015-05-08,2116.100098,175.581146,5090.390137,28.445166,131.483566,24.790667,113.970001,89.182266
2015-05-11,2105.330078,174.743134,5027.870117,28.155415,129.48027,24.540182,113.529999,87.01297
2015-05-12,2099.120117,174.220413,4974.649902,28.055109,127.476921,24.263863,114.5,87.238586
2015-05-13,2098.47998,174.253662,4961.859863,28.086319,126.250427,24.289688,116.550003,86.539772
2015-05-14,2121.100098,176.070679,5029.310059,28.741613,129.889084,24.44721,117.18,86.772697
2015-05-15,2122.72998,176.261475,4993.819824,28.701496,129.807327,24.000465,117.529999,88.51252
2015-05-18,2129.199951,176.809113,5012.310059,29.017994,130.952072,24.103762,117.519997,87.027496
2015-05-19,2127.830078,176.751022,5117.299805,28.991243,135.694656,24.431715,115.889999,86.255859
2015-05-20,2125.850098,176.626526,5133.299805,28.98901,135.735519,24.480787,116.080002,86.401459
2015-05-21,2130.820068,177.140976,5146.700195,29.28546,135.408447,24.69771,115.690002,87.609856
2015-05-22,2126.060059,176.717865,5142.890137,29.541788,136.062607,24.651209,115.599998,87.646255
2015-05-26,2104.199951,174.817795,5083.540039,28.890947,134.917801,24.183807,113.910004,89.145866
2015-05-27,2123.47998,176.477249,5182.529785,29.430342,137.248276,24.480787,113.889999,89.349701
2015-05-28,2120.790039,176.278061,5137.830078,29.372393,136.185242,24.23546,114.019997,89.131302
2015-05-29,2107.389893,175.182907,5007.890137,29.038057,132.587402,23.74481,114.099998,89.327858
2015-06-01,2111.72998,175.539703,5025.299805,29.096008,133.445984,23.757723,114.0,88.367821
2015-06-02,2109.600098,175.365417,5004.459961,28.966734,134.999619,23.837778,114.459999,87.134903
2015-06-03,2114.070068,175.830032,5034.169922,29.00239,135.367584,23.951401,113.639999,85.734238
2015-06-04,2095.840088,174.344879,4987.129883,28.832991,133.650452,23.499493,112.839996,86.850403
2015-06-05,2092.830078,174.046219,4920.740234,28.674744,131.074738,23.527893,112.239998,85.792557
2015-06-08,2079.280029,172.975876,4857.660156,28.485289,131.033875,23.130056,112.57,85.697693
2015-06-09,2080.149902,172.950943,4850.220215,28.400593,126.863663,23.075089,112.82,85.019234
2015-06-10,2105.199951,175.025253,4934.910156,28.726013,132.096848,23.569778,113.779999,84.275131
2015-06-11,2108.860107,175.589432,4971.370117,28.661367,135.326675,23.766077,113.260002,86.04789
2015-06-12,2094.110107,174.245346,4901.189941,28.344875,132.751007,23.326353,113.230003,86.04789
2015-06-15,2084.429932,173.498611,4815.359863,28.289145,130.706802,22.973007,113.730003,86.186485
2015-06-16,2096.290039,174.444473,4839.859863,28.440706,131.074738,22.983471,113.32,86.86496
2015-06-17,2100.439941,174.726517,4790.620117,28.373848,130.175278,23.237364,113.849998,86.19381
2015-06-18,2121.23999,176.54361,4803.47998,28.503113,130.74765,23.190243,115.32,85.770668
2015-06-19,2109.98999,175.759903,4815.370117,28.217819,130.788513,23.098633,115.120003,86.872223
2015-06-22,2122.850098,176.660309,4998.609863,28.442944,137.370865,23.776546,113.639999,85.099518
2015-06-23,2124.199951,176.785339,5057.680176,28.313662,139.29245,24.103727,112.889999,84.588799
2015-06-24,2108.580078,175.501465,5045.350098,28.554392,139.701279,24.347143,112.589996,85.318367
2015-06-25,2102.310059,174.967834,5041.709961,28.418425,139.742172,24.313108,112.440002,85.019234
2015-06-26,2101.48999,174.934464,5059.169922,28.251255,139.987427,24.300034,112.559998,84.063576
2015-06-29,2057.639893,171.266037,4869.819824,27.756447,133.773087,23.368227,113.07,86.288643
2015-06-30,2063.110107,171.624542,4790.200195,27.957043,128.499023,22.808104,112.370003,85.690422
2015-07-01,2077.419922,173.000229,4883.189941,28.217819,132.178604,22.97562,111.980003,84.533737
2015-07-02,2076.780029,172.841797,4835.560059,28.182161,129.929962,22.983471,111.760002,84.811607
2015-07-06,2068.76001,172.349884,4711.540039,28.084093,125.310059,22.457376,112.059998,86.383553
2015-07-07,2081.340088,173.433792,4604.640137,28.014997,120.976364,21.988857,110.760002,87.195114
2015-07-08,2046.680054,170.524017,4639.02002,27.319578,122.12114,22.114492,111.089996,87.948151
2015-07-09,2051.310059,170.832489,4757.220215,26.762356,125.432693,22.669386,111.360001,86.215408
2015-07-10,2076.620117,172.983536,4903.069824,27.477833,129.807327,23.213804,111.489998,84.848145
2015-07-13,2099.600098,174.892792,4998.100098,28.008303,132.464813,23.386551,110.989998,84.584953
2015-07-14,2108.949951,175.651474,5032.470215,27.997168,133.037155,23.609032,110.739998,84.862778
2015-07-15,2107.399902,175.59314,5047.240234,28.266857,132.055939,23.687559,110.160004,85.762077
2015-07-16,2124.290039,177.002121,5121.5,28.643541,132.710114,23.944069,109.760002,86.354286
2015-07-17,2126.639893,177.152237,5124.390137,28.890947,136.512268,23.891712,108.650002,86.800255
2015-07-20,2128.280029,177.243912,5142.490234,29.437035,138.311203,23.904804,105.699997,86.434723
2015-07-21,2119.209961,176.54361,5106.569824,29.142813,137.657089,23.784397,105.370003,86.902641
2015-07-22,2114.149902,176.226746,5082.569824,27.910233,136.962067,23.363001,104.800003,87.443657
2015-07-23,2102.149902,175.23465,5086.740234,27.896862,136.716751,23.363001,104.330002,88.533081
2015-07-24,2079.649902,173.417114,5057.359863,27.749758,135.776413,23.161449,105.349998,88.752426
2015-07-27,2067.639893,172.408249,4927.600098,27.364159,131.606232,22.499254,104.860001,89.227646
2015-07-28,2093.25,174.525955,4977.319824,27.500114,135.571976,22.622276,105.019997,88.576965
2015-07-29,2108.570068,175.726501,5017.439941,27.413193,138.188568,23.198095,105.169998,88.247894
2015-07-30,2108.629883,175.768219,5046.419922,27.274998,137.861496,23.535746,104.269997,88.927856
2015-07-31,2103.840088,175.501465,5082.609863,27.036499,139.578629,23.595945,104.93,89.585915
2015-08-03,2098.040039,174.909454,5120.52002,26.399044,139.946564,23.530516,104.099998,90.5289
2015-08-04,2093.320068,174.567657,5112.140137,25.552059,139.905716,23.373468,104.309998,89.810867
2015-08-05,2099.840088,175.142929,5196.72998,25.721457,143.585266,23.8001,103.93,89.136742
2015-08-06,2083.560059,173.708939,5192.109863,25.777428,143.380859,23.711107,104.389999,89.928055
2015-08-07,2077.570068,173.375427,5154.75,25.864756,141.827225,23.972851,104.650002,91.107796
2015-08-10,2104.179932,175.559784,5195.410156,26.805126,142.522308,24.022581,105.720001,89.979347
2015-08-11,2084.070068,173.975693,5099.029785,25.410234,134.795212,23.821051,106.260002,91.408218
2015-08-12,2086.050049,174.184143,4925.430176,25.802057,127.436058,23.313267,107.75,90.909943
2015-08-13,2083.389893,173.967331,4986.850098,25.781908,131.156525,23.232121,106.860001,90.616852
2015-08-14,2091.540039,174.601013,4956.470215,25.963268,130.50235,23.033205,106.849998,90.829353
2015-08-17,2102.439941,175.576492,4984.830078,26.231943,131.074738,23.287104,107.129997,91.239655
2015-08-18,2096.919922,175.067841,4971.25,26.084179,129.929962,22.902328,107.110001,90.521622
2015-08-19,2079.610107,173.683868,4884.100098,25.750561,126.005104,22.491402,108.550003,91.41555
2015-08-20,2035.72998,170.057129,4783.549805,25.222176,121.058105,22.274157,110.440002,92.338814
2015-08-21,1970.890015,164.937973,4630.990234,23.679499,119.136513,21.504639,111.129997,92.61718
2015-08-24,1893.209961,157.99295,4383.459961,23.088415,113.903381,19.805944,110.529999,92.587914
2015-08-25,1867.609985,156.133728,4564.859863,23.227232,120.649254,20.465528,109.160004,91.100494
2015-08-26,1940.51001,162.128342,4501.049805,24.55942,119.259186,19.737885,107.669998,89.341904
2015-08-27,1987.660034,166.13858,4658.180176,25.282612,123.592903,21.033501,107.730003,89.393188
2015-08-28,1988.869995,166.146912,4675.129883,25.365467,123.429375,21.556992,108.699997,89.657005
2015-08-31,1972.180054,164.80455,4652.950195,25.24679,121.548721,21.360678,108.82,88.968193
2015-09-01,1913.849976,159.885559,4541.160156,24.118347,117.910004,21.15391,109.199997,89.609222
2015-09-02,1948.859985,162.920319,4554.919922,25.152754,120.322174,20.970684,108.620003,88.838249
2015-09-03,1951.130005,163.037064,4653.790039,24.711681,122.775246,21.693087,107.839996,89.271484
2015-09-04,1921.219971,160.569229,4523.080078,24.465385,119.340988,20.918339,107.489998,90.086601
2015-09-08,1969.410034,164.604446,4598.259766,25.146034,120.853661,21.130346,107.519997,88.757446
2015-09-09,1942.040039,162.403412,4664.589844,24.662418,122.448151,21.310947,106.129997,89.183372
2015-09-10,1952.290039,163.287231,4596.529785,25.204252,122.039322,20.910482,106.379997,88.581238
2015-09-11,1961.050049,164.029236,4548.720215,25.571449,121.139862,20.777,106.160004,89.139305
2015-09-14,1953.030029,163.420593,4518.149902,25.81773,120.771881,20.816261,106.220001,89.278816
2015-09-15,1978.089966,165.463242,4569.370117,26.034916,122.570808,21.454908,105.900002,87.567871
2015-09-16,1995.310059,166.897278,4645.839844,26.06402,127.190735,22.054291,107.309998,87.237419
2015-09-17,1990.199951,166.522064,4655.140137,25.506519,127.231628,21.981005,108.410004,88.302185
2015-09-18,1958.030029,163.800873,4535.850098,25.401278,123.184059,21.344975,109.209999,89.660675
2015-09-21,1966.969971,164.647293,4585.5,25.79534,124.410583,21.368534,108.529999,88.199417
2015-09-22,1942.73999,162.510269,4428.509766,25.390083,120.526596,20.813635,107.790001,89.42569
2015-09-23,1938.76001,162.250473,4432.830078,25.596079,120.690147,21.266457,108.220001,89.418343
2015-09-24,1932.23999,161.663803,4347.240234,25.748331,117.787384,20.732498,110.489998,90.027802
2015-09-25,1931.339966,161.621872,4480.660156,25.683393,123.592903,21.140816,109.809998,89.249435
2015-09-28,1881.77002,157.565628,4357.049805,25.175146,120.322174,20.603992,108.419998,90.776871
2015-09-29,1884.089966,157.657791,4343.72998,24.418369,119.013885,20.827229,107.980003,91.033905
2015-09-30,1920.030029,160.599442,4455.290039,24.696003,124.451492,21.366707,106.860001,90.718056
2015-10-01,1923.819946,161.018478,4426.540039,24.534794,122.448151,21.459724,106.730003,91.105103
2015-10-02,1951.359985,163.423752,4458.879883,24.713921,121.998421,21.924791,108.989998,91.657028
2015-10-05,1987.050049,166.331863,4616.899902,24.803471,128.008408,22.841646,108.769997,90.413467
2015-10-06,1979.920044,165.761948,4660.640137,24.922134,130.216141,23.601709,109.860001,90.803429
2015-10-07,1995.829956,167.119675,4667.339844,24.803471,131.64711,24.130556,109.699997,90.50177
2015-10-08,2013.430054,168.628113,4675.910156,24.516886,132.751007,24.098669,109.139999,89.743828
2015-10-09,2014.890015,168.728668,4701.390137,25.103506,135.531082,24.050835,110.870003,89.979248
2015-10-12,2017.459961,168.887985,4688.700195,24.98707,136.144333,23.997686,111.309998,90.663666
2015-10-13,2003.689941,167.823624,4643.379883,25.029615,131.851517,23.870115,111.860001,90.818176
2015-10-14,1994.23999,167.019012,4609.029785,24.67585,130.216141,23.723955,113.809998,91.6129
2015-10-15,2023.859985,169.583527,4675.290039,25.045288,131.156525,23.979076,113.290001,91.164009
2015-10-16,2033.109985,170.354568,4702.790039,24.861687,129.72554,24.236864,112.489998,91.193451
2015-10-19,2033.660034,170.43837,4704.069824,25.016178,129.929962,23.899351,112.019997,90.943314
2015-10-20,2030.77002,170.220459,4673.810059,25.472929,129.439362,23.678783,112.730003,90.384026
2015-10-21,2018.939941,169.164536,4695.100098,25.47069,129.23497,23.870115,111.730003,91.281769
2015-10-22,2052.51001,172.022354,4802.180176,25.860273,135.040497,24.11195,111.690002,91.436272
2015-10-23,2075.149902,173.908005,4923.640137,26.661831,139.537766,24.183722,111.5,90.656273
2015-10-26,2071.179932,173.48056,4897.129883,25.81102,138.311203,23.713324,111.43,91.259666
2015-10-27,2065.889893,173.145355,4847.069824,25.647568,137.779739,23.195107,111.68,91.487762
2015-10-28,2090.350098,175.114807,4890.580078,26.704372,137.125565,23.39176,110.779999,91.11985
2015-10-29,2089.409912,175.014252,4885.819824,26.986486,138.229446,23.561853,109.720001,89.670258
2015-10-30,2079.360107,174.259995,4897.660156,26.755871,138.679169,23.463518,109.300003,90.347214
2015-11-02,2104.050049,176.321686,4916.209961,27.132011,137.289124,23.71599,108.589996,89.93206
2015-11-03,2109.790039,176.832932,4936.180176,27.443239,138.801865,24.577026,106.980003,89.194649
2015-11-04,2102.310059,176.296524,4948.290039,27.315617,141.254883,24.606274,105.970001,89.297844
2015-11-05,2099.929932,176.120483,4980.040039,27.189697,141.868149,24.518566,105.639999,89.061882
2015-11-06,2099.199951,176.028305,4984.149902,27.221176,137.984177,24.574364,104.099998,87.756584
2015-11-09,2078.580078,174.385727,4911.169922,27.110998,136.798508,24.406952,104.400002,87.262474
2015-11-10,2081.719971,174.787949,4912.160156,26.25654,137.697922,24.457441,104.18,87.520592
2015-11-11,2075.0,174.100739,4952.509766,26.108131,140.559891,24.470728,103.830002,87.33625
2015-11-12,2045.969971,171.670364,4856.649902,26.020441,136.512268,23.883408,103.849998,87.756584
2015-11-13,2023.040039,169.742844,4807.950195,25.260426,132.791855,23.617657,103.559998,88.258034
2015-11-16,2053.189941,172.324066,4804.310059,25.674162,130.952072,23.798361,103.709999,88.176926
2015-11-17,2050.439941,172.198303,4937.310059,25.563988,135.244888,24.691311,102.339996,88.324409
2015-11-18,2083.580078,174.930435,4906.720215,26.373463,133.773087,24.800261,102.43,88.508759
2015-11-19,2081.23999,174.779526,4915.100098,26.708504,132.791855,24.768372,103.559998,89.098747
2015-11-20,2089.169922,175.416519,4910.970215,26.82543,132.66922,24.585003,103.089996,88.825882
2015-11-23,2086.590088,175.215378,4889.120117,26.476896,132.383026,24.324566,102.260002,89.098747
2015-11-24,2089.139893,175.450043,4820.279785,26.73098,126.700104,24.494644,102.940002,89.091393
2015-11-25,2088.870117,175.424942,4892.990234,26.539862,129.194077,24.63549,102.459999,89.297844
2015-11-27,2090.110107,175.626053,4930.140137,26.490395,127.517776,24.779003,101.25,89.209343
2015-11-30,2080.409912,174.896927,4957.600098,26.600565,129.807327,24.980978,101.919998,89.563324
2015-12-01,2102.629883,176.564667,4914.529785,26.384699,129.807312,24.869352,102.279999,90.773079
2015-12-02,2079.51001,174.762833,4905.759766,26.146358,130.673248,24.794952,100.690002,90.802689
2015-12-03,2049.620117,172.315674,4730.209961,25.903509,124.694206,23.633595,101.760002,88.334373
2015-12-04,2091.689941,175.676346,4714.790039,26.764715,125.560143,23.096775,104.019997,89.110313
2015-12-07,2077.070068,174.612015,4756.410156,26.596071,127.374435,22.769894,102.669998,89.97493
2015-12-08,2063.590088,173.438675,4681.859863,26.584827,124.116913,22.551973,102.839996,90.019287
2015-12-09,2047.619995,172.089386,4637.450195,25.997948,122.756142,22.761921,102.639999,89.923225
2015-12-10,2052.22998,172.533524,4635.060059,26.121628,122.055153,22.897459,102.550003,90.041466
2015-12-11,2012.369995,169.189697,4549.560059,25.449305,119.539825,22.217123,103.110001,91.460388
2015-12-14,2021.939941,170.04451,4473.069824,25.291904,117.271912,21.56868,101.790001,90.277931
2015-12-15,2043.410034,171.829605,4614.399902,24.844442,122.013962,22.474901,101.519997,89.745857
2015-12-16,2073.070068,174.343826,4624.669922,25.035566,122.591232,22.363293,102.75,89.553741
2015-12-17,2041.890015,171.687103,4677.540039,24.504904,122.797363,22.270281,100.5,90.566162
2015-12-18,2005.550049,168.628494,4625.259766,23.841579,119.58107,22.328741,102.040001,91.068703
2015-12-21,2021.150024,170.019547,4565.169922,24.133888,117.684288,21.964685,103.150002,91.046509
2015-12-22,2038.969971,171.562317,4567.600098,24.111404,118.591423,22.013224,102.610001,90.388817
2015-12-23,2064.290039,173.686874,4674.529785,24.421711,120.776886,22.714375,102.309998,89.708923
2015-12-24,2060.98999,173.400162,4663.180176,24.291296,120.447021,22.708982,103.050003,90.222839
2015-12-28,2056.5,173.003967,4617.950195,24.019211,118.838837,22.317957,102.269997,90.489532
2015-12-29,2078.360107,174.850311,4701.359863,24.450937,121.849007,22.727856,102.199997,88.986107
2015-12-30,2063.360107,173.610992,4677.140137,24.131645,121.354179,22.41773,101.419998,88.89727
2016-01-04,2012.660034,169.471512,4522.450195,23.688673,114.797813,21.856817,102.889999,89.941467
2016-01-05,2016.709961,169.758194,4537.629883,23.095053,115.003983,21.657259,103.18,89.578568
2016-01-06,1990.26001,167.616821,4480.470215,22.643091,112.736092,21.449608,104.669998,90.785683
2016-01-07,1943.089966,163.595444,4403.580078,21.687452,112.653625,20.929153,106.150002,90.948563
2016-01-08,1922.030029,161.799713,4333.759766,21.80212,111.622734,20.144405,105.68,91.355911
2016-01-11,1923.670044,161.959915,4312.740234,22.155146,111.499016,20.144405,104.739998,90.35614
2016-01-12,1938.680054,163.266663,4378.75,22.476692,115.003983,20.090473,104.209999,91.659569
2016-01-13,1890.280029,159.194672,4391.939941,21.898811,113.601997,20.414078,104.720001,92.563011
2016-01-14,1921.839966,161.808197,4312.890137,22.377752,112.983498,20.94264,103.019997,91.696571
2016-01-15,1880.329956,158.334763,4210.160156,21.840349,113.313362,20.308905,104.080002,93.125885
2016-01-19,1881.329956,158.545517,4272.259766,21.734669,115.457573,20.829365,103.980003,92.837021
2016-01-20,1859.329956,156.513763,4124.950195,21.763901,111.045441,19.696745,105.370003,93.81459
2016-01-21,1868.98999,157.390503,4206.399902,21.653719,114.797813,20.284636,105.489998,93.177689
2016-01-22,1906.900024,160.619446,4336.689941,22.804983,118.055374,21.174549,105.0,92.822189
2016-01-25,1877.079956,158.191452,4311.330078,22.359766,118.673927,20.778131,106.080002,93.325813
2016-01-26,1903.630005,160.34967,4356.810059,22.48344,119.498581,21.384895,107.290001,93.370262
2016-01-27,1882.949951,158.604568,4380.359863,21.006128,120.488228,21.654564,107.690002,93.348053
2016-01-28,1893.359985,159.43071,4322.160156,21.156784,118.508957,21.689621,106.540001,93.481293
2016-01-29,1940.23999,163.317184,4417.02002,21.887568,122.2201,22.069855,106.949997,94.273743
2016-02-01,1939.380005,163.25824,4392.330078,21.682957,121.849007,21.573658,108.050003,93.9851
2016-02-02,1903.030029,160.315948,4283.990234,21.244474,119.745987,20.605543,108.089996,95.72876
2016-02-03,1912.530029,161.276962,4226.959961,21.664963,125.147781,20.721497,109.25,94.93486
2016-02-04,1915.449951,161.529922,4228.529785,21.839039,126.013702,21.161064,110.57,95.394875
2016-02-05,1880.050049,158.452789,4200.669922,21.255762,125.931206,20.983082,112.32,95.506165
2016-02-08,1853.439941,156.319824,4066.310059,21.479578,125.106514,20.58667,113.830002,97.561417
2016-02-09,1852.209961,156.328293,3997.540039,21.475054,121.849007,19.850462,113.580002,97.665268
2016-02-10,1851.859985,156.193375,4061.199951,21.312283,122.2201,19.696745,114.459999,98.525925
2016-02-11,1829.079956,154.161652,3896.709961,21.183414,117.56057,19.052244,119.059998,99.215988
2016-02-12,1864.780029,157.339905,3995.060059,21.248978,120.405769,20.494976,118.360001,97.56884
2016-02-16,1895.579956,159.99559,4110.660156,21.848087,123.168518,20.91297,114.769997,96.537445
2016-02-17,1926.819946,162.6091,4233.470215,22.182678,128.240356,21.22039,115.480003,95.943924
2016-02-18,1917.829956,161.943039,4239.759766,21.762167,126.673477,21.330954,118.290001,97.123627
2016-02-19,1917.780029,161.867188,4223.040039,21.712439,127.41571,21.433437,117.580002,97.205223
2016-02-22,1945.5,164.210861,4298.700195,21.902336,128.364059,22.021317,115.489998,97.153328
2016-02-23,1921.27002,162.136932,4238.419922,21.407234,125.353935,21.476582,117.220001,97.546585
2016-02-24,1929.800049,162.87886,4155.339844,21.726002,122.467529,21.107124,117.610001,97.353622
2016-02-25,1951.699951,164.851562,4248.450195,21.875208,123.99321,21.50355,117.919998,97.702393
2016-02-26,1948.050049,164.472198,4314.569824,21.90913,126.34359,22.024017,117.110001,96.760071
2016-02-29,1932.22998,163.182343,4353.549805,21.85939,126.838409,22.315254,118.639999,97.182991
2016-03-01,1978.349976,167.018219,4406.839844,22.727524,127.58062,22.409636,117.769997,95.471741
2016-03-02,1986.449951,167.7686,4424.890137,22.77726,127.828041,22.765604,118.68,95.865715
2016-03-03,1993.400024,168.426147,4416.080078,22.946814,126.75592,22.76022,120.730003,96.215088
2016-03-04,1999.98999,168.974152,4456.620117,23.288191,126.467285,23.016397,120.540001,95.598137
2016-03-07,2001.76001,169.10907,4442.290039,23.03047,127.539398,23.089218,121.139999,95.568375
2016-03-08,1979.26001,167.262726,4404.02002,22.840553,127.663132,22.67392,120.580002,96.623978
2016-03-09,1989.26001,168.088974,4425.649902,22.86091,128.281616,22.708982,119.580002,96.036697
2016-03-10,1989.569946,168.223785,4350.350098,22.872208,127.291992,22.007833,121.5,95.642731
2016-03-11,2022.189941,170.938477,4492.790039,23.118635,129.848557,22.841116,119.410004,94.676353
2016-03-14,2019.640015,170.719315,4506.589844,23.177418,131.539139,22.695492,117.870003,94.973679
2016-03-15,2015.930054,170.441055,4472.629883,23.643139,128.529068,22.379976,117.959999,95.062866
2016-03-16,2027.219971,171.42749,4463.0,23.95738,127.869286,22.58493,120.589996,95.345329
2016-03-17,2040.589966,172.515015,4442.890137,23.918951,125.065285,23.113487,120.129997,95.739342
2016-03-18,2049.580078,173.192886,4462.509766,23.946075,125.642593,23.132357,119.800003,95.940109
2016-03-21,2051.600098,173.43866,4427.799805,23.943815,124.15815,22.612587,118.959999,95.204155
2016-03-22,2049.800049,173.345444,4431.970215,24.126938,122.673729,22.63995,119.309998,95.181824
2016-03-23,2036.709961,172.201447,4423.97998,23.993557,123.828285,22.352716,116.610001,96.259743
2016-03-24,2035.939941,172.125183,4329.680176,23.889561,121.395386,21.972462,116.330002,96.296875
2016-03-29,2055.01001,173.820007,4366.669922,24.343967,124.364304,21.90954,118.760002,97.434212
2016-03-30,2063.949951,174.582657,4444.419922,24.769001,127.41571,22.421099,117.099998,96.408386
2016-03-31,2059.73999,174.158966,4385.060059,24.640135,124.116913,21.917749,117.639999,97.092323
2016-04-01,2072.780029,175.345291,4322.240234,24.866207,122.714951,21.220165,116.93,97.345589
2016-04-04,2066.129883,174.777603,4345.220215,25.121679,123.044769,21.433546,116.150002,97.405151
2016-04-05,2045.170044,173.031921,4250.279785,24.825518,119.86972,20.979427,117.660004,98.470421
2016-04-06,2066.659912,174.921646,4284.640137,25.085499,120.488228,21.272144,116.940002,97.75531
2016-04-07,2041.910034,172.828522,4245.910156,24.538397,119.704788,21.108002,118.610001,98.962029
2016-04-08,2047.599976,173.294586,4303.120117,24.565525,120.117134,21.890383,118.43,98.336288
2016-04-11,2041.98999,172.887848,4312.629883,24.646917,120.447021,21.988871,120.029999,98.209656
2016-04-12,2061.719971,174.497971,4345.910156,24.967951,122.302567,22.393747,120.050003,97.531769
2016-04-13,2082.419922,176.260529,4490.310059,25.329666,127.456917,23.288296,118.769997,97.874428
2016-04-14,2082.780029,176.268951,4511.509766,25.343235,126.590981,23.425064,117.110001,97.405151
2016-04-15,2080.72998,176.074127,4495.169922,24.834558,125.683815,23.277349,117.919998,98.239487
2016-04-18,2094.340088,177.311325,4506.839844,24.298758,125.560143,23.113211,117.739998,97.814857
2016-04-19,2100.800049,177.870575,4566.47998,24.169899,128.405197,23.463369,119.580002,97.509438
2016-04-20,2102.399902,178.040085,4591.919922,24.219627,129.283844,23.71505,118.970001,96.43679
2016-04-21,2091.47998,177.082489,4582.830078,23.95738,127.275543,23.881912,119.419998,95.863174
2016-04-22,2091.580078,177.082489,4569.660156,23.891817,125.309074,23.977669,117.889999,95.617348
2016-04-25,2087.790039,176.777466,4546.120117,23.756174,124.514145,23.865505,118.230003,95.222549
2016-04-26,2091.699951,177.040131,4533.180176,23.591135,123.468163,23.928419,118.699997,94.790504
2016-04-27,2095.149902,177.40451,4559.399902,22.114855,123.175262,24.601385,119.040001,95.736557
2016-04-28,2075.810059,175.794464,4557.359863,21.438885,125.016182,24.686186,121.290001,96.131393
2016-04-29,2065.300049,174.845322,4428.959961,21.192457,121.41803,24.035105,123.650002,96.377213
2016-05-02,2081.429932,176.235123,4442.75,21.169847,123.217094,24.035105,123.239998,95.406853
2016-05-03,2063.370117,174.701279,4371.97998,21.518007,121.083282,23.375824,122.959999,96.608566
2016-05-04,2051.120117,173.726776,4324.22998,21.294191,120.204674,23.061234,122.209999,97.138504
2016-05-05,2050.629883,173.692902,4319.459961,21.207758,120.832275,23.277349,122.07,97.787895
2016-05-06,2057.139893,174.32843,4301.240234,21.089487,120.246513,23.493464,123.18,97.369911
2016-05-09,2058.689941,174.472473,4322.810059,21.105402,121.794556,23.022938,120.650002,97.675926
2016-05-10,2084.389893,176.64183,4338.209961,21.248703,124.555977,23.343004,120.980003,97.68338
2016-05-11,2064.459961,174.989395,4316.669922,21.041727,122.547699,23.463369,122.120003,98.235748
2016-05-12,2064.110107,175.040237,4293.27002,20.548143,121.125137,23.39772,121.160004,97.787895
2016-05-13,2046.609985,173.514923,4319.990234,20.589094,121.627228,23.427805,121.709999,98.735847
2016-05-16,2066.659912,175.2267,4312.279785,21.353329,121.37619,23.608355,121.800003,97.884949
2016-05-17,2047.209961,173.591232,4297.569824,21.264624,120.455696,23.564598,122.220001,98.049133
2016-05-18,2047.630005,173.642044,4319.299805,21.507998,121.166977,23.613827,120.099998,96.653374
2016-05-19,2040.040039,173.040375,4282.540039,21.426113,118.991333,23.050285,119.870003,97.071335
2016-05-20,2052.320068,174.133484,4353.899902,21.658117,120.664902,23.529022,119.709999,97.145973
2016-05-23,2048.040039,173.896286,4325.100098,21.933336,119.158669,23.192543,119.370003,97.36245
2016-05-24,2076.060059,176.150375,4431.52002,22.267694,121.083282,23.589203,117.300003,96.929535
2016-05-25,2090.540039,177.345169,4481.640137,22.658913,120.079178,24.111706,116.980003,96.563766
2016-05-26,2090.100098,177.396027,4512.640137,22.838606,120.330177,24.089825,116.580002,97.063881
2016-05-27,2099.060059,178.158691,4514.740234,22.824955,121.37619,24.018703,115.620003,96.922096
2016-05-31,2096.949951,177.819763,4505.620117,22.713509,120.539406,23.895597,116.059998,97.153473
2016-06-01,2099.330078,178.184158,4475.390137,22.395073,120.832275,23.542706,115.940002,97.54763
2016-06-02,2105.26001,178.726501,4466.0,22.226755,121.627228,23.16519,115.669998,98.250679
2016-06-03,2099.129883,178.192627,4421.779785,22.272243,121.543533,23.140566,118.879997,99.649323
2016-06-06,2109.409912,179.09935,4423.379883,22.433737,121.543533,23.573565,118.919998,98.908905
2016-06-07,2112.129883,179.378998,4475.859863,22.524717,125.016182,24.295238,118.82,99.148247
2016-06-08,2119.120117,179.963699,4448.72998,22.504242,123.468163,24.075956,120.580002,99.679268
2016-06-09,2115.47998,179.717926,4405.609863,22.665739,121.961922,23.784515,121.25,100.322517
2016-06-10,2096.070068,178.014664,4306.720215,22.479223,119.409744,23.343189,121.739998,100.808655
2016-06-13,2079.060059,176.64183,4227.02002,22.140318,117.568779,23.026772,122.639999,101.257423
2016-06-14,2075.320068,176.294403,4130.330078,22.167618,114.723717,22.23571,122.769997,101.182655
2016-06-15,2071.5,176.04866,4171.580078,22.094826,116.480965,22.435562,123.68,101.571609
2016-06-16,2077.98999,176.57402,4153.009766,22.188086,115.142136,22.471634,122.379997,102.065277
2016-06-17,2071.219971,175.916473,4193.830078,21.683142,115.058434,22.904633,123.949997,101.429504
2016-06-20,2083.25,177.049377,4340.759766,21.630823,120.413887,23.715134,123.209999,100.344955
2016-06-21,2088.899902,177.551926,4367.240234,21.815062,119.828117,23.881664,120.839996,99.881226
2016-06-22,2085.449951,177.26239,4380.029785,21.733181,119.451561,23.887218,120.900002,100.045776
2016-06-23,2113.320068,179.570786,4465.899902,21.858276,120.999619,24.253601,120.110001,98.901413
2016-06-24,2037.410034,173.122543,4106.72998,21.244154,113.091957,22.549353,126.0,101.55661
2016-06-27,2000.540039,170.021973,4030.300049,20.934818,109.954002,22.385592,126.68,104.092209
2016-06-28,2036.089966,173.08847,4088.850098,21.287367,112.673576,22.976807,125.32,104.309082
2016-06-29,2070.77002,176.03569,4195.319824,21.471609,113.594032,23.842808,125.839996,103.508789
2016-06-30,2098.860107,178.43782,4237.47998,21.744551,113.803246,24.081516,126.470001,103.890228
2016-07-01,2102.949951,178.812637,4273.959961,21.810514,113.928734,24.289675,128.410004,105.332703
2016-07-05,2088.550049,177.526413,4163.419922,21.605803,112.589928,23.695698,129.470001,106.651527
2016-07-06,2099.72998,178.591187,4085.300049,21.72863,110.874489,23.184975,130.229996,106.823814
2016-07-07,2097.899902,178.480392,4117.850098,21.821888,111.543922,23.343189,129.740005,106.816292
2016-07-08,2129.899902,181.138077,4190.680176,21.990204,112.464378,23.67627,130.520004,107.603203
2016-07-11,2137.159912,181.776947,4264.529785,22.058435,115.058434,24.064856,129.289993,106.659004
2016-07-12,2152.139893,183.09726,4331.379883,22.158516,116.899361,24.389612,127.150002,104.905571
2016-07-13,2152.429932,183.071686,4335.259766,22.033419,116.522804,24.148127,128.320007,106.141922
2016-07-14,2163.75,184.093872,4385.52002,22.470135,117.987175,24.536716,127.330002,104.59832
2016-07-15,2161.73999,183.846817,4372.509766,22.467852,117.150383,24.386826,126.839996,103.699127
2016-07-18,2166.889893,184.340897,4357.740234,22.706673,117.443268,24.139793,127.040001,103.601723
2016-07-19,2163.780029,184.153549,4330.129883,22.715776,116.606461,24.170336,127.209999,104.186234
2016-07-20,2173.02002,184.92009,4379.759766,22.736248,118.949493,24.18976,125.389999,103.616745
2016-07-21,2165.169922,184.221649,4376.25,22.615702,119.242371,24.092621,127.300003,103.826508
2016-07-22,2175.030029,185.047867,4381.100098,22.440556,119.075035,23.917753,126.349998,104.006348
2016-07-25,2168.47998,184.545319,4388.0,22.140318,120.87413,23.454214,125.470001,103.93145
2016-07-26,2169.179932,184.630524,4394.77002,21.987925,120.246513,23.559689,126.0,104.096321
2016-07-27,2166.580078,184.43457,4446.959961,23.41634,129.241974,23.695698,128.029999,105.392624
2016-07-28,2170.060059,184.647552,4420.580078,23.732506,128.321503,23.584673,127.660004,105.1978
2016-07-29,2173.600098,184.945648,4439.810059,23.702925,128.363358,23.737333,128.979996,106.074532
2016-08-01,2170.840088,184.792358,4409.169922,24.121445,127.944969,23.368168,129.220001,104.924431
2016-08-02,2157.030029,183.608337,4327.990234,23.764332,125.099884,23.01844,130.270004,103.843483
2016-08-03,2163.790039,184.144989,4321.080078,24.062302,125.392769,23.093384,129.649994,103.903519
2016-08-04,2164.25,184.340897,4345.629883,24.210949,125.392769,23.440332,129.869995,104.684265
2016-08-05,2182.870117,185.848663,4410.549805,24.579134,128.363358,23.84004,127.550003,103.595711
2016-08-08,2180.889893,185.737915,4415.459961,24.782667,127.191841,23.867783,127.440002,103.790886
2016-08-09,2181.73999,185.848663,4468.069824,24.883282,128.530731,24.089834,127.959999,104.811836
2016-08-10,2175.48999,185.388672,4452.009766,24.698051,128.070511,23.898323,128.559998,105.217262
2016-08-11,2185.790039,186.248962,4503.950195,24.682041,130.706375,24.159231,127.669998,104.278862
2016-08-12,2184.050049,186.087097,4500.189941,24.739212,132.714661,24.064856,127.400002,105.157188
2016-08-15,2190.149902,186.623749,4497.859863,25.036505,132.798325,24.100941,127.839996,104.166222
2016-08-16,2178.149902,185.661224,4460.439941,25.013639,131.501297,24.153677,128.470001,103.888481
2016-08-17,2182.219971,186.010498,4417.680176,24.977047,130.580841,24.062082,128.5,104.511551
2016-08-18,2187.02002,186.427887,4437.060059,24.945032,131.71051,24.231394,129.110001,104.67675
2016-08-19,2183.870117,186.155304,4400.52002,25.009062,131.417633,23.906656,127.970001,104.128754
2016-08-22,2182.639893,186.146744,4389.939941,24.814678,130.664505,23.568026,127.779999,105.007027
2016-08-23,2186.899902,186.521515,4421.450195,24.892429,131.292099,23.745661,127.760002,105.119637
2016-08-24,2175.439941,185.56752,4435.470215,24.704914,131.626862,23.723459,126.339996,104.871864
2016-08-25,2172.469971,185.439758,4406.609863,24.599716,130.204315,23.637411,126.230003,104.474075
2016-08-26,2169.040039,185.0905,4441.870117,24.455643,130.455307,24.103714,126.050003,103.865959
2016-08-29,2180.379883,186.001953,4424.25,24.428198,130.12059,23.878885,126.300003,105.254799
2016-08-30,2176.120117,185.695282,4457.490234,24.240677,129.493042,24.145346,125.029999,104.849403
2016-08-31,2170.949951,185.16716,4438.220215,24.263544,126.940804,23.731781,124.779999,104.999573
2016-09-01,2170.860107,185.175674,4439.669922,24.407621,127.693932,23.620764,125.290001,105.115326
2016-09-02,2179.97998,186.010498,4542.169922,24.636301,130.706375,24.41737,126.57,104.258003
2016-09-06,2186.47998,186.572632,4529.959961,24.629436,130.664505,24.478434,128.710007,105.01757
2016-09-07,2186.159912,186.555649,4557.660156,24.780378,130.915573,24.761547,128.270004,104.942406
2016-09-08,2181.300049,186.129715,4542.200195,24.130907,128.949127,24.672726,127.589996,103.626282
2016-09-09,2127.810059,181.674683,4491.399902,23.584349,127.359222,24.3452,126.75,101.919106
2016-09-12,2159.040039,184.281281,4439.799805,24.112612,127.191841,24.112043,126.589996,101.971733
2016-09-13,2127.02002,181.632156,4387.180176,24.686621,126.187721,23.315437,125.75,100.813583
2016-09-14,2125.77002,181.563995,4370.259766,25.560192,123.342621,23.032316,126.18,100.964012
2016-09-15,2147.26001,183.378311,4373.220215,26.429201,123.551819,23.043415,125.370003,100.527763
2016-09-16,2139.159912,182.669495,4332.450195,26.28055,122.715034,22.541031,125.059998,101.339996
2016-09-19,2139.120117,182.70372,4394.189941,25.974112,124.723328,23.14057,125.32,101.009132
2016-09-20,2139.76001,182.712311,4388.600098,25.97183,125.560112,23.015663,125.440002,101.362572
2016-09-21,2163.120117,184.766998,4409.549805,25.967258,125.685646,23.051748,127.269997,102.182289
2016-09-22,2177.179932,185.931274,4509.819824,26.211948,129.032806,23.901098,127.57,102.994545
2016-09-23,2164.689941,184.912521,4488.689941,25.77516,128.656219,23.612425,127.650002,102.896782
2016-09-26,2146.100098,183.414337,4407.850098,25.814034,126.982651,23.165548,127.550003,103.551102
2016-09-27,2159.929932,184.552948,4398.680176,25.862059,127.066368,22.968374,126.620003,104.310654
2016-09-28,2171.370117,185.468994,4432.450195,26.058727,127.526566,23.081049,126.220001,104.085014
2016-09-29,2151.129883,183.791,4443.839844,25.653955,126.10405,24.038763,126.07,104.348236
2016-09-30,2168.27002,185.177917,4448.259766,25.852909,127.02449,23.757084,125.639999,103.415695
2016-10-03,2161.199951,184.732742,4453.560059,25.731709,127.191841,23.844408,125.32,103.074364
2016-10-04,2150.48999,183.791,4503.089844,25.841475,131.041107,24.286644,120.970001,101.868942
2016-10-05,2159.72998,184.604279,4489.950195,25.852909,130.748215,24.264118,120.779999,101.394279
2016-10-06,2160.77002,184.732742,4480.100098,26.045002,129.702194,24.255663,119.660004,100.829239
2016-10-07,2153.73999,184.099182,4449.910156,26.083876,130.036926,24.185247,119.739998,100.897026
2016-10-10,2163.659912,185.058029,4497.259766,26.538967,131.417633,24.66128,120.160004,100.301849
2016-10-11,2136.72998,182.720871,4471.740234,26.596149,137.317032,24.416218,119.550003,100.075821
2016-10-12,2139.179932,182.960526,4452.240234,26.833967,137.526215,24.619028,119.739998,100.173759
2016-10-13,2132.550049,182.361267,4405.169922,26.75165,136.39653,24.450026,120.029999,100.550484
2016-10-14,2132.97998,182.455444,4470.919922,26.900293,139.57634,24.861275,119.360001,99.141571
2016-10-17,2126.5,181.821884,4450.22998,26.882,138.404831,24.562691,119.68,99.774445
2016-10-18,2139.600098,182.960526,4508.910156,26.863708,139.157913,24.804941,120.419998,100.098457
2016-10-19,2144.290039,183.448547,4520.299805,26.783663,140.036545,24.875362,121.110001,100.181313
2016-10-20,2141.340088,183.106125,4540.120117,26.769941,140.664154,25.047186,120.739998,100.286743
2016-10-21,2141.159912,183.191696,4536.069824,26.664751,139.869202,24.968321,120.830002,100.437447
2016-10-24,2151.330078,183.970779,4552.580078,26.904867,140.580505,24.985218,120.559998,100.000511
2016-10-25,2143.159912,183.354324,4540.839844,27.04208,139.660034,25.047186,121.470001,100.264236
2016-10-26,2139.429932,182.986252,4534.589844,26.433781,140.622299,24.796497,120.790001,99.586098
2016-10-27,2133.040039,182.49826,4533.569824,26.179924,140.580505,25.106344,121.010002,98.501183
2016-10-28,2126.409912,181.958893,4548.580078,26.00613,140.53862,25.01338,121.580002,98.282722
2016-10-31,2126.149902,181.967453,4509.259766,25.964972,138.53035,24.630293,121.940002,98.885422
2016-11-01,2111.719971,180.649033,4470.279785,25.496168,138.195618,24.379604,122.730003,98.892998
2016-11-02,2097.939941,179.561783,4414.669922,25.519026,136.187347,23.886665,123.639999,99.32325
2016-11-03,2088.659912,178.739883,4411.680176,25.245497,136.312836,23.841585,124.300003,98.560806
2016-11-04,2085.179932,178.542999,4377.459961,25.017935,135.308701,23.731733,124.389999,99.444054
2016-11-07,2131.52002,182.481171,4461.209961,25.378819,137.442535,24.159887,122.150002,98.598564
2016-11-08,2139.560059,183.302979,4476.890137,25.528223,139.032425,24.340166,121.639999,98.198547
2016-11-09,2163.26001,185.246384,4543.47998,25.486845,138.572174,24.503536,121.559998,94.031708
2016-11-10,2167.47998,185.708725,4530.950195,24.776581,136.019989,24.557062,119.75,92.642815
2016-11-11,2164.449951,185.280624,4489.27002,24.923697,135.559738,23.914827,117.099998,92.121956
2016-11-14,2164.199951,185.426163,4508.549805,24.298475,136.145523,23.75145,116.110001,91.570946
2016-11-15,2180.389893,186.873047,4536.529785,24.620279,138.739563,24.514809,117.120003,92.023834
2016-11-16,2176.939941,186.522003,4501.140137,25.282278,135.978149,24.433115,116.769997,92.854195
2016-11-17,2187.120117,187.480881,4527.77002,25.273083,138.53035,24.607759,116.169998,91.487923
2016-11-18,2181.899902,187.061325,4504.350098,25.298357,138.279312,24.292278,115.150002,91.223709
2016-11-21,2198.179932,188.473984,4529.580078,25.682228,140.831528,24.788033,115.580002,91.450142
2016-11-22,2202.939941,188.842117,4548.350098,25.698324,140.664154,24.87818,115.540001,91.419991
2016-11-23,2204.719971,188.944794,4529.209961,25.567299,139.952896,24.819029,113.25,91.065193
2016-11-25,2213.350098,189.64682,4550.27002,25.696022,141.417282,24.844376,112.610001,91.201004
2016-11-28,2201.719971,188.756531,4510.390137,25.645454,140.162094,24.80776,113.800003,91.872864
2016-11-29,2204.659912,189.124588,4551.459961,25.620167,144.085953,24.742966,113.269997,92.257881
2016-11-30,2198.810059,188.670837,4578.339844,25.404099,144.887573,25.326056,111.75,90.763191
2016-12-01,2191.080078,187.977417,4560.609863,25.167349,143.91716,25.385208,111.540001,89.804916
2016-12-02,2191.949951,188.071594,4528.819824,25.261591,142.735779,25.297886,112.139999,90.462944
2016-12-05,2204.709961,189.201599,4574.319824,25.079992,144.381302,25.323236,111.540001,90.364586
2016-12-06,2212.22998,189.800964,4631.939941,25.273083,146.068954,25.399294,111.43,90.296547
2016-12-07,2241.350098,192.283691,4694.720215,25.521334,148.262985,25.773932,111.830002,91.068069
2016-12-08,2246.189941,192.754547,4735.47998,25.771879,148.980225,25.866884,111.57,89.994003
2016-12-09,2259.530029,193.918823,4764.069824,26.192518,148.600494,26.154203,110.400002,88.874596
2016-12-12,2256.959961,193.696274,4760.77002,26.04311,148.642685,26.472502,110.82,89.04097
2016-12-13,2271.719971,194.989014,4803.870117,26.477545,150.119415,26.720385,110.449997,89.358612
2016-12-14,2253.280029,193.379517,4769.240234,26.477545,148.938034,26.540108,108.830002,88.360207
2016-12-15,2262.030029,194.175644,4819.22998,26.622355,149.992859,26.756998,107.339996,88.806503
2016-12-16,2258.070068,193.795929,4833.27002,26.656837,151.2164,27.159805,108.050003,88.602242
2016-12-19,2262.530029,194.217834,4822.77002,26.810843,151.2164,26.982349,108.589996,89.55529
2016-12-20,2270.76001,194.967072,4849.890137,26.882101,151.047638,27.193605,107.790001,89.109039
2016-12-21,2265.179932,194.424591,4833.819824,26.907381,151.553909,27.156517,107.849998,89.502342
2016-12-22,2260.959961,194.088669,4834.629883,26.730391,151.680527,27.496006,107.589996,89.342339
2016-12-23,2263.790039,194.372879,4839.680176,26.78326,151.300766,27.593006,107.93,89.524353
2016-12-27,2268.879883,194.855164,4848.279785,26.95335,151.849289,27.601568,108.559998,89.236137
2016-12-28,2249.919922,193.244797,4848.009766,26.838427,152.608765,27.798424,108.860001,89.888329
2016-12-29,2249.26001,193.201721,4838.470215,26.831533,151.385132,27.749924,110.290001,90.206917
2016-12-30,2238.830078,192.495514,4862.310059,26.622355,153.07283,27.798424,109.610001,90.343399
2017-01-03,2257.830078,193.96814,4899.330078,26.698214,151.638336,27.918234,110.470001,90.730156
2017-01-04,2270.75,195.122147,4899.399902,26.668329,150.288177,27.903965,110.860001,91.079002
2017-01-05,2269.0,194.967072,4900.640137,26.803947,149.317749,27.918234,112.580002,92.504707
2017-01-06,2276.97998,195.664627,4909.839844,27.102762,151.258606,27.826946,111.75,91.655319
2017-01-09,2268.899902,195.018753,4887.569824,27.351013,152.693161,27.436098,112.669998,92.390953
2017-01-10,2268.899902,195.018753,4888.22998,27.378597,152.819687,27.518835,113.150002,92.330276
2017-01-11,2275.320068,195.569916,4888.709961,27.525705,154.633942,27.67289,113.5,92.641228
2017-01-12,2270.439941,195.079041,4863.970215,27.41078,157.418625,27.784155,113.910004,92.436478
2017-01-13,2274.639893,195.52684,4922.490234,27.362507,159.443878,27.86974,114.209999,91.996597
2017-01-17,2267.889893,194.837921,4859.689941,27.58317,157.671829,27.498857,115.849998,92.959709
2017-01-18,2271.889893,195.268524,4853.399902,27.580873,158.726593,27.533106,114.870003,91.769081
2017-01-19,2263.689941,194.545135,4841.140137,27.532604,160.32991,27.167929,114.769997,91.139626
2017-01-20,2271.310059,195.259872,4850.669922,27.58317,161.131516,27.453218,115.050003,90.957634
2017-01-23,2265.199951,194.751831,4821.410156,27.601557,160.625229,27.093756,115.790001,91.867661
2017-01-24,2280.070068,196.000519,4830.029785,27.576279,159.528244,27.182196,115.269997,91.238228
2017-01-25,2298.370117,197.696991,4877.669922,28.01531,161.511276,27.396162,114.32,90.093086
2017-01-26,2296.679932,197.49028,4867.240234,28.0291,160.709625,27.273478,113.260002,90.396469
2017-01-27,2294.689941,197.180237,4839.97998,28.031395,157.671829,26.945406,113.489998,90.722557
2017-01-30,2280.899902,195.957458,4784.640137,27.95784,155.56218,26.648708,113.970001,90.449539
2017-01-31,2278.870117,195.940216,4748.899902,27.89348,157.460815,26.623022,115.550003,91.079002
2017-02-01,2279.550049,196.017731,4794.580078,29.594446,158.642212,26.657265,115.199997,90.515823
2017-02-02,2280.850098,196.146851,4794.290039,29.543875,158.220261,26.528879,115.839996,90.477852
2017-02-03,2297.419922,197.498856,4825.419922,29.670301,159.443878,26.902611,116.129997,90.439827
2017-02-06,2292.560059,197.145844,4778.080078,29.948425,156.237244,26.87693,117.699997,90.987015
2017-02-07,2293.080078,197.15448,4754.470215,30.233459,155.646545,26.603065,117.459999,91.655815
2017-02-08,2294.669922,197.412781,4766.600098,30.350683,153.874527,26.720028,118.190002,92.902191
2017-02-09,2307.870117,198.583969,4826.240234,30.569996,156.532578,27.059521,117.290001,91.83065
2017-02-10,2316.100098,199.367584,4828.319824,30.500742,156.195068,27.344805,117.599998,91.777412
2017-02-13,2328.25,200.452713,4888.189941,30.770836,160.161118,27.430393,116.800003,91.488625
2017-02-14,2337.580078,201.253601,4895.819824,31.170218,160.456467,27.356216,116.93,90.8274
2017-02-15,2349.25,202.304184,4924.859863,31.283337,159.23288,27.361927,117.449997,90.409424
2017-02-16,2347.219971,202.131943,4899.459961,31.24641,160.076721,27.284904,118.080002,90.903427
2017-02-17,2351.159912,202.450577,4867.580078,31.331823,157.671829,27.068083,117.68,91.443008
2017-02-21,2365.379883,203.656219,4888.759766,31.558067,160.32991,27.615833,117.75,91.283432
2017-02-22,2362.820068,203.475403,4895.879883,31.65271,162.439484,27.561625,117.910004,91.435432
2017-02-23,2363.810059,203.61319,4891.290039,31.518824,162.18634,27.553068,118.940002,91.70903
2017-02-24,2367.340088,203.871506,4845.240234,31.548824,160.920563,27.236401,119.699997,92.727394
2017-02-27,2369.75,204.190125,4845.180176,31.611155,160.203323,26.953964,119.120003,92.180222
2017-02-28,2363.639893,203.639023,4858.580078,31.625015,159.865784,26.845558,119.230003,92.522179
2017-03-01,2395.959961,206.489471,4960.830078,32.271412,164.802231,27.244955,119.059998,90.971863
2017-03-02,2381.919922,205.189133,4963.799805,32.079796,163.789612,27.270634,117.580002,90.64444
2017-03-03,2383.120117,205.318253,4995.129883,32.269093,164.000626,27.430393,117.510002,90.880486
2017-03-06,2375.310059,204.706818,4972.189941,32.167526,163.494308,27.40472,116.720001,90.446457
2017-03-07,2368.389893,204.095459,4955.0,32.209072,163.494308,27.219282,115.779999,90.172348
2017-03-08,2362.97998,203.716507,4960.47998,32.08902,164.380356,26.911175,115.059998,89.685013
2017-03-09,2364.870117,203.974854,4981.509766,32.015148,165.097595,26.697214,114.470001,88.969254
2017-03-10,2372.600098,204.689636,4993.319824,32.121349,165.730469,26.968239,114.720001,89.281441
2017-03-13,2373.469971,204.792969,4999.600098,32.135208,167.291565,26.874086,114.739998,88.717972
2017-03-14,2365.449951,204.009247,4974.259766,32.086735,167.375992,26.417629,114.120003,89.144379
2017-03-15,2385.26001,205.774689,4985.47998,32.426083,166.91188,26.805611,116.25,90.233284
2017-03-16,2381.379883,205.369888,5013.379883,32.479179,167.713501,26.891199,116.730003,89.776337
2017-03-17,2378.25,205.009232,5029.240234,32.317585,170.034088,27.02243,116.989998,90.339859
2017-03-20,2373.469971,204.784393,5012.160156,32.656937,168.768326,26.617821,117.510002,90.728226
2017-03-21,2344.02002,202.155014,5002.430176,32.282959,167.671295,26.773886,118.540001,91.482079
2017-03-22,2348.449951,202.630768,4994.700195,32.647697,168.430771,26.727638,118.830002,91.84758
2017-03-23,2345.959961,202.414505,5032.759766,32.53228,170.413803,26.877937,118.669998,91.718132
2017-03-24,2343.97998,202.267502,5020.899902,32.46764,169.696548,26.710304,118.860001,92.045547
2017-03-27,2341.590088,202.059891,5017.430176,32.523037,170.076279,26.661173,119.529999,92.464355
2017-03-28,2358.570068,203.530258,5046.200195,33.197144,169.991882,26.8288,119.040001,91.84758
2017-03-29,2361.129883,203.720581,5069.040039,33.271019,170.962326,26.944401,119.330002,92.395836
2017-03-30,2368.060059,204.369217,5089.640137,33.227158,171.215439,27.210289,118.470001,91.649605
2017-03-31,2362.719971,203.893524,5122.509766,33.164818,173.704788,27.406816,118.720001,91.916092
2017-04-03,2358.840088,203.538925,5085.910156,33.174049,172.185883,27.146704,119.349998,92.843254
2017-04-04,2360.159912,203.66864,5101.129883,33.421066,174.000137,27.600451,119.620003,92.339607
2017-04-05,2352.949951,203.063232,5091.850098,33.247932,172.77655,27.744965,119.620003,92.621902
2017-04-06,2357.48999,203.634064,5121.439941,33.164818,174.886154,28.051304,119.18,92.48455
2017-04-07,2355.540039,203.426483,5135.279785,33.090942,176.573822,28.322987,119.459999,92.110641
2017-04-10,2357.159912,203.547546,5107.450195,33.051704,175.054932,28.109118,119.459999,92.537979
2017-04-11,2353.780029,203.305389,5101.859863,32.696175,176.025345,28.166922,121.190002,93.415543
2017-04-12,2344.929932,202.414505,5101.109863,32.735428,176.236267,28.114885,122.019997,93.926788
2017-04-13,2328.949951,201.099854,5071.100098,32.562283,176.025345,27.762293,122.599998,94.216751
2017-04-18,2342.189941,202.276123,4990.25,32.596901,174.337662,27.233414,122.82,95.155365
2017-04-19,2338.169922,201.904266,5003.72998,32.476875,175.021332,27.083136,121.730003,94.636414
2017-04-20,2355.840088,203.547546,5077.910156,32.883186,177.243286,27.207397,121.959999,94.270195
2017-04-21,2348.689941,202.898865,5059.200195,32.843948,176.81601,26.866369,122.309998,94.270195
2017-04-24,2374.149902,205.130341,5268.850098,33.160202,183.481842,27.643806,121.480003,93.80471
2017-04-25,2388.610107,206.323883,5277.879883,33.365665,190.703171,27.643806,120.25,92.675369
2017-04-26,2387.449951,206.194229,5287.879883,33.169434,192.156006,27.655363,120.839996,93.186615
2017-04-27,2388.77002,206.367188,5271.700195,33.194836,193.053314,27.331663,120.389999,93.15612
2017-04-28,2384.199951,205.917404,5267.330078,33.162506,193.566071,27.265196,120.769997,93.362129
2017-05-02,2391.169922,206.514175,5304.149902,34.053612,194.890717,27.077349,119.650002,93.060066
2017-05-03,2388.129883,206.263382,5301.0,33.94973,197.283569,27.031105,117.980003,93.121277
2017-05-04,2389.52002,206.505539,5372.419922,33.827381,200.317383,27.192947,116.790001,92.662415
2017-05-05,2399.290039,207.318573,5432.399902,34.388363,203.479416,27.744965,117.010002,92.746567
2017-05-08,2399.379883,207.283966,5382.950195,35.32333,199.676422,27.635132,116.75,92.241882
2017-05-09,2396.919922,207.093689,5398.009766,35.549568,199.676422,27.643806,116.050003,92.234245
2017-05-10,2399.629883,207.465607,5400.459961,35.381046,198.56546,27.840332,116.040001,92.12722
2017-05-11,2394.439941,207.041763,5383.419922,35.687031,199.377335,27.681374,116.5,92.12722
2017-05-12,2390.899902,206.695816,5405.419922,36.185425,197.83905,27.733395,116.830002,92.823051
2017-05-15,2402.320068,207.837494,5417.399902,36.092709,197.582687,27.947256,117.139999,92.570679
2017-05-16,2400.669922,207.647186,5406.100098,36.039375,198.351807,28.14957,117.650002,92.914795
2017-05-17,2357.030029,203.962723,5317.890137,34.829342,194.847961,28.005068,119.790001,94.268227
2017-05-18,2365.719971,204.784393,5289.72998,35.360176,195.702545,27.889471,118.809998,94.375343
2017-05-19,2381.72998,206.116348,5324.399902,35.480713,195.788025,27.976162,119.400002,94.597046
2017-05-22,2394.02002,207.162872,5322.879883,35.696304,195.0616,27.967495,119.900002,94.337067
2017-05-23,2398.419922,207.621292,5348.160156,35.652256,194.249741,27.860571,119.139999,93.702431
2017-05-24,2404.389893,208.105667,5341.339844,35.545624,194.078812,27.828775,119.610001,94.230019
2017-05-25,2415.070068,209.100235,5337.160156,35.668488,195.873489,27.588896,119.480003,94.260605
2017-05-26,2415.820068,209.057053,5336.640137,35.608215,194.335251,27.418379,120.540001,94.421188
2017-05-30,2412.909912,208.875366,5305.939941,35.622124,193.736969,27.487738,120.139999,94.887589
2017-05-31,2411.800049,208.823517,5283.629883,35.411171,194.121536,27.323,120.620003,95.124718
2017-06-01,2430.060059,210.484177,5318.669922,35.508526,195.702545,27.268093,120.720001,95.134644
2017-06-02,2439.070068,211.184738,5343.410156,36.034733,197.79631,27.051331,121.610001,96.26107
2017-06-05,2436.100098,211.029053,5307.890137,35.682388,196.770828,26.837523,121.730003,95.663406
2017-06-06,2429.330078,210.354401,5269.220215,35.802925,193.352402,26.796513,123.099998,96.184456
2017-06-07,2433.139893,210.743622,5265.529785,36.01619,194.890717,26.550497,122.449997,95.724693
2017-06-08,2433.790039,210.847412,5264.240234,35.928101,193.993362,26.673504,121.650002,95.471817
2017-06-09,2431.77002,210.527405,5299.709961,34.534939,194.762497,26.767235,120.540001,95.326233
2017-06-12,2429.389893,210.484177,5240.589844,33.709682,191.51503,26.644226,120.360001,95.295578
2017-06-13,2440.350098,211.513428,5261.740234,33.980915,194.548874,26.635429,120.480003,95.310898
2017-06-14,2437.919922,211.245255,5243.290039,33.649433,194.762497,26.216593,119.82,96.782219
2017-06-15,2432.459961,210.83873,5216.879883,33.447758,193.480606,26.061371,119.32,96.628891
2017-06-16,2433.149902,210.884781,5263.310059,32.979496,197.155396,26.248812,119.339996,96.820473
2017-06-19,2453.459961,212.640442,5310.720215,33.922958,198.950058,26.447979,118.43,96.682564
2017-06-20,2437.030029,211.206375,5293.649902,33.614658,198.60817,26.099443,118.18,97.548409
2017-06-21,2435.610107,211.154251,5274.259766,33.814007,198.180893,26.008646,118.519997,97.747704
2017-06-22,2434.5,211.058624,5281.930176,33.758389,198.138138,25.979357,118.919998,97.96225
2017-06-23,2438.300049,211.310684,5266.120117,33.909054,197.967285,25.838766,119.43,97.916313
2017-06-26,2439.070068,211.449722,5295.75,33.802418,197.283569,25.83584,118.360001,98.284081
2017-06-27,2419.379883,209.746231,5258.580078,33.317944,196.38623,26.008646,118.809998,97.234261
2017-06-28,2440.689941,211.623566,5252.899902,33.804741,193.69426,26.029142,118.900002,96.91243
2017-06-29,2419.699951,209.763657,5154.350098,33.306351,186.515625,25.715754,118.32,96.100197
2017-06-30,2423.409912,210.154678,5120.680176,33.385162,186.558365,25.355499,118.019997,95.877937
2017-07-03,2429.01001,210.511047,5195.720215,33.264622,188.823059,25.865129,116.089996,95.569275
2017-07-05,2432.540039,210.997818,5180.100098,33.401386,189.549484,25.378927,116.519997,95.5923
2017-07-06,2409.75,209.068298,5152.399902,33.086128,187.327499,25.247133,116.470001,94.801369
2017-07-07,2425.179932,210.424179,5145.160156,33.422256,184.934631,24.872234,115.279999,94.2332
2017-07-10,2427.429932,210.650131,5165.640137,33.626244,185.276474,25.050898,115.470001,94.371407
2017-07-11,2425.530029,210.493698,5140.600098,33.73521,183.310913,24.995249,115.620003,94.532646
2017-07-12,2443.25,212.0755,5222.129883,33.783863,184.891922,25.232487,116.029999,95.185326
2017-07-13,2447.830078,212.4319,5235.399902,34.254448,184.934631,25.252995,115.82,94.586395
2017-07-14,2459.27002,213.422623,5235.310059,34.54884,187.797546,25.384794,116.769997,94.701569
2017-07-17,2459.139893,213.396576,5230.169922,34.669395,190.019531,25.346714,117.290001,94.962631
2017-07-18,2460.610107,213.509583,5173.27002,34.789921,187.156601,25.138769,118.110001,95.791962
2017-07-19,2473.830078,214.665512,5216.069824,35.007824,189.934052,25.414078,118.080002,95.830338
2017-07-20,2473.449951,214.761093,5199.220215,34.850189,189.976791,25.39065,118.239998,96.106758
2017-07-21,2472.540039,214.569946,5117.660156,34.833965,187.370239,25.021612,119.260002,96.513733
2017-07-24,2469.909912,214.517761,5127.700195,35.255867,187.284775,24.98646,119.309998,96.137505
2017-07-25,2477.129883,215.039215,5161.080078,35.406532,187.028381,25.170971,118.919998,94.885864
2017-07-26,2477.830078,215.047928,5190.169922,35.573452,186.302002,25.317425,119.879997,95.039444
2017-07-27,2475.419922,214.848038,5186.950195,34.901188,184.635513,25.188553,119.790001,94.571053
2017-07-28,2472.100098,214.595963,5131.390137,34.655479,182.157227,25.182692,120.690002,95.131569
2017-07-31,2470.300049,214.474289,5093.77002,34.476982,181.772629,25.165117,120.75,95.24675
2017-08-01,2476.350098,214.952316,5127.029785,34.782978,184.507339,25.449228,120.650002,95.915466
2017-08-02,2477.570068,215.056641,5107.25,36.426502,183.78093,25.56345,120.400002,95.96936
2017-08-03,2472.159912,214.63945,5130.490234,36.062572,187.156601,25.522451,120.589996,96.96209
2017-08-04,2476.830078,215.030563,5203.439941,36.25264,189.634933,25.727474,119.650002,96.138649
2017-08-07,2480.909912,215.430328,5207.890137,36.813622,190.14769,25.680609,119.510002,96.246368
2017-08-08,2474.919922,214.900208,5218.890137,37.108013,190.361359,25.72455,119.860001,95.900124
2017-08-09,2474.02002,214.891495,5145.700195,37.335197,185.575592,25.45215,121.309998,96.423386
2017-08-10,2438.209961,211.858261,5115.22998,36.145992,183.866394,25.504873,122.209999,97.246788
2017-08-11,2441.320068,212.171143,5060.919922,36.64867,183.268188,25.042114,122.790001,97.292946
2017-08-14,2465.840088,214.274414,5121.669922,37.200222,185.105576,25.106558,121.919998,96.792732
2017-08-15,2464.610107,214.248291,5140.25,37.607479,185.490112,25.039179,120.980003,96.384888
2017-08-16,2468.110107,214.622086,5176.609863,37.456207,187.242065,25.214912,121.870003,96.738884
2017-08-17,2430.01001,211.27594,5146.850098,36.737114,187.669373,25.047964,122.489998,97.462265
2017-08-18,2425.550049,210.945648,5114.149902,36.653336,186.045609,24.98353,122.300003,97.439201
2017-08-21,2428.370117,211.110794,5087.589844,36.585846,185.447433,25.059681,122.760002,97.677719
2017-08-22,2452.51001,213.318359,5131.859863,37.183922,187.113846,25.434578,122.209999,97.300674
2017-08-23,2444.040039,212.553589,5115.390137,37.230476,185.404648,25.583952,122.669998,97.962486
2017-08-24,2438.969971,212.058151,5113.129883,37.065239,186.302002,25.449228,122.290001,97.600784
2017-08-25,2443.050049,212.553589,5104.330078,37.202545,185.447433,25.378927,122.739998,97.97789
2017-08-28,2444.23999,212.56221,5079.75,37.577225,184.4646,25.267633,124.690002,97.916298
2017-08-29,2446.300049,212.805557,5031.919922,37.912338,184.763733,25.162193,124.419998,98.231812
2017-08-30,2457.590088,213.813782,5056.339844,38.014744,187.028381,25.326212,124.360001,98.201004
2017-08-31,2471.649902,215.100052,5085.589844,38.166016,188.224854,25.449228,125.82,98.493477
2017-09-01,2476.550049,215.404282,5123.259766,38.177635,189.506729,25.660107,126.059998,97.740067
2017-09-05,2457.850098,213.857239,5086.560059,37.719189,186.131088,25.7099,127.459999,99.290024
2017-09-06,2465.540039,214.587265,5101.410156,37.67963,186.216492,25.791903,126.809998,98.680832
2017-09-07,2465.100098,214.561188,5114.620117,37.528347,188.0112,25.970568,128.130005,99.69101
2017-09-08,2461.429932,214.309174,5113.490234,36.916302,187.96846,25.768484,127.970001,99.475082
2017-09-11,2488.110107,216.594955,5176.709961,37.584206,192.540527,25.991083,126.190002,98.287537
2017-09-12,2496.47998,217.325073,5209.009766,37.435272,194.976135,26.073084,126.559998,97.770897
2017-09-13,2498.370117,217.429352,5217.589844,37.153664,196.770828,26.207815,125.610001,97.385338
2017-09-14,2495.620117,217.359802,5225.200195,36.834839,196.172592,26.336679,126.160004,97.786324
2017-09-15,2500.22998,217.652405,5213.910156,37.207218,196.557159,26.316187,125.529999,97.82489
2017-09-18,2503.870117,218.115356,5229.319824,36.925602,195.916199,26.327908,124.360001,97.261963
2017-09-19,2506.649902,218.333664,5237.439941,36.93956,195.958923,26.465549,124.620003,97.022911
2017-09-20,2508.23999,218.412292,5241.660156,36.320541,196.557159,26.755518,123.620003,97.092316
2017-09-21,2500.600098,217.827072,5267.290039,35.696857,196.42897,26.878534,122.68,97.038338
2017-09-22,2502.219971,217.870773,5281.290039,35.347767,196.898987,26.907818,123.239998,97.315926
2017-09-25,2496.659912,217.425339,5267.129883,35.035927,197.198135,27.094864,124.529999,97.925102
2017-09-26,2496.840088,217.556351,5268.759766,35.63866,197.710892,26.872194,123.139999,97.747772
2017-09-27,2507.040039,218.40358,5281.959961,35.892334,197.283569,26.786089,121.980003,96.27494
2017-09-28,2510.060059,218.665558,5293.77002,35.671246,197.24086,26.84844,122.209999,95.989624
2017-09-29,2519.360107,219.434189,5329.810059,35.866737,199.505493,26.985008,121.580002,96.205528
2017-10-02,2529.120117,220.386246,5350.439941,35.794594,199.334595,26.860321,120.769997,96.02935
2017-10-03,2534.580078,220.857941,5367.410156,35.950508,200.744675,27.088921,120.830002,96.122055
2017-10-04,2537.73999,221.119995,5363.22998,35.717793,200.70195,26.940475,121.169998,96.129807
2017-10-05,2552.070068,222.430115,5379.209961,36.162285,200.146484,27.157213,120.519997,95.766678
2017-10-06,2549.330078,222.176788,5359.899902,36.141331,196.898987,27.050335,121.089996,95.496193
2017-10-09,2544.72998,221.809952,5365.830078,36.267021,198.437256,27.04439,122.080002,95.797523
2017-10-10,2550.639893,222.395203,5363.649902,36.280972,202.88118,27.047361,122.400002,95.952103
2017-10-11,2555.23999,222.744568,5362.410156,36.432243,204.590363,27.225492,122.790001,96.137543
2017-10-12,2550.929932,222.412628,5360.810059,36.304253,205.957703,27.115643,122.889999,96.547043
2017-10-13,2553.169922,222.683411,5351.740234,36.534634,206.641403,27.183931,123.82,97.24247
2017-10-16,2557.639893,222.980377,5362.879883,37.207218,205.487671,27.370979,122.970001,97.172905
2017-10-17,2559.360107,223.137619,5361.370117,37.344513,204.504929,27.25519,122.129997,97.296555
2017-10-18,2561.26001,223.355988,5383.810059,37.179268,205.872238,27.198771,121.669998,96.655228
2017-10-19,2562.100098,223.417099,5368.290039,36.299599,205.06041,27.222534,122.389999,96.825211
2017-10-20,2575.209961,224.570084,5372.379883,36.362427,203.094833,27.290815,121.610001,95.797523
2017-10-23,2564.97998,223.696579,5386.810059,36.343819,206.000458,27.373953,121.800003,95.967522
2017-10-24,2569.129883,224.08963,5394.799805,36.560234,205.786789,27.525366,121.330002,95.372543
2017-10-25,2557.149902,222.980377,5374.890137,36.399666,208.47876,27.25519,121.349998,94.916656
2017-10-26,2560.399902,223.268646,5455.399902,36.632381,212.75174,27.655998,120.330002,94.599892
2017-10-27,2581.070068,225.094131,5494.129883,37.944923,217.02475,28.068686,120.900002,95.225739
2017-10-30,2572.830078,224.2556,5493.629883,38.799,217.879333,28.365587,121.129997,96.137543
2017-10-31,2575.26001,224.604996,5503.290039,39.338905,218.862137,28.424957,120.669998,96.168457
2017-11-01,2579.360107,224.901962,5514.290039,38.838573,218.135712,28.66843,121.110001,96.596619
2017-11-02,2579.850098,224.989349,5510.5,39.122478,217.879333,28.775303,121.190002,97.022476
2017-11-03,2587.840088,225.740463,5517.970215,40.144115,220.614059,28.784199,120.620003,97.285744
2017-11-06,2591.129883,226.089828,5507.25,40.551384,221.810455,28.867338,121.650002,97.649719
2017-11-07,2590.639893,225.932648,5480.640137,40.681702,219.289429,29.030634,121.209999,98.060097
2017-11-08,2594.379883,226.316956,5471.430176,41.014492,217.622955,29.05142,121.629997,97.843307
2017-11-09,2584.620117,225.495895,5407.75,40.93071,213.563629,28.837652,122.129997,97.564507
2017-11-10,2582.300049,225.425995,5380.720215,40.795246,212.367188,28.531845,121.129997,96.093338
2017-11-13,2584.840088,225.635651,5341.629883,40.631756,210.187958,28.252764,121.309998,96.294655
2017-11-14,2578.870117,225.111588,5315.580078,40.017502,210.187958,27.869764,121.559998,96.945061
2017-11-15,2564.620117,223.984863,5301.25,39.48967,209.205154,27.495672,121.410004,97.998177
2017-11-16,2585.639893,225.888916,5336.390137,39.961456,211.042572,27.492704,121.400002,97.146408
2017-11-17,2578.850098,225.225098,5319.169922,39.739578,210.743469,27.483797,122.860001,97.866539
2017-11-20,2582.139893,225.609436,5340.450195,39.699863,213.008163,27.599594,121.309998,97.82782
2017-11-21,2599.030029,227.085541,5366.149902,40.437916,215.101913,27.863829,121.510002,98.137543
2017-11-22,2597.080078,226.884689,5352.759766,40.86298,211.128006,28.068686,122.629997,98.455009
2017-11-24,2602.419922,227.408737,5390.459961,40.865314,213.307281,28.116194,122.32,98.183975
2017-11-27,2601.419922,227.295197,5360.089844,40.659779,211.512589,28.065725,122.830002,98.04464
2017-11-28,2627.040039,229.600998,5390.47998,40.421562,211.042572,28.211195,122.809998,98.176239
2017-11-29,2626.070068,229.461258,5398.049805,39.583092,209.461563,28.326988,122.040001,97.208336
2017-11-30,2647.580078,231.470276,5372.790039,40.136623,208.948792,28.148853,121.099998,96.883102
2017-12-01,2642.219971,230.989807,5316.890137,39.94978,207.923294,28.142912,121.589996,98.190567
2017-12-04,2639.439941,230.710327,5389.290039,39.657825,211.042572,28.395279,121.18,98.237106
2017-12-05,2629.570068,229.880569,5375.529785,39.620464,211.515671,28.166664,120.32,98.725906
2017-12-06,2629.27002,229.924225,5374.350098,39.473324,213.924118,28.125099,120.07,99.067299
2017-12-07,2636.97998,230.64917,5383.859863,39.545723,212.375824,28.181503,118.489998,98.291389
2017-12-08,2651.5,231.906952,5399.089844,39.557404,212.805908,27.923208,118.480003,98.299149
2017-12-11,2659.98999,232.605682,5386.830078,40.328136,211.773682,27.961809,118.010002,98.097389
2017-12-12,2664.110107,233.016205,5427.189941,40.101578,211.988724,28.368561,118.150002,98.058632
2017-12-13,2662.850098,232.990036,5399.450195,40.234715,212.461807,28.128065,119.169998,98.795723
2017-12-14,2652.01001,232.037964,5357.140137,40.223038,210.182388,28.030102,118.93,99.214722
2017-12-15,2675.810059,233.970245,5349.299805,40.631756,210.870514,27.617409,119.18,99.587151
2017-12-18,2690.159912,235.453842,5420.580078,41.203972,218.526062,28.119164,119.730003,98.679359
2017-12-19,2681.469971,234.549652,5382.910156,40.764885,217.278763,27.767189,119.82,97.399109
2017-12-20,2679.25,234.426712,5352.77002,40.720505,215.429413,27.809298,120.139999,96.320633
2017-12-21,2684.570068,234.909592,5385.970215,40.874657,217.14978,28.046959,120.309998,96.881973
2017-12-22,2683.340088,234.84816,5364.720215,40.874657,214.612259,27.959715,120.940002,97.014206
2017-12-27,2682.620117,234.681381,5368.839844,39.844688,216.203598,27.998827,122.230003,98.569283
2017-12-28,2687.540039,235.164169,5339.419922,39.956791,213.149948,27.878489,122.849998,98.483734
2017-12-29,2673.610107,234.277512,5312.560059,39.524704,211.085571,27.70401,123.650002,98.639191
2018-01-02,2695.810059,235.954224,5288.600098,40.232361,207.558899,27.713032,125.150002,97.574013
2018-01-03,2713.060059,237.446747,5331.279785,40.225353,208.806107,28.013872,124.82,98.040527
2018-01-04,2723.98999,238.447525,5413.689941,40.412216,211.257645,28.5674,125.459999,98.024979
2018-01-05,2743.149902,240.03653,5470.75,40.872318,214.612259,28.774988,125.330002,97.745087
2018-01-08,2747.709961,240.475525,5487.419922,40.720505,211.1716,28.901335,125.309998,97.682823
2018-01-09,2751.290039,241.019745,5523.939941,40.715839,211.687683,29.060781,124.730003,96.376587
2018-01-10,2748.22998,240.651108,5504.680176,40.706509,208.161011,28.970531,125.029999,96.259956
2018-01-11,2767.560059,242.406876,5488.549805,40.937702,205.580521,28.967514,125.440002,96.656479
2018-01-12,2786.23999,243.987183,5517.060059,41.360451,208.290009,29.247299,126.959999,96.819778
2018-01-16,2776.419922,243.153152,5513.819824,41.150261,209.021164,28.964508,127.169998,97.22406
2018-01-17,2802.560059,245.470703,5493.990234,41.829887,208.462067,28.808081,126.139999,97.091942
2018-01-18,2798.030029,245.058151,5494.830078,41.867268,205.365448,28.630583,125.860001,96.189995
2018-01-19,2810.300049,246.173111,5526.509766,41.680428,207.257812,28.453091,126.419998,95.684586
2018-01-22,2832.969971,248.174728,5541.990234,41.339439,209.021164,28.823122,126.650002,95.777901
2018-01-23,2839.129883,248.701477,5535.259766,41.34877,210.397461,28.549356,127.279999,96.189995
2018-01-24,2837.540039,248.604874,5495.160156,40.690144,207.47287,28.609528,128.830002,95.668976
2018-01-25,2839.25,248.710236,5481.209961,39.963802,206.569687,28.603512,127.970001,96.454338
2018-01-26,2872.870117,251.589737,5529.149902,40.057205,216.676697,28.591469,128.070007,96.096664
2018-01-29,2853.530029,249.921722,5521.589844,39.228092,217.278763,28.456093,127.349998,95.428001
2018-01-30,2822.429932,247.358292,5473.779785,38.996872,216.289597,27.977772,126.800003,94.868164
2018-01-31,2823.810059,247.481125,5481.930176,39.104298,217.278763,28.059,127.650002,95.428001
2018-02-01,2821.97998,247.200241,5454.549805,39.186039,216.891708,28.314709,128.070007,94.044945
2018-02-02,2762.129883,241.818695,5364.97998,37.485764,213.235977,27.758156,126.389999,93.172325
2018-02-05,2648.939941,231.705276,5285.830078,36.549202,208.548065,27.291859,126.709999,94.052757
2018-02-06,2695.139893,236.27034,5161.810059,38.076653,203.128983,26.395359,125.379997,93.468399
2018-02-07,2681.659912,234.988647,5255.899902,37.261543,210.741486,26.930857,124.790001,92.580124
2018-02-08,2581.0,226.174423,5151.680176,36.236233,204.247223,27.120388,124.980003,92.478859
2018-02-09,2619.550049,229.571915,5079.209961,36.679455,202.053787,26.897768,124.769997,91.894463
2018-02-12,2656.0,232.943115,5140.060059,38.156864,208.031998,27.222662,125.370003,92.299644
2018-02-13,2662.939941,233.522491,5109.240234,38.539104,204.161194,27.279829,126.080002,92.712601
2018-02-14,2698.629883,236.674133,5165.259766,39.249676,207.214783,27.273809,128.229996,91.684105
2018-02-15,2731.199951,239.694107,5222.52002,40.567596,210.139404,27.174538,128.380005,91.995773
2018-02-16,2732.219971,239.764359,5281.580078,40.436264,213.75209,27.616764,127.959999,92.494431
2018-02-20,2716.26001,238.263199,5289.859863,40.300274,210.827545,28.037939,126.239998,92.089317
2018-02-21,2701.330078,237.077988,5302.169922,40.117352,212.203796,28.170301,125.660004,90.959465
2018-02-22,2703.959961,237.385269,5309.22998,40.452686,210.784515,28.203402,126.300003,91.232178
2018-02-23,2747.300049,241.169037,5317.370117,41.156208,212.24678,28.320723,126.139999,92.042526
2018-02-26,2779.600098,243.969589,5344.259766,41.969967,214.440262,28.501221,126.449997,92.073685
2018-02-27,2744.280029,240.923218,5343.930176,41.833946,212.418854,28.459105,125.129997,91.941223
2018-02-28,2713.830078,238.482635,5320.490234,41.77063,212.031784,28.260553,125.0,92.525604
2018-03-01,2677.669922,235.014877,5262.560059,41.03896,209.967346,27.923615,124.720001,93.157196
2018-03-02,2691.25,236.226425,5136.580078,41.32272,205.365448,27.376097,125.389999,92.399902
2018-03-05,2720.939941,238.956787,5167.22998,41.465767,207.085785,27.646851,125.18,92.150078
2018-03-06,2728.120117,239.5625,5170.22998,41.430592,207.601883,27.70401,126.529999,92.235977
2018-03-07,2726.800049,239.474686,5187.830078,41.046013,207.47287,27.743113,125.720001,92.13443
2018-03-08,2738.969971,240.63356,5254.100098,41.493916,211.257645,27.932638,125.419998,92.665367
2018-03-09,2786.570068,244.821152,5274.399902,42.206814,211.558655,27.953705,125.540001,92.056351
2018-03-12,2783.02002,244.513794,5276.709961,42.614849,212.289825,28.031923,125.540001,92.587288
2018-03-13,2765.310059,242.933594,5242.790039,42.204464,209.451263,28.206404,125.779999,93.055733
2018-03-14,2749.47998,241.686981,5233.359863,41.84568,208.93515,28.296656,125.699997,93.875526
2018-03-15,2747.330078,241.423615,5267.259766,41.894917,212.762894,28.218435,124.900002,93.875526
2018-03-16,2752.01001,241.685455,5282.75,41.747181,212.891937,28.747906,124.599998,93.539772
2018-03-19,2712.919922,238.415359,5222.839844,41.109314,211.601685,28.15966,124.870003,93.243134
2018-03-20,2716.939941,238.820862,5252.430176,41.095234,216.375626,28.184038,124.309998,92.868378
2018-03-21,2711.929932,238.362442,5239.740234,40.164253,217.321793,28.379116,126.480003,92.969826
2018-03-22,2643.689941,232.404068,5167.209961,39.596737,214.440262,28.196245,125.980003,93.89109
2018-03-23,2588.26001,227.450424,5095.220215,38.67981,208.93515,27.921917,127.610001,93.820824
2018-03-26,2658.550049,233.673294,5066.279785,40.516018,209.70932,27.979832,128.279999,93.461693
2018-03-27,2612.620117,229.698105,5115.740234,39.477146,210.913544,28.095659,127.489998,94.461044
2018-03-28,2605.0,229.01944,5130.439941,39.040951,209.795334,27.940208,125.730003,94.710869
2018-03-29,2640.870117,231.945724,5167.299805,39.345806,215.214386,28.120049,125.790001,95.171532
2018-04-03,2614.449951,229.847961,5152.120117,39.488869,220.203369,28.470556,126.300003,94.623871
2018-04-04,2644.689941,232.307114,5141.799805,40.24398,220.074326,28.821064,126.449997,94.428215
2018-04-05,2662.840088,234.140503,5276.669922,40.523041,227.514786,29.601332,125.800003,93.724075
2018-04-06,2604.469971,228.922455,5258.240234,39.486526,225.880478,29.549503,126.389999,94.749039
2018-04-09,2613.159912,230.05069,5263.390137,39.878143,225.579437,29.455023,126.82,94.905518
2018-04-10,2656.870117,233.708511,5307.560059,40.628567,236.675583,29.753712,127.120003,94.733322
2018-04-11,2642.189941,232.483414,5277.939941,40.438622,239.342148,29.784197,128.110001,95.069771
2018-04-12,2663.98999,234.396118,5309.220215,40.837284,241.707626,29.805536,126.620003,94.373436
2018-04-13,2656.300049,233.708511,5315.02002,40.975651,242.438766,29.625708,127.449997,94.592514
2018-04-16,2677.840088,235.630005,5312.959961,41.231258,243.169876,29.653139,127.629997,94.623871
2018-04-17,2706.389893,238.150864,5353.540039,41.798775,243.126312,29.817734,127.75,94.882011
2018-04-18,2708.639893,238.327194,5380.169922,41.704964,246.217117,30.296244,127.849998,94.1231
2018-04-19,2693.129883,237.005096,5391.640137,40.523041,241.341568,30.662001,127.599998,93.356323
2018-04-20,2670.139893,234.995422,5412.830078,38.862728,243.126312,30.869253,126.629997,92.683487
2018-04-23,2670.290039,234.960175,5438.549805,38.750187,244.693466,31.186235,125.620003,92.706924
2018-04-24,2634.560059,231.795837,5444.160156,38.210789,245.302948,31.600754,126.230003,92.284424
2018-04-25,2639.399902,232.36882,5413.299805,38.3773,244.345291,31.18014,125.410004,91.666359
2018-04-26,2666.939941,234.731003,5453.580078,38.510975,244.737061,31.643421,124.970001,92.307922
2018-04-27,2669.909912,234.951385,5483.189941,38.065392,247.610153,31.759249,125.5,93.019882
2018-04-30,2648.050049,233.14447,5520.5,38.754848,251.876297,31.899454,124.589996,93.184196
2018-05-02,2635.669922,231.989807,5529.220215,41.407146,254.879974,31.484932,123.650002,92.746689
2018-05-03,2629.72998,231.478546,5501.660156,41.482178,253.57399,31.564169,124.279999,93.162247
2018-05-04,2663.419922,234.475418,5516.049805,43.109665,254.052826,31.862873,124.540001,93.303398
2018-05-07,2672.629883,235.268738,5531.419922,43.421574,253.312866,32.131096,124.57,93.154396
2018-05-08,2671.919922,235.268738,5521.930176,43.630283,253.922302,31.582468,124.589996,93.068123
2018-05-09,2697.790039,237.54277,5534.629883,43.937489,254.270615,32.173763,124.330002,92.511414
2018-05-10,2723.070068,239.763916,5545.950195,44.56596,254.531723,32.131096,125.18,93.25634
2018-05-11,2727.719971,240.49556,5541.939941,44.396481,255.620087,32.509045,125.0,93.491608
2018-05-14,2730.129883,240.610077,5540.680176,44.2929,256.621277,32.734592,124.489998,92.997581
2018-05-15,2711.449951,238.953033,5553.160156,43.890331,259.842682,32.856491,122.480003,91.93898
2018-05-16,2722.459961,239.95787,5567.540039,44.299942,267.286621,32.637043,122.290001,91.586166
2018-05-17,2720.129883,239.755142,5621.919922,44.019802,268.679718,33.222252,122.360001,91.123528
2018-05-18,2712.969971,239.155807,5614.509766,43.859741,269.027893,33.210049,122.410004,91.907608
2018-05-21,2733.01001,240.953857,5637.509766,44.170479,271.378662,33.222252,122.480003,91.954666
2018-05-22,2724.439941,240.283936,5640.100098,44.059826,269.027893,32.990604,122.410004,91.813568
2018-05-23,2733.290039,240.945053,5565.850098,44.342327,264.587708,31.966509,122.540001,92.480057
2018-05-24,2727.76001,240.451416,5548.450195,44.2929,265.588867,31.582468,123.589996,93.217133
2018-05-25,2721.330078,239.878479,5542.549805,44.394115,266.285492,31.125277,123.209999,93.797363
2018-05-29,2689.860107,237.119659,5438.060059,44.234043,259.276764,31.094793,123.190002,95.851814
2018-05-30,2724.01001,240.283936,5427.350098,44.139874,260.800354,31.637327,123.370003,95.208817
2018-05-31,2705.27002,238.812027,5398.399902,43.991562,258.623688,31.728765,123.099998,95.051994
2018-06-01,2734.620117,241.156586,5465.529785,44.784901,262.846344,32.14328,122.489998,94.549774
2018-06-04,2746.870117,242.30246,5472.910156,45.15921,265.110016,32.088417,122.370003,93.866005
2018-06-05,2748.800049,242.478638,5460.950195,45.507614,269.550323,31.881157,122.849998,94.086021
2018-06-06,2772.350098,244.505951,5457.560059,45.665352,266.633728,32.137196,122.919998,93.323715
2018-06-07,2770.370117,244.479492,5448.359863,45.542931,257.840179,32.539516,122.860001,94.227554
2018-06-08,2779.030029,245.202362,5450.220215,45.12859,261.496887,32.368828,123.010002,93.944588
2018-06-11,2782.0,245.528488,5473.910156,45.017963,262.193359,32.553867,123.230003,93.771667
2018-06-12,2786.850098,245.845779,5453.370117,45.265141,257.100098,32.270138,122.82,93.79528
2018-06-13,2775.629883,245.061264,5452.72998,44.893196,257.274292,32.115955,123.190002,93.748123
2018-06-14,2782.48999,245.678268,5528.459961,44.916733,263.412262,32.603203,123.379997,94.526192
2018-06-15,2779.659912,245.364868,5501.879883,44.455322,262.454559,32.288654,121.339996,94.612663
2018-06-18,2773.75,244.860184,5450.47998,44.431786,258.319061,32.21463,121.110001,94.526192
2018-06-19,2762.590088,243.921661,5390.629883,43.713772,252.093918,31.943243,120.800003,95.076363
2018-06-20,2767.320068,244.33786,5372.310059,43.904457,249.482071,31.610186,120.260002,94.243225
2018-06-21,2749.76001,242.806091,5316.009766,43.659634,248.306671,31.332624,120.050003,94.738419
2018-06-22,2754.879883,243.24881,5387.379883,43.532501,250.222061,32.368835,120.339996,94.730553
2018-06-25,2717.070068,239.937469,5283.859863,42.885117,242.821579,31.869242,119.889999,94.942757
2018-06-26,2723.060059,240.46875,5281.290039,43.417149,244.737061,31.752047,119.260002,95.076363
2018-06-27,2699.629883,238.476593,5327.200195,43.353596,246.783081,32.374996,118.580002,95.972343
2018-06-28,2716.310059,239.840103,5275.640137,43.669056,243.779373,32.177616,118.220001,95.995941
2018-06-29,2718.370117,240.185364,5323.529785,43.577248,248.306671,32.202293,118.650002,95.665817
2018-07-02,2726.709961,240.698853,5276.759766,44.064545,245.041763,32.202293,117.459999,95.590981
2018-07-03,2713.219971,239.848923,5316.77002,43.297096,248.393692,32.523022,118.650002,96.102982
2018-07-05,2736.610107,241.805634,5366.319824,43.6455,246.608917,33.133648,119.050003,96.378716
2018-07-06,2759.820068,243.850922,5375.77002,44.250511,250.39621,32.880756,118.860001,96.69381
2018-07-09,2784.169922,246.046585,5398.109863,44.864941,252.659851,33.306343,119.150002,96.071487
2018-07-10,2793.840088,246.931961,5434.359863,44.810806,255.271805,33.688747,118.93,96.063614
2018-07-11,2774.02002,245.125793,5353.930176,44.229332,249.003235,32.78825,117.639999,96.433846
2018-07-12,2798.290039,247.348053,5405.899902,44.970875,251.919846,32.856087,118.129997,96.425957
2018-07-13,2801.310059,247.542877,5429.200195,45.0415,257.666046,32.893112,117.610001,96.670166
2018-07-16,2798.429932,247.321533,5409.430176,44.942635,255.054108,32.560024,117.550003,96.268433
2018-07-17,2809.550049,248.32196,5422.540039,45.069763,257.57901,32.53537,116.279999,96.087257
2018-07-18,2815.620117,248.844299,5447.439941,44.822567,260.147308,32.627884,116.309998,95.701279
2018-07-19,2804.48999,247.90593,5417.069824,45.170979,257.230682,32.61554,115.809998,96.307793
2018-07-20,2801.830078,247.622498,5398.319824,45.067402,257.927307,32.442837,116.559998,95.126236
2018-07-23,2806.97998,248.082947,5378.25,45.107422,255.14122,32.442837,116.0,93.952515
2018-07-24,2820.399902,249.331375,5434.189941,45.434639,262.149933,32.609383,116.040001,94.275482
2018-07-25,2846.070068,251.456253,5426.410156,45.863094,266.894836,32.566208,116.68,94.125801
2018-07-26,2837.439941,250.863068,5480.549805,45.719494,266.415985,33.306343,115.769997,93.944626
2018-07-27,2818.820068,249.163132,5511.759766,44.959114,262.193359,33.92313,115.830002,94.102165
2018-07-30,2802.600098,247.861572,5491.220215,44.707211,260.016815,34.015636,115.650002,93.779221
2018-07-31,2816.290039,249.083389,5511.299805,44.796673,260.190979,34.453571,115.989998,94.291237
2018-08-01,2813.360107,248.667282,5498.370117,47.435638,259.842682,34.219177,115.139999,93.523048
2018-08-02,2827.219971,250.021973,5460.97998,48.822224,256.142456,33.892288,114.519997,93.657249
2018-08-03,2840.350098,251.093185,5478.97998,48.963482,257.100098,33.787434,114.919998,94.123077
2018-08-06,2850.399902,252.014038,5477.180176,49.21772,259.581482,33.892288,114.330002,94.178345
2018-08-07,2858.449951,252.846329,5521.310059,48.756321,264.065186,34.515224,114.589996,93.68885
2018-08-08,2857.699951,252.73999,5501.899902,48.789272,260.6698,34.231518,114.910004,93.783577
2018-08-09,2853.580078,252.394745,5502.25,49.172997,263.804016,34.083485,114.739998,94.573067
2018-08-10,2833.280029,250.70369,5414.680176,49.026535,257.31781,33.275501,114.690002,95.259941
2018-08-13,2821.929932,249.765121,5412.319824,49.343086,259.015533,33.361858,112.959999,95.062546
2018-08-14,2839.959961,251.358856,5403.410156,49.550972,261.235748,33.028786,113.07,94.849442
2018-08-15,2818.370117,249.481857,5305.220215,49.666729,253.486954,32.115955,111.190002,95.402054
2018-08-16,2840.689941,251.500458,5349.02002,50.394352,259.276764,32.294823,111.099998,95.39418
2018-08-17,2850.129883,252.385864,5344.930176,51.400723,258.493195,32.319496,112.129997,95.512573
2018-08-20,2857.050049,252.926025,5379.649902,50.899891,260.539154,32.627884,112.690002,96.152023
2018-08-21,2862.959961,253.519196,5408.600098,50.800674,260.190979,32.819084,113.019997,95.828369
2018-08-22,2861.820068,253.368683,5420.609863,50.803036,261.409821,33.139812,113.269997,96.207344
2018-08-23,2856.97998,253.032166,5419.330078,50.906986,260.756775,33.411186,112.199997,96.357307
2018-08-24,2874.689941,254.555008,5432.5,51.065273,260.626282,33.842934,114.160004,96.546768
2018-08-27,2896.73999,256.56485,5479.100098,51.485771,263.455841,34.182175,114.589996,95.994232
2018-08-28,2897.52002,256.688843,5484.990234,51.90155,268.374908,33.799767,113.68,95.417824
2018-08-29,2914.040039,258.070099,5501.330078,52.676414,269.463196,33.830601,114.199997,95.544174
2018-08-30,2901.129883,257.025391,5478.060059,53.160698,269.985657,33.707256,113.639999,95.749382
2018-08-31,2901.52002,257.034119,5406.850098,53.774921,263.064056,33.226158,113.510002,95.528328
2018-09-04,2896.719971,256.591461,5342.700195,53.947384,253.965805,33.078133,112.93,94.976051
2018-09-05,2888.600098,255.900787,5260.220215,53.595371,244.867661,32.399673,113.32,94.722847
2018-09-06,2878.050049,255.130569,5243.839844,52.704758,244.345291,32.091274,113.540001,95.071022
2018-09-07,2871.679932,254.634781,5252.220215,52.279514,247.392471,32.066608,113.230003,94.263939
2018-09-10,2877.129883,255.077515,5269.629883,51.577896,247.958374,31.998766,113.150002,94.612083
2018-09-11,2887.889893,255.918579,5283.790039,52.881935,247.218384,32.677212,113.220001,93.891998
2018-09-12,2888.919922,255.98053,5332.129883,52.225204,253.138718,33.23233,114.169998,94.113579
2018-09-13,2904.179932,257.494507,5328.120117,53.48671,252.659851,33.016445,113.760002,94.256012
2018-09-14,2904.97998,257.538757,5352.569824,52.879562,254.531723,33.21999,113.019997,93.80497
2018-09-17,2888.800049,256.175385,5348.870117,51.471592,250.875107,33.127468,113.610001,93.80497
2018-09-18,2904.310059,257.565308,5363.790039,51.556648,250.831528,33.294003,113.440002,92.823776
2018-09-19,2907.949951,257.839874,5393.740234,51.587345,252.703461,33.337185,113.879997,92.269905
2018-09-20,2930.75,259.92926,5451.589844,51.979492,257.709564,33.76276,114.269997,92.697182
2018-09-21,2929.669922,259.691864,5494.169922,51.419621,266.285492,33.861454,113.489998,92.657631
2018-09-24,2919.370117,258.829132,5476.169922,52.159046,266.154816,34.250011,113.470001,92.420258
2018-09-25,2915.560059,258.588989,5479.100098,52.48978,264.587708,34.686806,113.650002,92.325294
2018-09-26,2905.969971,257.815247,5512.72998,52.071636,266.372498,34.586971,113.050003,92.974144
2018-09-27,2914.0,258.535675,5540.410156,53.1418,267.852539,34.955112,112.050003,93.037453
2018-09-28,2913.97998,258.562256,5493.490234,53.32843,265.197113,34.842796,112.760002,92.792191
2018-10-01,2924.590088,259.460632,5506.819824,53.687515,267.199615,35.173508,112.57,92.110924
2018-10-02,2923.429932,259.309326,5467.890137,54.164711,261.496887,35.067432,113.870003,92.673988
2018-10-03,2925.51001,259.45166,5491.399902,54.823807,263.586456,35.129814,113.419998,91.064148
2018-10-04,2901.610107,257.423981,5410.850098,53.859966,250.700897,34.986305,113.480003,90.421761
2018-10-05,2885.570068,255.983063,5359.359863,52.985886,249.177322,34.399765,113.800003,89.6446
2018-10-08,2884.429932,255.983063,5300.25,52.863045,245.390076,33.72588,112.540001,89.343193
2018-10-09,2880.340088,255.609512,5318.549805,53.595371,248.74202,34.212582,112.599998,90.247299
2018-10-10,2785.679932,247.51619,5206.220215,51.112514,230.980927,34.381054,112.879997,90.001472
2018-10-11,2728.370117,242.064224,5106.370117,50.661301,228.064255,33.201744,115.779999,91.09584
2018-10-12,2767.129883,245.426086,5095.97998,52.470879,228.543137,33.027023,115.230003,90.778664
2018-10-15,2750.790039,244.047516,5095.069824,51.34874,226.758301,33.413895,116.0,90.738976
2018-10-16,2809.919922,249.383835,5173.049805,52.480335,230.066788,33.582363,115.800003,90.945152
2018-10-17,2809.209961,249.42836,5144.950195,52.253551,229.979691,33.357735,115.790001,90.405907
2018-10-18,2768.780029,245.826324,5116.790039,51.032192,227.150131,32.945919,115.919998,90.374222
2018-10-19,2767.780029,245.692932,5084.660156,51.80941,229.196106,32.964638,116.010002,90.175957
2018-10-22,2755.879883,244.590012,5053.310059,52.125973,229.196106,32.496655,115.709999,90.056992
2018-10-23,2740.689941,243.344955,4967.689941,52.617352,224.668793,31.860188,116.389999,90.342499
2018-10-24,2656.100098,235.971924,4953.089844,50.812481,226.061783,31.598125,116.660004,91.024475
2018-10-25,2705.570068,240.205429,5032.299805,51.925175,231.111511,32.078579,116.400002,90.643806
2018-10-26,2658.689941,235.98085,4967.370117,51.098335,228.499634,31.591875,116.769997,91.19104
2018-10-29,2641.25,234.673416,4989.350098,50.139206,228.064255,31.810274,116.309998,90.984856
2018-10-30,2682.629883,238.150833,4978.529785,50.389626,226.323029,31.660521,115.800003,90.532791
2018-10-31,2711.73999,240.694504,5093.439941,51.703098,234.028152,32.421768,115.150002,90.072861
2018-11-01,2740.370117,243.256012,5085.779785,52.496853,234.898758,31.598125,116.629997,90.156319
2018-11-02,2723.060059,241.815155,5102.129883,49.014709,242.952225,31.354763,116.650002,89.035423
2018-11-05,2738.310059,243.149246,5101.390137,47.62328,241.776871,32.072342,116.370003,89.385208
2018-11-06,2755.449951,244.687881,5075.189941,48.138271,237.684906,31.747868,116.040001,89.329544
2018-11-07,2813.889893,249.926346,5137.939941,49.598236,240.514496,32.278267,116.029999,89.448761
2018-11-08,2806.830078,249.472794,5131.450195,49.425186,235.943573,32.091064,115.779999,89.44088
2018-11-09,2781.01001,247.035934,5106.75,48.472179,231.590424,31.504524,114.480003,90.108574
2018-11-12,2726.219971,242.419952,5059.089844,46.030437,229.370285,31.33606,113.660004,90.696877
2018-11-13,2722.179932,241.966354,5101.850098,45.57053,234.811737,30.893028,113.699997,90.641235
2018-11-14,2701.580078,240.312119,5068.850098,44.283287,233.418732,30.986624,114.639999,90.696877
2018-11-15,2730.199951,242.820251,5033.620117,45.376133,231.068008,31.267412,114.769997,90.657158
2018-11-16,2736.27002,243.451675,5025.200195,45.878719,230.066788,31.195656,115.620003,91.181793
2018-11-19,2690.72998,239.333801,4985.450195,44.06044,225.713593,30.917986,115.669998,91.436188
2018-11-20,2641.889893,234.904648,4924.890137,41.95533,221.012146,30.490568,115.669998,91.467979
2018-11-21,2649.929932,235.705093,4975.5,41.907917,226.932434,30.830627,115.860001,91.436188
2018-11-23,2632.560059,234.130875,4946.950195,40.843506,225.017059,29.691875,115.769997,91.531601
2018-11-26,2673.449951,237.910767,4994.97998,41.395859,223.406357,30.138021,115.639999,91.324905
2018-11-27,2682.169922,238.711182,4983.149902,41.305775,221.316818,29.969549,114.949997,91.428268
2018-11-28,2743.790039,244.207581,4983.240234,42.894096,223.362823,30.103708,115.379997,90.983093
2018-11-29,2737.800049,243.673981,5006.25,42.564579,223.31929,30.225374,115.739998,91.340797
2018-11-30,2760.169922,245.159225,5003.919922,42.334637,219.880249,30.677746,115.540001,91.68264
2018-12-03,2790.370117,248.405487,5053.97998,43.813896,230.937408,31.083344,116.410004,92.333626
2018-12-04,2700.060059,240.356583,5012.660156,41.886578,229.709244,30.883673,117.120003,93.87944
2018-12-06,2695.949951,239.991898,4780.459961,41.419571,217.471527,29.567089,117.139999,94.174263
2018-12-07,2633.080078,234.415512,4813.129883,39.942673,218.875137,30.053782,118.089996,94.34948
2018-12-10,2637.719971,234.860153,4742.379883,40.205803,213.392288,29.539003,117.68,94.73999
2018-12-11,2636.780029,234.913513,4806.200195,39.975861,218.655807,29.80419,117.540001,94.724022
2018-12-12,2651.070068,236.09642,4909.450195,40.087284,223.129837,30.244102,117.790001,94.301727
2018-12-13,2650.540039,236.016327,4896.919922,40.525848,224.445709,30.537369,117.529999,94.078636
2018-12-14,2599.949951,231.658356,4853.700195,39.229103,221.024414,30.637203,117.059998,94.405312
2018-12-17,2545.939941,227.113602,4799.870117,38.864029,219.401505,30.33457,117.870003,94.955109
2018-12-18,2546.159912,226.864594,4754.080078,39.368977,221.068268,29.563168,118.150002,95.523781
2018-12-19,2506.959961,223.467087,4777.450195,38.140995,221.419174,29.610596,117.43,96.785706
2018-12-20,2467.419922,219.829544,4692.459961,37.178516,219.401505,29.019392,119.239998,96.434296
2018-12-21,2416.620117,215.325317,4694.379883,35.732437,222.340286,29.114229,118.720001,96.418304
2018-12-24,2351.100098,209.635818,4626.390137,34.807896,215.059082,28.598911,120.019997,96.897537
2018-12-27,2488.830078,221.918411,4598.609863,37.017311,216.813583,28.674778,120.57,95.875175
2018-12-28,2485.73999,221.632126,4678.740234,37.036274,221.726242,29.139521,121.059998,96.681847
2018-12-31,2506.850098,223.573349,4730.689941,37.394253,226.507263,29.199593,121.25,97.049271
2019-01-02,2510.030029,223.805969,4689.390137,37.436913,222.20874,29.499933,121.330002,97.560425
2019-01-03,2447.889893,218.465347,4611.490234,33.707924,213.743179,29.247019,122.43,98.670631
2019-01-04,2531.939941,225.782944,4737.120117,35.146889,220.322617,29.977324,121.440002,97.528519
2019-01-07,2549.689941,227.563187,4719.169922,35.068657,219.927841,29.907763,121.860001,97.240952
2019-01-08,2574.409912,229.701263,4773.27002,35.737186,226.814301,29.844545,121.529999,96.985374
2019-01-09,2584.959961,230.774719,4813.580078,36.344067,229.44603,30.242889,122.309998,96.833656
2019-01-10,2596.639893,231.588837,4805.660156,36.460224,227.340668,30.097454,121.589996,96.210648
2019-01-11,2596.26001,231.678284,4781.339844,36.102249,226.594971,29.582132,121.800003,96.58606
2019-01-14,2582.610107,230.264801,4762.75,35.55938,220.805099,29.749693,122.089996,96.226646
2019-01-15,2610.300049,232.903824,4786.169922,36.287167,220.015549,29.708593,121.879997,95.875175
2019-01-16,2616.100098,233.467407,4810.740234,36.730484,218.392624,29.749693,122.269997,95.971039
2019-01-17,2635.959961,235.238693,4794.370117,36.94857,216.287247,29.664333,122.110001,95.99501
2019-01-18,2670.709961,238.369736,4875.930176,37.176155,222.296417,30.214437,121.019997,95.491837
2019-01-22,2632.899902,235.149216,4847.529785,36.341686,225.542313,29.7244,121.449997,96.138771
2019-01-23,2638.699951,235.641251,4840.379883,36.488663,225.761612,29.468319,121.279999,96.098831
2019-01-24,2642.330078,235.766479,4871.959961,36.199455,226.200226,29.7244,121.089996,96.729843
2019-01-25,2664.76001,237.761383,4925.819824,37.398994,229.0513,30.002613,122.860001,96.266579
2019-01-28,2643.850098,235.95433,4888.580078,37.052879,226.902069,29.518904,123.290001,96.170715
2019-01-29,2640.0,235.641251,4928.180176,36.668839,227.867004,29.869835,123.980003,96.657936
2019-01-30,2681.050049,239.371597,4974.759766,39.174587,243.52594,29.730732,124.690002,96.58606
2019-01-31,2704.100098,241.473938,4992.720215,39.456688,245.412079,30.337727,124.75,97.416695
2019-02-01,2706.530029,241.59021,5019.259766,39.475647,249.710617,30.483156,124.5,96.828339
2019-02-04,2724.870117,243.289917,5000.189941,40.596958,247.912277,30.407288,123.959999,96.396049
2019-02-05,2737.699951,244.309814,5083.339844,41.291557,255.412796,30.919447,124.279999,96.836304
2019-02-06,2731.610107,243.987717,5079.049805,41.305775,252.737152,30.843575,123.440002,96.884346
2019-02-07,2706.050049,241.66185,4985.560059,40.523468,248.614105,30.378841,123.739998,97.52475
2019-02-08,2707.879883,241.956924,4961.640137,40.571079,248.745605,30.622272,124.209999,97.941025
2019-02-11,2709.800049,242.09111,5014.470215,40.337769,252.912628,30.805637,123.599998,97.556801
2019-02-12,2744.72998,245.204346,5056.350098,40.685352,258.614777,30.853054,123.860001,97.308632
2019-02-13,2753.030029,246.000504,5074.27002,40.516338,258.483185,30.925764,123.370003,96.940369
2019-02-14,2745.72998,245.454727,5062.52002,40.663937,255.149628,30.97319,124.059998,97.492722
2019-02-15,2775.600098,248.129532,5153.189941,40.573471,258.08844,31.422125,124.800003,97.644852
2019-02-19,2779.76001,248.559021,5160.52002,40.694893,260.764099,31.305147,126.699997,97.89299
2019-02-20,2784.699951,249.059967,5195.950195,40.956768,260.193787,31.381031,126.480003,97.612793
2019-02-21,2774.879883,248.174271,5196.109863,40.725834,260.500854,31.447426,125.050003,96.740295
2019-02-22,2792.669922,249.712982,5215.850098,41.180565,262.957184,31.586529,125.5,97.31662
2019-02-25,2796.110107,250.052948,5231.850098,41.480553,265.720581,31.305147,125.370003,97.028435
2019-02-26,2793.899902,249.874023,5238.720215,41.504356,266.904816,31.425295,125.580002,97.508743
2019-02-27,2792.379883,249.766708,5225.350098,41.632931,265.281891,31.627623,124.690002,96.40403
2019-02-28,2784.48999,249.301453,5240.529785,41.223415,264.931,31.608648,123.989998,96.075829
2019-03-01,2803.689941,250.858093,5265.189941,41.656734,268.9664,31.535944,121.879997,95.187813
2019-03-04,2792.810059,249.945633,5286.569824,41.866234,270.194641,31.848932,121.559998,95.933861
2019-03-05,2789.649902,249.605667,5297.52002,41.790047,271.071747,32.152439,121.720001,96.134361
2019-03-06,2771.449951,248.093765,5288.810059,41.549591,269.229614,32.259914,121.610001,96.487366
2019-03-07,2748.929932,246.018326,5267.919922,41.068676,268.483887,32.259914,121.510002,97.113068
2019-03-08,2743.070068,245.526306,5231.220215,41.166286,268.264587,31.823643,122.839996,97.522202
2019-03-11,2783.300049,249.086792,5265.959961,42.592388,268.790985,32.095528,122.239998,97.233391
2019-03-12,2791.52002,250.026077,5270.25,43.070927,270.720978,32.032291,122.980003,97.915291
2019-03-13,2810.919922,251.681061,5306.379883,43.261387,272.387695,32.380062,123.839996,97.730766
2019-03-14,2808.47998,251.520081,5349.779785,43.74231,276.861755,32.531811,122.410004,97.024826
2019-03-15,2822.47998,252.76265,5405.319824,44.311317,279.493469,32.689888,122.970001,97.666557
2019-03-18,2832.939941,253.679199,5412.830078,44.763668,278.221436,33.050301,123.040001,97.610451
2019-03-19,2832.570068,253.742081,5425.899902,44.40892,280.984741,32.992687,123.379997,97.393845
2019-03-20,2824.22998,252.978333,5382.660156,44.796997,279.142609,32.237335,124.18,98.412628
2019-03-21,2854.879883,255.835587,5378.850098,46.446873,278.791626,32.314144,123.68,98.629227
2019-03-22,2800.709961,250.911758,5269.919922,45.485046,274.975647,31.64201,123.970001,100.161385
2019-03-25,2798.360107,250.723114,5260.640137,44.935081,278.703949,31.526772,124.919998,100.321846
2019-03-26,2818.459961,252.591965,5307.379883,44.470829,283.177917,31.74122,124.300003,100.249672
2019-03-27,2805.370117,251.271149,5301.240234,44.8708,283.265686,31.597181,123.650002,101.172173
2019-03-28,2815.439941,252.223541,5296.540039,44.930325,284.31839,31.555573,121.900002,101.525139
2019-03-29,2834.399902,253.814026,5350.529785,45.223167,287.651947,31.69961,122.010002,101.428848
2019-04-01,2867.189941,256.823975,5405.529785,45.530277,292.345245,32.006878,121.529999,99.988174
2019-04-02,2867.23999,256.94986,5423.470215,46.192142,293.441772,31.994074,121.980003,100.173058
2019-04-03,2873.399902,257.354126,5468.910156,46.508785,293.003174,32.006878,121.800003,99.304787
2019-04-04,2879.389893,258.037018,5463.799805,46.589741,292.608398,31.923651,122.110001,99.586174
2019-04-05,2892.73999,259.28598,5476.200195,46.901623,294.801544,32.192513,121.980003,99.714798
2019-04-08,2895.77002,259.483673,5471.779785,47.639668,291.248627,32.390957,122.510002,99.361076
2019-04-09,2878.199951,258.153839,5436.419922,47.496811,287.125549,32.15411,123.150002,99.674629
2019-04-10,2888.209961,259.034393,5449.879883,47.763466,289.274841,32.243732,123.529999,99.91581
2019-04-11,2888.320068,258.962433,5485.720215,47.365871,302.609161,32.058083,121.949997,99.328903
2019-04-12,2907.409912,260.7146,5502.700195,47.346825,300.810699,32.000469,121.830002,98.621483
2019-04-15,2905.580078,260.543884,5508.72998,47.43251,300.854614,32.051682,121.599998,98.870674
2019-04-16,2907.060059,260.7146,5528.669922,47.437294,303.793427,31.722015,120.510002,98.251595
2019-04-17,2900.449951,260.07666,5563.089844,48.361053,307.784973,32.064476,120.279999,98.29184
2019-04-18,2905.030029,260.588867,5580.379883,48.534836,309.056946,32.19891,120.370003,98.806381
2019-04-23,2933.679932,263.1586,5591.689941,49.396675,306.249786,32.787838,120.120003,98.541054
2019-04-24,2927.25,262.574554,5576.060059,49.320492,307.872681,32.032478,120.470001,99.345001
2019-04-25,2926.169922,262.412781,5557.669922,48.87291,308.671356,31.946056,120.57,99.200279
2019-04-26,2939.879883,263.634796,5569.359863,48.639591,307.428986,31.587576,121.370003,99.537941
2019-04-29,2943.030029,264.048157,5580.97998,48.713394,306.452972,31.107471,120.830002,98.902794
2019-04-30,2945.830078,264.182861,5586.410156,47.775364,309.736145,31.715612,121.199997,99.409302
2019-05-02,2917.52002,261.631104,5538.859863,49.794273,311.466522,31.609991,119.940002,99.344048
2019-05-03,2945.639893,264.191864,5548.839844,50.41328,315.060364,31.475561,120.650002,99.62606
2019-05-06,2932.469971,263.104614,5483.52002,49.634766,305.609955,30.720196,120.809998,99.899956
2019-05-07,2884.050049,258.710907,5395.75,48.296753,297.312927,29.897621,121.209999,100.665291
2019-05-08,2879.419922,258.351532,5417.589844,48.306286,301.350525,30.073656,120.910004,100.23024
2019-05-09,2870.719971,257.569702,5313.160156,47.787266,294.473419,29.833605,121.199997,100.641136
2019-05-10,2881.399902,258.863678,5327.439941,47.125237,295.981964,30.003242,121.43,100.504196
2019-05-13,2811.870117,252.358292,5262.569824,44.386356,287.285706,30.00004,122.669998,101.293716
2019-05-14,2834.409912,254.640671,5341.350098,45.089012,296.647491,30.342512,122.459999,100.995628
2019-05-15,2850.959961,256.132111,5374.259766,45.629131,299.176453,30.553762,122.389999,101.615982
2019-05-16,2876.320068,258.504242,5448.109863,45.428375,302.770294,31.113886,121.510002,101.277611
2019-05-17,2859.530029,256.832977,5438.22998,45.170269,302.459717,31.475561,120.650002,101.503181
2019-05-20,2840.22998,255.134796,5358.589844,43.757797,292.876068,31.510759,120.639999,101.293716
2019-05-21,2864.360107,257.434998,5385.459961,44.596661,297.401672,31.856436,120.360001,101.132614
2019-05-22,2856.27002,256.644348,5378.97998,43.683701,298.422211,31.369944,120.239998,101.712654
2019-05-23,2822.23999,253.508438,5281.370117,42.938034,296.381256,30.336107,121.169998,102.856712
2019-05-24,2826.060059,254.083466,5316.509766,42.773132,298.59967,30.441736,121.300003,102.945282
2019-05-28,2802.389893,251.720367,5312.689941,42.596272,304.012634,30.419333,120.830002,103.686485
2019-05-29,2783.02002,250.031189,5222.120117,42.393135,300.108124,29.980841,120.870003,104.000679
2019-05-30,2788.860107,250.714035,5248.910156,42.613007,303.169647,29.984039,121.690002,104.894981
2019-05-31,2752.060059,247.335602,5207.629883,41.841053,300.463104,29.856014,123.330002,106.208176
2019-06-03,2744.449951,246.70668,5241.459961,41.418022,302.149139,29.90082,125.110001,106.918571
2019-06-04,2803.27002,252.06189,5268.259766,42.93327,303.568939,30.227287,125.150002,105.699524
2019-06-05,2826.149902,254.245224,5292.0,43.626335,310.135468,30.006441,125.470001,105.102188
2019-06-06,2843.48999,255.898453,5278.430176,44.26685,310.889709,30.240097,125.879997,105.441231
2019-06-07,2873.340088,258.45932,5364.049805,45.445103,316.835052,30.595373,126.589996,106.353447
2019-06-10,2886.72998,259.645325,5382.5,46.025871,317.855591,30.886635,125.330002,105.352455
2019-06-11,2885.719971,259.582458,5408.450195,46.558823,319.097931,31.314802,125.18,105.417023
2019-06-12,2879.840088,259.124207,5374.919922,46.410648,316.613251,30.458466,125.830002,105.497696
2019-06-13,2891.639893,260.193451,5375.629883,46.401089,315.237823,30.477924,126.599998,105.861015
2019-06-14,2886.97998,259.905914,5367.620117,46.064106,314.128601,30.653084,126.559998,106.127449
2019-06-17,2889.669922,260.004761,5390.950195,46.338959,317.944305,30.588215,126.480003,106.313118
2019-06-18,2917.75,262.727173,5509.72998,47.428772,327.261688,31.262913,127.120003,106.845955
2019-06-19,2926.459961,263.320312,5518.450195,47.290161,324.777039,31.344004,127.889999,106.999298
2019-06-20,2954.179932,265.83609,5535.569824,47.670162,328.326569,31.587278,131.110001,107.28183
2019-06-21,2950.459961,265.449738,5528.330078,47.507648,326.817993,31.862989,131.979996,106.103241
2019-06-24,2945.350098,265.124664,5521.709961,47.459839,329.43576,31.788389,133.940002,106.894363
2019-06-25,2917.379883,262.524353,5514.569824,46.740459,329.835083,31.752707,134.199997,107.225357
2019-06-26,2913.780029,262.262543,5500.720215,47.751423,326.196808,32.125736,132.970001,106.539131
2019-06-27,2924.919922,263.192505,5493.609863,47.737087,326.862366,31.869476,132.839996,107.289963
2019-06-28,2941.76001,264.546783,5538.970215,47.302105,332.142151,31.966797,133.199997,107.217262
2019-07-01,2964.330078,266.948486,5567.910156,48.169662,332.408417,32.291164,130.619995,106.96653
2019-07-02,2973.01001,267.643799,5576.819824,48.451672,334.981812,32.171139,133.410004,107.791542
2019-07-03,2995.820068,269.783539,5618.810059,48.853188,337.200226,31.862989,133.630005,108.56002
2019-07-05,2990.409912,269.476593,5593.720215,48.810173,337.910065,32.057617,132.139999,107.120201
2019-07-08,2975.949951,267.995911,5589.189941,47.804001,339.862305,32.242504,131.289993,107.265793
2019-07-09,2979.629883,268.329956,5572.100098,48.095573,339.862305,32.11924,131.75,107.225349
2019-07-10,2993.070068,269.612,5567.589844,48.571175,338.087616,32.281422,133.830002,106.634911
2019-07-11,2999.909912,270.244049,5551.950195,48.217461,339.951111,32.346306,132.699997,105.211243
2019-07-12,3013.77002,271.453949,5572.859863,48.587921,340.749756,32.352787,133.529999,105.332588
2019-07-15,3014.300049,271.544281,5578.209961,49.044388,337.244507,32.495502,133.529999,105.939224
2019-07-16,3004.040039,270.668365,5614.379883,48.87471,341.903259,32.414433,132.399994,105.623787
2019-07-17,2984.419922,268.826508,5571.709961,48.599857,339.5961,31.522402,134.580002,106.764313
2019-07-18,2995.110107,269.810638,5550.549805,49.151936,339.729218,31.159101,136.479996,106.7724
2019-07-19,2976.610107,268.311829,5552.339844,48.418217,339.24118,31.269402,134.470001,106.52166
2019-07-22,2985.030029,268.970978,5567.02002,49.52478,341.459564,31.266148,134.449997,106.723869
2019-07-23,3005.469971,270.894135,5618.160156,49.911945,340.12854,31.697565,133.690002,106.141441
2019-07-24,3019.560059,272.167175,5605.870117,49.871315,337.466461,31.431583,134.369995,106.602547
2019-07-25,3003.669922,270.867035,5578.049805,49.476974,333.783844,31.087744,133.419998,106.092911
2019-07-26,3025.860107,272.681885,5610.049805,49.649048,342.169525,31.159101,133.639999,106.343674
2019-07-29,3020.969971,272.185272,5601.100098,50.112701,336.091003,31.178579,134.529999,106.376022
2019-07-30,3013.179932,271.517151,5511.069824,49.89761,332.319672,30.643362,134.979996,106.634911
2019-07-31,2980.379883,268.546631,5518.899902,50.915726,333.029541,30.513611,133.210007,107.492241
2019-08-01,2953.560059,266.20816,5557.410156,49.81395,336.401581,30.198965,136.410004,109.627159
2019-08-02,2932.050049,264.203644,5359.0,48.759983,318.033051,29.018257,135.889999,110.640259
2019-08-05,2844.73999,256.258301,5241.549805,46.2075,304.589355,28.632257,137.789993,112.552994
2019-08-06,2881.77002,259.851776,5234.649902,47.082237,310.978455,28.249489,138.910004,113.452614
2019-08-07,2883.97998,260.00531,5266.509766,47.569775,317.367493,28.012705,141.020004,113.493195
2019-08-08,2938.090088,265.106659,5387.959961,48.618973,326.77359,28.486284,141.729996,113.736343
2019-08-09,2918.649902,263.300903,5327.919922,48.218327,323.312897,28.213816,141.259995,113.509415
2019-08-12,2882.699951,260.095612,5310.310059,48.095978,316.391357,28.045143,142.630005,115.876038
2019-08-13,2926.320068,264.140564,5363.069824,50.132774,319.053467,28.687389,141.779999,115.478844
2019-08-14,2840.600098,256.330475,5251.299805,48.640568,308.9375,28.311129,142.75,118.080574
2019-08-15,2847.600098,257.007751,5236.930176,48.39827,306.763458,28.090546,143.699997,119.393578
2019-08-16,2888.679932,260.799896,5300.790039,49.540207,309.203766,28.048384,142.779999,118.437149
2019-08-19,2923.649902,263.941833,5371.560059,50.463837,316.657654,28.641985,141.110001,116.743263
2019-08-20,2900.51001,261.919403,5344.640137,50.466232,315.637177,28.327345,142.210007,117.950844
2019-08-21,2924.429932,264.050201,5435.47998,51.013226,327.527954,28.794434,141.759995,117.164696
2019-08-22,2922.949951,263.968933,5388.25,50.970043,320.428955,28.800926,141.399994,116.386681
2019-08-23,2847.110107,257.188232,5326.870117,48.614182,315.459686,28.272202,144.169998,118.299385
2019-08-26,2878.379883,260.03244,5351.02002,49.537796,313.773621,28.440868,144.190002,117.821198
2019-08-27,2869.159912,259.012054,5387.089844,48.978832,319.319763,28.521963,145.570007,119.636726
2019-08-28,2887.939941,260.835999,5368.799805,49.307503,315.770294,28.749022,145.160004,119.790703
2019-08-29,2924.580078,264.167572,5449.970215,50.142365,320.650757,29.193419,144.119995,119.336769
2019-08-30,2926.459961,264.050201,5480.47998,50.077595,321.58252,29.446421,143.75,119.36924
2019-09-03,2906.27002,262.506317,5466.069824,49.348286,315.592773,29.047449,145.75,119.523514
2019-09-04,2937.780029,265.485809,5532.069824,50.185555,326.995483,29.456161,146.660004,119.70211
2019-09-05,2976.0,268.898834,5593.370117,51.166763,334.005676,29.988129,143.139999,117.534271
2019-09-06,2978.709961,269.106445,5603.990234,51.161961,337.111511,29.699432,141.919998,118.37059
2019-09-09,2978.429932,269.241882,5588.950195,51.380264,336.268494,30.052999,141.389999,116.267731
2019-09-10,2979.389893,269.17868,5593.209961,51.987232,331.121765,30.734175,140.179993,114.229782
2019-09-11,3000.929932,271.092804,5618.060059,53.640167,335.558594,30.584974,141.029999,114.026764
2019-09-12,3009.570068,272.03183,5642.859863,53.520222,336.93399,30.218431,141.320007,113.279793
2019-09-13,3007.389893,271.851196,5655.459961,52.479034,338.974945,30.263844,140.149994,110.860306
2019-09-16,2997.959961,271.011475,5602.22998,52.754925,325.753143,31.019617,141.320007,112.27301
2019-09-17,3005.699951,271.697754,5615.509766,52.946846,325.841919,31.045572,141.600006,112.881966
2019-09-18,3006.72998,271.860229,5620.649902,53.443455,323.623474,31.152618,140.710007,113.360947
2019-09-19,3006.790039,271.842224,5659.080078,53.00922,325.930603,31.246689,141.279999,113.702011
2019-09-20,2992.070068,270.55777,5690.779785,52.234318,328.370911,32.099781,142.949997,115.204056
2019-09-23,2991.780029,270.494232,5630.759766,52.47184,325.176422,31.571054,143.75,115.179665
2019-09-24,2966.600098,268.371765,5628.330078,52.22234,328.370911,30.974211,144.509995,116.568115
2019-09-25,2984.870117,269.959106,5583.799805,53.026012,320.51767,30.614162,141.830002,114.86306
2019-09-26,2977.620117,269.39679,5620.569824,52.752537,320.251495,30.737419,141.789993,115.601929
2019-09-27,2961.790039,267.945557,5640.580078,52.495827,319.585968,31.309797,141.059998,115.886101
2019-09-30,2976.73999,269.188141,5677.790039,53.731335,323.579041,31.50388,138.869995,116.17028
2019-10-01,2940.25,265.986237,5597.629883,53.880066,316.879425,31.145319,139.630005,116.519951
2019-10-02,2887.610107,261.287659,5422.77002,52.529415,305.254913,29.90517,141.259995,116.804703
2019-10-03,2910.629883,263.428284,5438.77002,52.975651,307.739532,29.546608,141.899994,117.870178
2019-10-04,2952.01001,266.993103,5488.319824,54.460644,310.224243,29.605812,141.899994,118.740433
2019-10-07,2938.790039,265.841034,5521.609863,54.472633,313.951141,29.747271,140.690002,117.756294
2019-10-08,2893.060059,261.713989,5456.620117,53.834492,311.510864,29.257132,141.919998,118.073517
2019-10-09,2919.399902,264.199341,5499.140137,54.465435,316.790741,29.526871,142.050003,117.406563
2019-10-10,2938.129883,265.986237,5569.049805,55.199547,334.404968,29.799904,140.809998,115.65786
2019-10-11,2970.27002,268.743622,5665.47998,56.667767,335.602966,30.536764,140.029999,114.226379
2019-10-14,2966.149902,268.444336,5643.080078,56.586189,336.534668,30.158463,140.589996,115.055962
2019-10-15,2995.679932,271.102051,5702.049805,56.454258,337.64389,30.563076,139.610001,113.665131
2019-10-16,2989.689941,270.666534,5696.899902,56.226337,335.514282,30.53018,140.410004,113.803429
2019-10-17,2997.949951,271.464844,5673.069824,56.444656,332.541534,30.405184,140.610001,113.526863
2019-10-18,2986.199951,270.276581,5636.25,56.715736,332.807709,30.484123,140.460007,113.526863
2019-10-21,3006.719971,272.108887,5648.350098,57.699356,332.408417,30.579529,139.789993,112.672836
2019-10-22,2995.98999,271.21994,5657.689941,57.567402,334.227539,31.043344,140.199997,113.331665
2019-10-23,3004.52002,272.009094,5653.439941,58.339901,332.763367,31.132166,140.529999,113.445572
2019-10-24,3010.290039,272.453583,5684.330078,58.43586,334.58252,31.250589,141.529999,113.217842
2019-10-25,3022.550049,273.569244,5722.149902,59.155571,340.705322,31.378874,141.860001,112.664696
2019-10-28,3039.419922,275.111298,5730.569824,59.748123,339.063721,31.480862,140.639999,111.639931
2019-10-29,3036.889893,275.029541,5740.140137,58.366272,337.422028,31.362429,140.25,111.713158
2019-10-30,3046.77002,275.873108,5765.870117,58.359081,341.148987,31.359146,141.020004,113.347969
2019-10-31,3037.560059,275.138367,5729.859863,59.678551,339.41861,31.01045,142.429993,114.877029
2019-11-01,3066.909912,277.687286,5761.890137,61.372284,345.408386,31.415058,142.559998,114.523468
2019-11-04,3078.27002,278.802948,5824.299805,61.775326,352.729126,31.918364,142.149994,113.016144
2019-11-05,3074.620117,278.494537,5846.890137,61.686562,355.169403,32.43811,139.850006,111.745071
2019-11-06,3076.780029,278.558105,5866.740234,61.712936,354.548248,32.451267,140.449997,112.421303
2019-11-07,3085.179932,279.537689,5890.990234,62.425186,358.497009,32.62561,138.270004,110.384407
2019-11-08,3093.080078,280.227051,5889.700195,62.596031,357.609711,32.431526,137.389999,109.920013
2019-11-11,3087.01001,279.691895,5893.819824,63.091721,357.831512,32.507191,137.059998,109.993301
2019-11-12,3091.840088,280.281494,5919.75,63.03397,357.9646,32.53022,137.429993,110.498466
2019-11-13,3094.040039,280.372192,5907.089844,63.637936,356.589294,32.507191,137.979996,111.215477
2019-11-14,3096.629883,280.780365,5901.080078,63.197617,358.275208,32.290077,138.559998,112.364319
2019-11-15,3120.459961,282.812164,5939.27002,63.948349,359.828156,32.418373,138.210007,112.242073
2019-11-18,3122.030029,283.020813,5929.790039,64.27079,356.944183,32.253902,138.619995,112.445778
2019-11-19,3120.179932,282.939148,5909.049805,64.075874,353.350372,32.14534,138.690002,113.382759
2019-11-20,3108.459961,281.886963,5894.029785,63.329945,353.350372,32.079552,138.759995,114.556061
2019-11-21,3103.540039,281.433411,5881.209961,63.045998,350.067047,32.142044,138.0,113.839058
2019-11-22,3110.290039,282.059357,5893.129883,62.990654,351.619904,32.306526,137.740005,113.985619
2019-11-25,3133.639893,284.2453,5924.859863,64.095123,358.718964,32.194683,137.080002,114.31974
2019-11-26,3140.52002,284.889343,5929.620117,63.594627,361.469757,31.661774,137.740005,114.987862
2019-11-27,3153.629883,286.159271,5926.839844,64.44883,362.623322,31.602571,137.009995,114.653831
2019-11-29,3140.97998,285.098022,5905.169922,64.306885,361.425385,31.342699,137.860001,114.409393
2019-12-02,3113.870117,282.676147,5786.740234,63.563339,351.886139,30.974272,137.789993,112.883934
2019-12-03,3093.199951,280.780365,5727.220215,62.430016,346.695099,30.681496,139.110001,115.250832
2019-12-04,3112.76001,282.512939,5799.680176,62.981033,351.398132,31.059792,138.919998,114.100037
2019-12-05,3117.429932,283.020813,5801.549805,63.905006,351.575653,31.007164,139.0,113.545044
2019-12-06,3145.909912,285.605896,5871.910156,65.139435,358.134247,31.54994,137.619995,112.916595
2019-12-09,3135.959961,284.707916,5837.25,64.227463,356.260315,31.306517,137.580002,113.16143
2019-12-10,3132.52002,284.390442,5848.029785,64.602837,354.074097,31.345987,137.970001,113.169617
2019-12-11,3141.629883,285.197754,5860.879883,65.153862,356.572632,31.181511,138.919998,114.059227
2019-12-12,3168.570068,287.655914,5884.259766,65.319923,355.323395,31.332821,138.429993,112.18203
2019-12-13,3168.800049,287.828278,5919.02002,66.207817,360.320374,31.461117,139.050003,113.479767
2019-12-16,3191.449951,289.805573,5991.660156,67.341148,365.585083,31.763758,139.039993,112.459526
2019-12-17,3192.52002,289.869019,5968.259766,67.473488,359.29422,32.096001,139.009995,112.304466
2019-12-18,3191.139893,289.887238,5959.600098,67.312286,357.687988,31.980865,139.020004,111.38224
2019-12-19,3205.370117,291.075409,5972.279785,67.379639,358.937317,32.237438,139.380005,111.560448
2019-12-20,3221.219971,292.351593,6021.529785,67.240082,366.29895,32.283504,139.520004,111.707542
2019-12-23,3224.01001,292.798309,6029.370117,68.337349,369.243652,32.471008,139.949997,111.544052
2019-12-24,3223.379883,292.807404,6029.549805,68.402306,369.511292,32.549957,141.270004,111.862823
2019-12-27,3240.02002,294.29306,6037.390137,69.732933,372.63443,32.428249,142.330002,112.255257
2019-12-30,3221.290039,292.670624,5982.220215,70.146828,369.957428,32.359161,142.630005,111.846512
2019-12-31,3230.780029,293.381531,5978.060059,70.659332,369.600555,32.369026,142.899994,110.751053
2020-01-02,3257.850098,296.125336,6041.5,72.271553,374.017517,32.77364,143.949997,112.001816
2020-01-03,3234.850098,293.882935,6044.160156,71.568909,373.972961,33.145355,145.860001,113.726715
2020-01-06,3246.280029,295.004181,6013.589844,72.139191,370.448273,33.62534,147.389999,113.080849
2020-01-07,3237.179932,294.174622,6012.350098,71.799934,371.206665,33.405346,147.970001,112.524994
2020-01-08,3253.050049,295.742462,6031.0,72.95491,373.705261,33.492016,146.860001,111.781181
2020-01-09,3274.699951,297.747742,6042.549805,74.504547,378.791443,33.305359,146.029999,112.173531
2020-01-10,3265.350098,296.89093,6037.109863,74.672981,378.032959,33.188686,146.910004,113.170799
2020-01-13,3288.129883,298.93277,6036.140137,76.268318,380.799194,33.0387,145.820007,112.827477
2020-01-14,3283.149902,298.477051,6040.890137,75.238449,384.591583,32.772034,145.690002,113.407883
2020-01-15,3289.290039,299.15152,6032.609863,74.916023,384.993134,32.385391,146.539993,114.159958
2020-01-16,3316.810059,301.639984,6039.029785,75.854454,385.394684,32.525379,146.309998,113.800323
2020-01-17,3329.620117,302.578888,6100.720215,76.694199,391.774719,32.3354,146.580002,112.827477
2020-01-21,3320.790039,301.986359,6045.990234,76.174484,379.193024,32.075409,146.740005,114.012817
2020-01-22,3321.75,302.022827,6010.97998,76.446388,377.854553,31.865408,146.789993,114.413399
2020-01-23,3325.540039,302.369232,5971.790039,76.814529,367.592834,31.54541,147.119995,115.214485
2020-01-24,3295.469971,299.680145,6024.259766,76.593147,371.474426,31.588755,147.979996,116.146423
2020-01-27,3243.629883,294.876587,5863.02002,74.340919,357.821899,30.738791,148.990005,117.953018
2020-01-28,3276.23999,297.966583,5925.819824,76.443962,367.637421,30.982107,147.660004,117.029312
2020-01-29,3273.399902,297.72052,5954.890137,78.044136,363.711212,30.785452,148.460007,118.173706
2020-01-30,3283.659912,298.686646,5871.77002,77.931038,355.947937,29.94549,148.470001,118.190079
2020-01-31,3225.52002,293.263123,5806.339844,74.475647,352.735626,29.428841,149.330002,119.269211
2020-02-03,3248.919922,295.44162,5832.509766,74.271141,354.029449,29.17218,148.360001,119.172516
2020-02-04,3297.590088,299.94458,5935.049805,76.723091,366.388184,29.86549,146.429993,117.567665
2020-02-05,3334.689941,303.408356,5985.399902,77.348724,370.314423,30.288805,146.610001,116.282074
2020-02-06,3345.780029,304.429199,6038.180176,78.253441,373.03595,30.598795,147.399994,116.806099
2020-02-07,3327.709961,302.806732,6029.75,77.189781,369.377472,30.172144,147.789993,118.263634
2020-02-10,3352.090088,305.06723,6015.669922,77.556427,369.020538,29.7155,148.169998,118.591202
2020-02-11,3357.75,305.595947,6054.759766,77.088493,367.949707,29.992155,147.660004,117.993416
2020-02-12,3379.449951,307.56488,6104.72998,78.919174,378.969971,30.32214,147.539993,117.395729
2020-02-13,3373.939941,307.236725,6093.140137,78.357155,376.159149,30.262138,148.380005,117.846054
2020-02-14,3380.159912,307.728943,6069.350098,78.376457,370.269714,30.16548,149.0,118.361946
2020-02-18,3370.290039,306.935883,6056.819824,76.94136,364.826599,29.795494,150.910004,119.172516
2020-02-19,3386.149902,308.403412,6111.240234,78.055687,373.928284,30.032146,151.789993,119.164375
2020-02-20,3373.22998,307.136536,6062.299805,77.254906,365.674286,29.832153,152.410004,120.097816
2020-02-21,3337.75,303.97348,6029.720215,75.506248,360.945038,29.528839,154.699997,121.219589
2020-02-24,3225.889893,293.89209,5791.870117,71.91967,344.124664,28.108892,156.089996,123.029282
2020-02-25,3128.209961,284.986603,5679.680176,69.483589,339.127716,27.425589,153.300003,123.684296
2020-02-26,3116.389893,283.938385,5684.549805,70.585861,343.767792,27.362253,153.970001,123.029282
2020-02-27,2978.76001,271.186066,5495.600098,65.971786,330.026001,26.45229,154.0,124.363907
2020-02-28,2954.219971,270.046692,5309.899902,65.933174,330.918335,25.585657,148.380005,127.17247
2020-03-02,3090.22998,281.741547,5333.52002,72.071617,335.603027,26.065639,149.199997,126.236862
2020-03-03,3003.370117,273.6745,5393.169922,69.782684,336.718384,26.212305,153.889999,128.196762
2020-03-04,3130.120117,285.177979,5464.890137,73.019524,343.723145,26.628954,154.160004,126.835487
2020-03-05,3023.939941,275.69812,5361.100098,70.65097,334.219971,26.032309,157.490005,129.992615
2020-03-06,2972.370117,271.140564,5139.109863,69.71273,321.54895,24.765696,157.550003,136.757996
2020-03-09,2746.560059,249.965988,4707.910156,64.199005,301.605438,20.652517,157.809998,140.464554
2020-03-10,2882.22998,262.900452,4636.609863,68.822708,298.75,21.009172,154.479996,133.264572
2020-03-11,2741.379883,250.084396,4610.25,66.43248,294.600708,20.642521,153.929993,128.360764
2020-03-12,2480.639893,226.157089,4044.26001,59.871956,269.035645,17.585976,147.789993,129.156189
2020-03-13,2711.02002,245.490372,4118.359863,67.045105,280.992767,17.349316,143.279999,126.236862
2020-03-16,2386.129883,218.627945,3881.459961,58.419956,265.555573,16.222692,141.639999,134.412643
2020-03-17,2529.189941,230.432068,3991.780029,60.988693,277.735779,16.766005,143.559998,125.449608
2020-03-18,2398.100098,218.764648,3754.840088,59.495689,256.944611,14.529429,140.699997,118.372673
2020-03-19,2409.389893,219.229507,3855.5,59.039833,263.190948,14.999409,138.039993,121.595413
2020-03-20,2304.919922,209.781998,4048.800049,55.291656,277.512756,16.666014,140.110001,130.738846
2020-03-23,2237.399902,204.418259,3914.310059,54.11702,277.869598,17.665966,146.300003,136.126602
2020-03-24,2447.330078,222.939224,4242.700195,59.546345,302.631622,20.315866,153.399994,133.592651
2020-03-25,2475.560059,226.276703,4432.299805,59.218319,324.35968,21.899136,151.300003,133.289215
2020-03-26,2630.070068,239.488907,4543.580078,62.33456,324.538177,21.999136,153.240005,133.94519
2020-03-27,2541.469971,232.355591,4351.490234,59.753765,304.862488,21.499153,152.25,137.520615
2020-03-30,2626.649902,239.901443,4378.509766,61.459015,312.313354,22.861151,152.919998,136.388962
2020-03-31,2584.590088,236.325668,4396.120117,61.333595,302.00705,24.100571,148.050003,135.281906
2020-04-01,2470.5,225.68985,4207.240234,58.1064,289.692932,23.971188,149.449997,137.177277
2020-04-02,2526.899902,230.897736,4220.959961,59.075996,290.317596,24.706657,151.899994,138.047791
2020-04-03,2488.649902,227.560303,4154.580078,58.227009,290.049835,22.833908,152.649994,138.376236
2020-04-06,2663.679932,242.84462,4346.140137,63.306561,303.167023,23.027996,156.880005,138.014923
2020-04-07,2659.409912,243.092285,4438.27002,62.573341,307.405548,23.334444,156.039993,136.56958
2020-04-08,2749.97998,251.252396,4442.75,64.174896,306.245575,23.072256,154.649994,135.575943
2020-04-09,2789.820068,255.07579,4506.850098,64.637993,309.993317,22.898607,158.690002,135.82225
2020-04-14,2846.060059,260.201172,4523.910156,69.235176,314.097992,22.241446,162.679993,134.549316
2020-04-15,2783.360107,254.67247,4353.720215,68.603249,305.174774,20.896467,161.850006,138.113556
2020-04-16,2799.550049,255.901001,4350.160156,69.148338,305.888611,20.440199,161.710007,139.682068
2020-04-17,2874.560059,262.814301,4499.009766,68.210075,319.451935,21.124601,158.570007,137.809631
2020-04-20,2823.159912,258.184113,4528.299805,66.794273,321.638153,21.022455,159.699997,138.918396
2020-04-21,2736.560059,250.344742,4357.459961,64.72963,312.313354,20.225683,158.610001,140.667465
2020-04-22,2799.310059,255.901001,4411.799805,66.59407,315.391876,21.189297,161.729996,139.230331
2020-04-23,2797.800049,255.882736,4451.0,66.335999,311.108734,22.077997,163.339996,139.969482
2020-04-24,2836.73999,259.449371,4393.319824,68.251091,304.148529,21.696644,162.639999,140.297897
2020-04-27,2878.47998,263.190216,4505.259766,68.299324,313.161072,21.962233,161.559998,137.686447
2020-04-28,2863.389893,261.979919,4569.790039,67.192238,318.55957,22.33338,160.839996,139.271362
2020-04-29,2939.51001,268.838196,4671.109863,69.399193,321.058105,23.031395,161.729996,138.548721
2020-04-30,2912.429932,266.335144,4572.180176,70.863243,314.499542,22.370831,158.800003,136.930893
2020-05-04,2842.73999,259.999451,4378.22998,70.708862,302.096222,20.763674,160.339996,137.453827
2020-05-05,2868.439941,262.401642,4483.129883,71.770126,305.62088,22.411694,161.020004,136.573959
2020-05-06,2848.419922,260.622955,4433.379883,72.510574,300.177734,21.928186,158.949997,134.370285
2020-05-07,2881.189941,263.767853,4501.439941,73.260719,308.342529,22.180157,161.389999,136.615143
2020-05-08,2929.800049,268.132294,4549.640137,75.004456,314.321075,22.462769,160.419998,134.838959
2020-05-11,2930.189941,268.187225,4490.220215,76.184647,311.331787,22.054165,159.419998,133.786438
2020-05-12,2870.120117,262.841797,4472.5,75.314018,309.502563,22.006496,160.039993,135.159714
2020-05-13,2820.0,258.193207,4344.950195,74.404663,298.973114,21.172276,161.580002,136.105331
2020-05-14,2852.5,261.283203,4273.129883,74.861755,295.359192,20.981596,163.009995,137.437469
2020-05-15,2863.699951,262.484222,4277.629883,74.419182,294.68988,21.015644,163.929993,137.083862
2020-05-18,2953.909912,270.479401,4498.339844,76.172569,312.358002,22.571728,162.690002,134.074295
2020-05-19,2922.939941,267.701263,4458.160156,75.732422,319.005768,22.442341,164.259995,134.575836
2020-05-20,2971.610107,272.248993,4496.97998,77.205276,322.798187,22.724953,164.649994,134.978699
2020-05-21,2948.51001,270.369385,4445.450195,76.629669,321.102783,22.316353,162.25,135.315918
2020-05-22,2955.449951,270.882874,4444.560059,77.123032,317.042664,22.248247,163.210007,136.12999
2020-05-26,2991.77002,274.220306,4606.240234,76.600639,326.055176,22.728359,160.889999,134.304474
2020-05-27,3036.129883,278.300415,4688.740234,76.93441,333.595306,23.181223,161.179993,134.057785
2020-05-28,3029.72998,277.786896,4771.390137,76.968246,345.150848,23.371901,161.720001,133.564438
2020-05-29,3044.310059,279.02478,4695.439941,76.893295,334.621429,22.898607,162.910004,134.518326
2020-06-01,3055.72998,280.152466,4762.779785,77.838913,338.101532,23.525129,163.660004,133.612701
2020-06-02,3080.820068,282.472137,4858.970215,78.199272,343.500031,24.206127,162.600006,133.126846
2020-06-03,3122.870117,286.231384,5022.379883,78.629738,351.084839,24.805401,159.600006,131.356689
2020-06-04,3112.350098,285.479584,5011.97998,77.952583,348.050995,24.594297,161.279999,129.454803
2020-06-05,3193.929932,292.796295,5197.790039,80.172729,360.721893,26.106117,158.009995,128.532578
2020-06-08,3232.389893,296.335419,5175.52002,80.646759,353.449524,26.456825,159.720001,129.026566
2020-06-09,3207.179932,294.125763,5095.109863,83.193405,352.735626,25.673679,161.259995,130.492111
2020-06-10,3190.139893,292.484528,5053.419922,85.333786,355.501801,25.207195,163.570007,132.427002
2020-06-11,3002.100098,275.623047,4815.600098,81.236885,334.710693,23.647705,162.389999,134.930008
2020-06-12,3041.310059,278.923981,4839.259766,81.938255,338.324585,23.899675,162.619995,133.629105
2020-06-15,3066.590088,281.527771,4815.720215,82.951599,331.453705,23.623869,162.330002,133.703217
2020-06-16,3124.73999,286.946564,4952.459961,85.149979,336.227661,24.400211,162.25,131.65303
2020-06-17,3113.48999,285.75473,4995.970215,85.031471,338.324585,24.478527,162.559998,132.196518
2020-06-18,3115.340088,285.864655,4958.75,85.065338,336.673767,24.298059,162.240005,133.596146
2020-06-19,3097.73999,284.230957,4979.450195,84.579208,339.127716,24.304871,164.029999,133.703217
2020-06-22,3117.860107,286.054352,4948.700195,86.79213,338.101532,24.131214,165.089996,133.719711
2020-06-23,3131.290039,287.371307,5017.680176,88.644691,348.586334,24.641972,166.479996,132.805725
2020-06-24,3050.330078,280.040771,4871.359863,87.079918,340.28775,23.787313,165.899994,134.230103
2020-06-25,3083.76001,283.042938,4918.580078,88.235962,342.518494,23.977997,165.800003,134.61705
2020-06-26,3009.050049,276.320282,4909.640137,85.524864,345.95401,23.933727,166.539993,136.058014
2020-06-29,3053.23999,280.38147,4945.459961,87.495911,347.56015,23.99275,166.630005,135.629898
2020-06-30,3100.290039,283.972992,4935.990234,88.226311,348.452484,23.593452,167.369995,134.971176
2020-07-01,3115.860107,285.962219,4926.939941,88.059395,349.434052,23.721922,166.619995,134.709045
2020-07-02,3130.01001,287.536957,5049.379883,88.059395,358.580353,24.197609,166.979996,134.849152
2020-07-06,3179.719971,291.9758,5081.509766,90.415054,360.49884,24.364277,167.979996,134.296844
2020-07-07,3145.320068,288.964447,5043.72998,90.134476,361.621552,24.0865,169.039993,136.184555
2020-07-08,3169.939941,291.174622,4981.129883,92.233719,359.061859,23.805254,170.089996,135.640472
2020-07-09,3152.050049,289.51712,4921.009766,92.630348,360.094696,23.027487,169.630005,137.800217
2020-07-10,3185.040039,292.473022,4970.47998,92.792374,359.870178,23.138597,169.190002,137.107758
2020-07-13,3155.219971,289.940582,5056.22998,92.364311,366.740662,23.409426,169.399994,137.561157
2020-07-14,3197.52002,293.697968,5007.459961,93.892807,363.417633,23.642061,170.190002,137.758926
2020-07-15,3226.560059,296.396271,5108.97998,94.538544,370.06366,23.839983,170.339996,137.115952
2020-07-16,3215.570068,295.420044,5085.279785,93.375252,366.561005,23.905945,168.729996,137.767197
2020-07-17,3224.72998,296.276398,5069.419922,93.186615,368.447052,23.489285,170.119995,137.47876
2020-07-20,3251.840088,298.670868,5093.180176,95.150421,370.737213,23.058739,170.940002,137.816696
2020-07-21,3257.300049,299.306305,5104.279785,93.837189,368.177643,23.440672,173.0,137.899078
2020-07-22,3276.02002,301.009949,5037.120117,94.1008,362.833923,22.704578,175.630005,138.311295
2020-07-23,3235.659912,297.418396,5033.759766,89.81765,362.474609,22.589989,177.179993,139.926941
2020-07-24,3215.629883,295.50296,4956.430176,89.595139,358.433197,22.673325,178.699997,139.918686
2020-07-27,3239.409912,297.657837,4939.620117,91.718605,360.498871,22.492769,182.229996,139.399384
2020-07-28,3218.439941,295.77005,4928.939941,90.211876,345.814819,22.503187,183.75,140.363846
2020-07-29,3258.439941,299.407593,4958.740234,91.941086,347.700897,22.534437,185.130005,140.124756
2020-07-30,3246.219971,298.339355,4852.939941,93.053589,335.756104,22.17333,183.759995,141.047974
2020-07-31,3271.120117,300.696869,4783.689941,102.79525,329.379547,21.735838,185.429993,140.957397
2020-08-03,3294.610107,302.787415,4875.930176,105.385414,334.363953,22.499718,185.639999,140.247604
2020-08-04,3306.51001,303.95694,4889.52002,106.089233,333.780212,23.055265,189.589996,141.584442
2020-08-05,3327.77002,305.844696,4933.339844,106.473763,337.776855,23.499704,191.350006,140.346588
2020-08-06,3349.159912,307.889191,4885.129883,110.18853,335.890747,22.947624,193.889999,141.130585
2020-08-07,3351.280029,308.11026,4889.52002,107.683334,335.890747,22.774017,190.809998,140.18985
2020-08-10,3360.469971,309.031189,4909.509766,109.248497,333.69046,23.083044,190.149994,139.562698
2020-08-11,3333.689941,306.480316,5027.990234,105.999451,343.704285,23.742752,179.940002,137.903992
2020-08-12,3380.350098,310.753265,5073.310059,109.52227,351.338196,23.902477,179.100006,136.649643
2020-08-13,3373.429932,310.191498,5042.379883,111.460548,351.338196,23.603867,183.330002,135.188934
2020-08-14,3372.850098,310.200714,4962.930176,111.361221,346.712921,23.263597,182.539993,134.660751
2020-08-17,3381.98999,311.186127,4971.939941,111.070457,348.239777,23.117765,186.5,134.999115
2020-08-18,3389.780029,311.858429,4938.060059,111.995995,346.712921,22.780958,188.179993,135.964661
2020-08-19,3374.850098,310.559906,4977.22998,112.13652,347.745789,22.971933,182.240005,135.114685
2020-08-20,3385.51001,311.526794,4911.240234,114.624779,344.288025,22.583046,183.5,136.335983
2020-08-21,3397.159912,312.631897,4896.330078,120.531677,346.174103,22.471937,182.029999,137.152969
2020-08-24,3431.280029,315.799896,5007.890137,121.973228,353.358917,23.350397,181.0,136.930161
2020-08-25,3443.620117,316.904999,5008.27002,120.972641,356.592102,23.09693,181.220001,135.882019
2020-08-26,3478.72998,320.082092,5048.430176,122.617722,361.935791,23.169853,183.360001,135.362213
2020-08-27,3484.550049,320.782013,5015.970215,121.151901,360.139587,23.110821,181.240005,133.059921
2020-08-28,3508.01001,322.854095,5002.939941,120.955681,355.96344,23.124704,184.389999,132.960831
2020-08-31,3500.310059,321.68457,4947.220215,125.057533,352.775146,22.985819,184.830002,133.843857
2020-09-01,3526.649902,324.714325,4938.100098,130.038879,356.277802,22.881657,185.050003,135.374695
2020-09-02,3580.840088,329.411011,5031.740234,127.344734,365.752716,23.117765,182.619995,136.663544
2020-09-03,3455.060059,318.074615,5009.52002,117.149368,366.785614,23.062212,181.139999,137.051834
2020-09-04,3426.959961,315.4776,4965.069824,117.226906,361.801086,22.892073,181.639999,134.449432
2020-09-08,3331.840088,306.857849,4973.52002,109.338142,363.193115,22.464993,181.289993,135.275604
2020-09-09,3398.959961,312.91745,5042.97998,113.699249,362.878784,22.735828,183.050003,134.912109
2020-09-10,3339.189941,307.483948,5023.930176,109.987442,363.148254,22.732353,182.460007,135.597748
2020-09-11,3340.969971,307.640564,5034.140137,108.543434,374.149994,22.579575,182.449997,135.886963
2020-09-14,3383.540039,311.692566,5051.879883,111.799736,377.42807,22.239305,183.889999,135.878677
2020-09-15,3401.199951,313.267365,5067.930176,111.974205,380.79599,22.440687,183.449997,135.548218
2020-09-16,3385.48999,312.024139,5074.419922,108.669434,382.726837,22.353884,183.970001,135.143295
2020-09-17,3357.01001,309.279846,5039.5,106.934654,377.203583,21.899027,182.960007,135.556503
2020-09-18,3319.469971,305.719116,4978.180176,103.542664,371.680298,21.603895,183.199997,135.135117
2020-09-21,3281.060059,302.31665,4792.040039,106.682686,355.244904,20.645576,179.520004,135.820786
2020-09-22,3315.570068,305.395569,4772.839844,108.359314,351.20343,20.79141,178.649994,135.713409
2020-09-23,3236.919922,298.313171,4802.259766,103.814056,359.331299,20.624737,174.789993,135.895157
2020-09-24,3246.590088,299.108307,4762.620117,104.880104,360.858093,20.155996,175.440002,136.415649
2020-09-25,3298.459961,303.94397,4729.660156,108.814804,359.421143,19.939264,174.940002,136.415649
2020-09-28,3351.600098,308.99231,4843.27002,111.412102,364.540222,20.465101,176.699997,136.027359
2020-09-29,3335.469971,307.309448,4832.069824,110.568924,368.177643,20.131123,178.190002,136.184326
2020-09-30,3363.0,309.639465,4803.439941,112.235855,358.702606,20.749338,177.119995,134.879028
2020-10-01,3380.800049,311.627411,4824.040039,113.185623,367.953125,20.244822,178.699997,135.101471
2020-10-02,3348.419922,308.668701,4824.879883,109.531952,366.111969,20.045855,178.539993,134.596939
2020-10-05,3408.600098,314.142334,4871.870117,112.904556,370.512634,20.504187,179.410004,131.967102
2020-10-06,3360.969971,309.676453,4895.459961,109.667633,369.300262,20.976732,177.300003,132.67836
2020-10-07,3419.439941,315.066895,4882.0,111.528381,368.896088,20.728027,177.220001,131.710663
2020-10-08,3446.830078,317.859192,4911.939941,111.421776,365.707825,20.958967,177.850006,132.421875
2020-10-09,3477.139893,320.697693,4946.810059,113.360046,369.928955,21.282288,181.080002,132.397125
2020-10-12,3534.219971,325.856964,4979.290039,120.560738,375.631866,21.090424,180.559998,132.818939
2020-10-13,3511.929932,323.730438,4947.609863,117.362595,374.28476,20.756441,177.720001,133.769928
2020-10-14,3488.669922,321.696167,4941.660156,117.449821,370.198395,20.728027,178.270004,134.075974
2020-10-15,3483.340088,321.298676,4837.419922,116.984634,361.935791,20.049406,178.919998,133.844376
2020-10-16,3483.810059,321.104553,4935.859863,115.346779,388.519714,20.219948,178.300003,133.472214
2020-10-19,3426.919922,316.222626,4942.620117,112.400604,388.250244,20.045855,178.389999,132.967682
2020-10-20,3443.120117,317.489349,4929.279785,113.883385,386.364227,20.060066,179.25,131.702423
2020-10-21,3435.560059,316.888367,4853.950195,113.263138,384.208801,19.736742,180.600006,131.247543
2020-10-22,3453.48999,318.626556,4851.379883,112.177696,383.669922,19.6266,178.830002,129.883026
2020-10-23,3465.389893,319.708405,4909.640137,111.489609,384.388397,19.953474,178.639999,130.676926
2020-10-26,3400.969971,313.800171,4816.120117,111.499336,378.775299,19.225119,178.550003,131.892578
2020-10-27,3390.679932,312.718414,4730.660156,113.00145,376.170746,18.606897,179.020004,132.777527
2020-10-28,3271.030029,302.03009,4571.120117,107.768127,361.172424,17.956711,176.130005,132.901657
2020-10-29,3310.110107,305.09967,4569.669922,111.760979,362.654266,17.857224,175.399994,131.61145
2020-10-30,3269.959961,301.919037,4594.240234,105.500351,361.307129,18.34753,176.199997,130.313049
2020-11-02,3310.23999,305.30307,4691.140137,105.413116,364.315796,19.249989,177.910004,131.289139
2020-11-03,3369.159912,310.693512,4805.609863,107.031578,367.279541,19.72253,178.919998,130.527451
2020-11-04,3443.439941,317.637299,4922.850098,111.402397,378.82016,19.825569,178.820007,133.358963
2020-11-05,3510.449951,323.832123,4983.990234,115.356483,392.246826,19.544882,182.929993,133.590683
2020-11-06,3509.439941,323.758148,4960.879883,115.225418,391.124207,19.633705,183.190002,131.976334
2020-11-09,3550.5,327.826385,5336.319824,112.924591,421.075928,22.59333,175.080002,129.20282
2020-11-10,3545.530029,327.34552,5418.970215,112.584808,425.701141,23.488678,175.660004,128.457657
2020-11-11,3572.659912,329.777252,5445.209961,116.002037,437.735748,23.090748,174.899994,128.921356
2020-11-12,3537.01001,326.578186,5362.569824,115.730255,424.668335,22.884676,175.960007,131.115295
2020-11-13,3585.149902,331.099457,5380.160156,115.778786,421.884186,23.197334,177.160004,130.941452
2020-11-16,3626.909912,335.232422,5471.47998,116.788422,428.664856,24.327181,177.149994,130.626907
2020-11-17,3609.530029,333.429474,5483.0,115.904976,426.599304,24.61142,176.5,131.479553
2020-11-18,3567.790039,329.416656,5511.450195,114.584679,436.613098,24.707348,175.490005,131.860458
2020-11-19,3581.870117,330.803558,5474.660156,115.176872,438.858398,24.238352,175.160004,132.539246
2020-11-20,3557.540039,328.538208,5495.890137,113.914833,442.360992,24.515486,175.690002,133.714905
2020-11-23,3577.590088,330.507721,5492.149902,110.526688,442.316071,25.666649,172.229996,133.102249
2020-11-24,3635.409912,335.833344,5558.419922,111.808174,444.426636,27.11982,169.589996,131.777512
2020-11-25,3629.649902,335.315643,5571.290039,112.643059,443.842865,26.842684,169.509995,131.371872
2020-11-27,3638.350098,336.249481,5598.180176,113.186714,445.459473,26.789391,167.789993,132.646957
2020-11-30,3621.629883,334.760834,5518.549805,115.574913,433.694336,25.457027,166.669998,132.481293
2020-12-01,3662.449951,338.422241,5581.640137,119.137772,447.988434,25.815876,170.179993,130.527939
2020-12-02,3669.01001,339.134186,5583.009766,119.487289,448.980438,26.085903,171.460007,129.492035
2020-12-03,3666.719971,339.041687,5574.359863,119.351364,449.115723,25.911806,172.809998,130.53627
2020-12-04,3699.120117,341.963501,5609.149902,118.681511,443.930145,26.782278,172.320007,128.62178
2020-12-07,3691.959961,341.260803,5573.379883,120.137718,445.237823,26.405668,174.889999,129.782089
2020-12-08,3702.25,342.259399,5560.669922,120.749321,445.914215,26.256445,175.5,130.39534
2020-12-09,3672.820068,339.189728,5546.819824,118.225204,449.115723,26.21736,172.5,129.964462
2020-12-10,3668.100098,339.078796,5549.649902,119.642601,451.821259,26.764517,172.169998,131.116364
2020-12-11,3663.459961,338.681122,5507.549805,118.836838,451.280151,26.306192,172.490005,131.580505
2020-12-14,3647.48999,337.164856,5527.839844,118.225204,459.216309,26.007738,171.539993,131.215851
2020-12-15,3694.620117,341.723114,5530.310059,124.147148,457.412689,25.979313,173.940002,130.776581
2020-12-16,3701.169922,342.259399,5547.680176,124.079216,455.428589,25.92602,174.899994,130.428543
2020-12-17,3722.47998,344.173279,5549.459961,124.943199,453.534698,25.854956,176.740005,130.083435
2020-12-18,3709.409912,342.799042,5527.839844,122.962791,450.513489,25.574272,176.440002,129.693497
2020-12-21,3694.919922,341.573334,5393.339844,124.486923,442.08139,24.622078,175.880005,130.207825
2020-12-22,3687.26001,340.997711,5466.859863,128.030396,443.97525,24.792622,174.490005,130.879776
2020-12-23,3690.01001,341.304108,5527.589844,127.137253,447.402252,25.485447,175.649994,129.975586
2020-12-24,3703.060059,342.631897,5522.009766,128.117798,447.717896,25.503218,176.350006,130.489899
2020-12-28,3735.360107,345.575439,5588.379883,132.699982,454.526764,25.478342,175.710007,130.547974
2020-12-29,3727.040039,344.916168,5611.790039,130.93309,462.462921,25.417946,176.350006,130.382095
2020-12-30,3732.040039,345.408203,5599.410156,129.816711,462.733429,25.290035,177.699997,130.664154
2020-12-31,3756.070068,347.163208,5551.410156,128.816711,460.749451,25.083969,178.360001,130.854919
2021-01-04,3700.649902,342.43692,5588.959961,125.6325,461.831604,25.044134,182.330002,130.697296
2021-01-05,3726.860107,344.79541,5564.600098,127.185791,456.510864,25.703096,182.869995,129.726639
2021-01-06,3748.139893,346.85672,5630.600098,122.90451,452.993652,26.832745,179.899994,127.063606
2021-01-07,3803.790039,352.010254,5669.850098,127.098419,464.717499,27.126017,179.479996,125.943596
2021-01-08,3824.679932,354.015808,5706.879883,128.195465,473.735931,27.144123,173.339996,125.537094
2021-01-11,3799.610107,351.629456,5662.430176,125.21505,471.120636,26.731367,173.0,125.329697
2021-01-12,3801.189941,351.703735,5650.970215,125.040298,465.168457,26.829119,174.119995,125.23024
2021-01-13,3809.840088,352.650879,5662.669922,127.069283,461.831604,27.107912,173.369995,126.640488
2021-01-14,3795.540039,351.415924,5681.140137,125.14711,458.134094,27.372219,173.279999,125.454132
2021-01-15,3768.25,348.853241,5611.689941,123.428764,445.463287,26.861708,171.130005,125.951927
2021-01-19,3798.909912,351.592346,5598.609863,124.098602,442.847961,26.901541,172.580002,126.358452
2021-01-20,3851.850098,356.457977,5628.439941,128.176041,457.863617,27.042742,175.389999,126.482864
2021-01-21,3853.070068,356.782898,5590.790039,132.87471,457.773468,26.412746,175.279999,125.595192
2021-01-22,3841.469971,355.520111,5559.569824,135.010529,461.290497,26.228092,173.899994,126.001694
2021-01-25,3855.360107,356.922119,5472.359863,138.748123,452.632843,25.598101,174.050003,127.486748
2021-01-26,3849.620117,356.365082,5523.52002,138.98111,458.134094,26.054302,173.619995,127.246132
2021-01-27,3750.77002,347.655304,5459.620117,137.913208,456.691162,25.942062,172.520004,127.569664
2021-01-28,3787.379883,350.645203,5510.52002,133.088333,466.250641,25.93482,172.679993,126.864487
2021-01-29,3714.23999,343.625427,5399.209961,128.108093,449.38623,25.268616,172.610001,126.101265
2021-02-01,3773.860107,349.345215,5461.680176,130.224426,457.863617,25.022413,174.229996,126.247475
2021-02-02,3826.310059,354.285065,5563.109863,131.049622,473.375244,25.250517,172.110001,125.43351
2021-02-03,3830.169922,354.563629,5563.049805,130.030258,473.014496,25.446032,171.850006,124.320465
2021-02-04,3871.73999,358.593567,5608.540039,133.379532,473.555542,25.297585,168.149994,123.988258
2021-02-05,3886.830078,360.004913,5659.259766,132.966354,476.802185,25.39534,169.809998,122.950027
2021-02-08,3915.590088,362.604889,5686.029785,133.112183,476.08075,25.474995,171.520004,123.489914
2021-02-09,3911.22998,362.363403,5691.540039,132.237152,484.287476,25.029648,172.080002,123.581276
2021-02-10,3909.879883,362.205627,5670.799805,131.634308,477.523621,25.159998,172.710007,124.403519
2021-02-11,3916.379883,362.790588,5669.819824,131.381546,479.327362,25.083969,171.210007,123.722549
2021-02-12,3934.830078,364.582581,5703.669922,131.614883,477.343323,25.326546,170.690002,122.185944
2021-02-16,3932.590088,364.266937,5786.529785,129.495392,486.812622,26.354816,168.240005,120.325462
2021-02-17,3931.330078,364.350525,5765.839844,127.210579,482.483704,26.76757,166.330002,121.089539
2021-02-18,3913.969971,362.799866,5728.330078,126.111916,481.581848,26.485159,166.320007,120.599525
2021-02-19,3906.709961,362.159119,5773.549805,126.267471,488.616211,26.756714,167.009995,118.996536
2021-02-22,3876.5,359.373566,5767.439941,122.504822,489.608337,27.133259,169.509995,118.091156
2021-02-23,3881.370117,359.809937,5779.839844,122.368721,486.451904,27.741531,169.119995,117.750641
2021-02-24,3925.429932,363.774841,5797.97998,121.872864,480.499725,28.223078,169.0,116.978188
2021-02-25,3829.340088,355.009338,5783.890137,117.633789,478.876465,28.570669,165.820007,115.067894
2021-02-26,3811.149902,353.180115,5703.220215,117.896301,473.465393,27.788601,161.809998,118.871964
2021-03-01,3901.820068,361.741333,5792.790039,124.245178,484.377533,28.121702,161.529999,117.301956
2021-03-02,3870.290039,358.91861,5809.72998,121.649246,486.361603,28.179632,162.410004,117.310242
2021-03-03,3819.719971,354.164429,5830.060059,118.674118,490.419922,28.465664,160.619995,116.037926
2021-03-04,3768.469971,349.781708,5830.649902,116.797668,481.491699,29.370836,159.039993,115.289482
2021-03-05,3841.939941,356.2164,5782.649902,118.051857,471.842041,29.671349,159.139999,115.514061
2021-03-08,3821.350098,354.443054,5902.990234,113.132217,482.393646,29.631523,157.490005,114.615906
2021-03-09,3875.439941,359.503601,5924.970215,117.731026,487.624268,29.446877,160.839996,116.204262
2021-03-10,3898.810059,361.741333,5990.549805,116.65181,498.716949,29.913925,161.660004,116.437073
2021-03-11,3939.340088,365.408966,6033.759766,118.576889,509.087952,30.225309,161.520004,115.597198
2021-03-12,3943.340088,365.901184,6046.549805,117.672684,508.096039,30.551165,161.490005,113.144043
2021-03-15,3968.939941,368.083282,6035.970215,120.550575,503.406403,29.899448,162.199997,113.809296
2021-03-16,3962.709961,367.618988,6055.430176,122.086746,505.300262,29.519279,162.350006,113.351959
2021-03-17,3974.120117,368.872528,6054.819824,121.299217,512.424866,29.407038,163.509995,112.503738
2021-03-18,3915.459961,363.505554,6062.790039,117.186546,510.711334,29.280317,162.559998,111.364456
2021-03-19,3913.100098,362.832977,5997.959961,116.661522,502.684875,29.131866,163.240005,112.054718
2021-03-22,3940.590088,365.730194,5968.47998,119.967232,501.96347,28.769802,163.0,113.310417
2021-03-23,3910.52002,362.851562,5945.299805,119.140816,499.799225,28.559803,161.809998,114.333183
2021-03-24,3889.139893,361.007019,5947.290039,116.758759,499.077637,29.012386,162.369995,114.948563
2021-03-25,3909.52002,363.037842,5952.410156,117.244888,501.061584,28.526449,161.779999,114.042168
2021-03-26,3974.540039,368.888245,5988.810059,117.847702,500.430298,28.832006,162.240005,113.642982
2021-03-29,3971.090088,368.701996,6015.509766,118.022697,500.430298,29.262711,160.309998,112.678337
2021-03-30,3958.550049,367.723816,6088.040039,116.574036,517.20459,29.634523,157.570007,113.268776
2021-03-31,3972.889893,369.214233,6067.22998,118.76162,512.334656,29.284805,159.960007,112.636772
2021-04-01,4019.870117,373.201447,6102.959961,119.588036,515.58136,28.787823,161.979996,114.506248
2021-04-06,4073.939941,378.334564,6131.339844,122.709,520.180481,28.581671,163.220001,114.781052
2021-04-07,4079.949951,378.772278,6130.660156,124.352142,520.541321,28.651615,162.759995,113.981598
2021-04-08,4097.169922,380.570374,6165.720215,126.743874,528.567688,28.169357,164.509995,114.922577
2021-04-09,4128.799805,383.337067,6169.410156,129.310654,530.551758,27.863815,163.270004,114.506248
2021-04-12,4127.990234,383.476837,6161.680176,127.599464,531.814392,27.734966,162.279999,114.456207
2021-04-13,4141.589844,384.613373,6184.100098,130.700958,536.413818,27.885906,163.429993,115.313972
2021-04-14,4124.660156,383.299835,6208.580078,128.367554,551.744995,28.195127,162.720001,114.947594
2021-04-15,4170.419922,387.417419,6234.140137,130.769028,556.164001,27.977938,165.350006,116.871178
2021-04-16,4185.470215,388.712372,6287.069824,130.438477,568.158447,27.941126,166.350006,115.963463
2021-04-19,4163.259766,386.802551,6296.689941,131.099609,563.559021,28.007389,165.889999,115.630386
2021-04-20,4134.939941,383.970551,6165.109863,129.417587,549.399719,27.138599,166.479996,116.1633
2021-04-21,4173.419922,387.603699,6210.549805,129.796783,566.917419,27.17173,168.130005,116.396431
2021-04-22,4134.97998,384.06369,6267.279785,128.28006,573.634033,27.164368,167.039993,116.904442
2021-04-23,4180.169922,388.227875,6257.939941,130.594055,570.094177,27.076017,166.399994,116.629631
2021-04-26,4187.620117,389.038361,6275.52002,130.982925,568.006531,27.138599,166.839996,116.463097
2021-04-27,4186.720215,388.954559,6273.759766,130.662094,574.269348,27.087067,166.419998,115.447182
2021-04-28,4183.180176,388.842712,6306.97998,129.874573,574.723206,27.569309,166.910004,115.522125
2021-04-29,4211.470215,391.32077,6302.569824,129.777313,576.992249,27.315304,166.220001,115.180763
2021-04-30,4181.169922,388.749603,6269.47998,127.813347,568.369629,27.112833,165.660004,115.447182
2021-05-03,4192.660156,389.588043,6307.899902,128.863403,572.363159,27.418379,167.809998,115.516373
2021-05-04,4164.660156,387.184509,6251.75,124.30349,561.743835,27.731285,166.580002,116.300293
2021-05-05,4167.589844,387.305634,6339.470215,124.546585,573.452454,28.725246,167.270004,116.492126
2021-05-06,4201.620117,390.398468,6357.089844,126.14109,567.552612,28.817274,170.059998,116.683922
2021-05-07,4232.600098,393.239868,6385.509766,126.813087,573.089417,28.751019,171.589996,116.108513
2021-05-10,4188.430176,389.345795,6385.990234,123.540733,567.280457,28.964525,172.110001,114.932625
2021-05-11,4152.100098,385.870941,6267.390137,122.625267,555.753235,28.287161,172.139999,114.282166
2021-05-12,4063.040039,377.673004,6279.350098,119.567169,553.847168,28.93507,170.429993,113.081322
2021-05-13,4112.5,382.2099,6288.330078,121.70977,559.111633,28.574308,171.130005,113.25647
2021-05-14,4173.850098,388.078827,6385.140137,124.125084,570.094177,29.266392,172.690002,114.315544
2021-05-17,4163.290039,387.091431,6367.350098,122.975853,566.372803,29.31056,174.699997,114.073685
2021-05-18,4127.830078,383.756348,6353.669922,121.592896,565.465088,29.225899,175.039993,113.781822
2021-05-19,4115.680176,382.750183,6262.549805,121.437088,561.925232,28.2614,175.160004,113.506638
2021-05-20,4159.120117,386.867737,6343.580078,123.988731,570.820251,28.379198,175.960007,114.440605
2021-05-21,4155.859863,386.551025,6386.410156,122.157776,573.270935,28.714203,176.039993,114.807587
2021-05-24,4197.049805,390.491608,6408.490234,123.784218,578.626038,28.74365,176.350006,115.23288
2021-05-25,4188.129883,389.625244,6390.27002,123.589432,580.622986,28.220907,177.949997,116.300293
2021-05-26,4195.990234,390.398468,6391.600098,123.540733,581.439758,28.323982,177.639999,116.100143
2021-05-27,4200.879883,390.603455,6435.709961,122.011703,588.519409,28.011068,177.710007,115.633133
2021-05-28,4204.109863,391.302155,6484.109863,121.359169,595.236023,28.084698,178.380005,115.449677
2021-06-01,4202.040039,390.957489,6489.399902,121.037766,596.415894,28.581671,177.899994,115.423805
2021-06-02,4208.120117,391.572266,6521.52002,121.797432,599.95575,29.222218,178.770004,115.691025
2021-06-03,4192.850098,390.118958,6507.919922,120.317085,593.874512,29.222218,175.270004,115.256783
2021-06-04,4229.890137,393.686951,6515.660156,122.605774,591.060852,29.222218,177.160004,116.83519
2021-06-07,4226.52002,393.304962,6543.560059,122.615517,596.597412,29.074972,177.869995,116.476067
2021-06-08,4227.259766,393.388885,6551.009766,123.433617,598.775818,29.181717,177.320007,117.294525
2021-06-09,4219.549805,392.80191,6563.450195,123.813423,601.3172,29.461502,176.979996,118.330048
2021-06-10,4239.180176,394.627838,6546.490234,122.820038,596.960571,29.317928,177.740005,119.03994
2021-06-11,4247.439941,395.279938,6600.660156,124.027695,606.399963,29.69343,175.740005,118.847839
2021-06-14,4255.149902,396.164978,6616.350098,127.076004,610.484497,30.102055,174.710007,117.937561
2021-06-15,4246.589844,395.438446,6639.52002,126.257973,615.204224,30.124138,174.050003,117.795609
2021-06-16,4223.700195,393.230499,6652.649902,126.754631,619.288696,30.14991,171.110001,117.695351
2021-06-17,4221.859863,393.100006,6666.259766,128.351868,623.826965,29.98057,165.850006,119.457542
2021-06-18,4166.450195,387.796906,6569.160156,127.056549,618.199524,29.108095,164.929993,121.70401
2021-06-21,4224.790039,393.348572,6602.540039,128.848587,617.291809,29.421005,166.949997,119.666298
2021-06-22,4246.439941,395.451538,6611.5,130.484711,618.290405,29.6014,166.25,119.958595
2021-06-23,4241.839844,394.974945,6551.069824,130.212021,607.307739,29.479916,166.139999,119.649597
2021-06-24,4266.490234,397.311493,6631.149902,129.929581,611.029175,30.134933,166.039993,119.841637
2021-06-25,4280.700195,398.722809,6622.870117,129.637466,611.39209,29.895391,166.589996,118.597321
2021-06-28,4290.609863,399.526611,6558.02002,131.26384,605.946228,29.034496,166.580002,119.816582
2021-06-29,4291.799805,399.741638,6567.430176,132.773392,611.755188,28.899746,164.830002,120.017059
2021-06-30,4297.5,400.077942,6507.830078,133.387009,600.228088,28.562874,165.630005,120.551491
2021-07-01,4319.939941,402.293091,6553.819824,133.688889,602.587952,29.015781,166.199997,120.558205
2021-07-02,4352.339844,405.368073,6552.859863,136.308716,602.134155,28.907238,167.289993,121.285698
2021-07-06,4343.540039,404.6297,6507.47998,138.314972,595.236023,28.375723,168.119995,122.707329
2021-07-07,4358.129883,406.059631,6527.720215,140.798462,599.411255,28.050081,168.759995,123.794403
2021-07-08,4320.819824,402.751099,6396.72998,139.503159,580.169067,27.773102,168.649994,124.27935
2021-07-09,4369.549805,407.050446,6529.419922,141.324356,601.22644,28.03511,169.210007,122.531723
2021-07-12,4384.629883,408.508362,6559.25,140.730286,604.494141,28.050081,169.0,122.372818
2021-07-13,4369.209961,407.115845,6558.470215,141.840546,608.76001,27.840471,169.220001,121.436218
2021-07-14,4374.299805,407.723297,6558.379883,145.258957,609.576843,27.77684,171.039993,122.816002
2021-07-15,4360.029785,406.330658,6493.359863,144.60643,601.952637,27.432489,171.070007,124.1707
2021-07-16,4327.160156,403.143585,6460.080078,142.570953,593.874512,27.162987,169.410004,123.936546
2021-07-19,4258.490234,397.190063,6295.970215,138.733749,580.804321,26.118696,169.610001,126.654289
2021-07-20,4323.060059,402.881958,6346.850098,142.337234,585.524109,26.099979,169.389999,125.433411
2021-07-21,4358.689941,406.143768,6464.47998,141.606827,598.322021,26.796177,168.759995,123.844528
2021-07-22,4367.47998,406.994293,6481.589844,142.970261,599.411255,26.680147,169.089996,125.015244
2021-07-23,4411.790039,411.181519,6568.819824,144.684357,611.755188,26.676395,168.559998,124.179047
2021-07-26,4422.299805,412.190887,6578.600098,145.103149,611.210632,27.293999,168.160004,123.811058
2021-07-27,4401.459961,410.312286,6531.919922,142.941086,607.761475,27.28651,168.440002,125.132347
2021-07-28,4400.640137,410.144012,6609.310059,141.197739,624.643921,27.481148,169.289993,125.140747
2021-07-29,4419.149902,411.84491,6633.77002,141.840546,620.831726,28.076284,171.169998,124.446625
2021-07-30,4395.259766,409.84494,6612.759766,142.054749,611.664429,27.47366,169.820007,125.031967
2021-08-02,4387.160156,408.985046,6675.899902,141.723648,623.554565,27.466173,169.610001,126.147171
2021-08-03,4423.149902,412.312317,6723.810059,143.515656,631.632751,28.214769,169.490005,126.214134
2021-08-04,4402.660156,410.284302,6746.22998,143.116348,630.543518,28.139912,169.529999,126.47377
2021-08-05,4429.100098,412.882507,6781.189941,143.223495,632.99408,28.203548,168.860001,125.829033
2021-08-06,4436.52002,413.564789,6816.959961,142.54068,632.99408,28.398184,164.639999,123.727615
2021-08-09,4432.350098,413.228271,6813.180176,142.491943,632.99408,28.308352,161.720001,123.283821
2021-08-10,4436.75,413.74234,6820.209961,142.014069,636.806213,28.169861,161.770004,122.714523
2021-08-11,4442.410156,414.770386,6857.990234,142.267609,639.710815,28.566618,164.0,122.63913
2021-08-12,4460.830078,416.013428,6882.470215,145.223022,646.24585,28.690134,164.039993,122.438217
2021-08-13,4468.0,416.770569,6896.040039,145.427841,644.249084,28.611538,166.389999,124.372284
2021-08-16,4479.709961,417.751862,6838.77002,147.398102,630.725098,28.259689,167.220001,124.673637
2021-08-17,4448.080078,415.013397,6819.839844,146.490997,626.731384,28.315834,166.970001,124.623444
2021-08-18,4400.27002,410.471161,6770.109863,142.755371,594.419189,28.240978,167.100006,125.042046
2021-08-19,4405.799805,411.106659,6605.890137,143.086929,556.479431,27.177969,166.610001,125.96299
2021-08-20,4441.669922,414.377869,6626.109863,144.540207,562.742126,27.297739,166.699997,126.046722
2021-08-23,4479.529785,418.022949,6683.100098,146.022842,577.809143,27.758137,168.729996,125.96299
2021-08-24,4486.22998,418.686493,6664.310059,145.935013,566.64502,27.818018,168.649994,124.983414
2021-08-25,4496.189941,419.565125,6676.47998,144.706039,564.648315,27.949022,167.479996,123.945282
2021-08-26,4470.0,417.088348,6666.029785,143.906219,564.194336,27.930305,167.669998,124.288544
2021-08-27,4509.370117,420.817535,6681.919922,144.940125,565.555908,28.259689,170.190002,125.134171
2021-08-30,4528.790039,422.66806,6687.299805,149.348831,567.280457,28.226007,169.350006,125.460739
2021-08-31,4522.680176,422.04184,6680.180176,148.090591,568.914246,27.956509,169.690002,124.606636
2021-09-01,4524.089844,422.266174,6758.689941,148.75386,587.067139,27.773102,169.699997,124.81546
2021-09-02,4536.950195,423.565308,6763.080078,149.865784,587.248718,28.132433,169.25,125.360367
2021-09-03,4535.430176,423.462524,6689.990234,150.499756,576.266174,27.896627,171.059998,124.220192
2021-09-07,4520.029785,421.948395,6726.069824,152.830902,592.694641,28.158634,167.710007,123.172264
2021-09-08,4514.069824,421.434448,6668.890137,151.289841,588.791626,27.892874,167.289993,124.010666
2021-09-09,4493.279785,419.630524,6684.720215,150.275421,597.595825,27.657063,168.029999,125.511238
2021-09-10,4458.580078,416.321869,6663.77002,145.301041,602.224915,27.421259,167.179993,124.404633
2021-09-13,4468.72998,417.387329,6676.930176,145.866745,596.325195,28.259689,167.740005,125.159088
2021-09-14,4443.049805,415.134918,6652.970215,144.471985,587.067139,28.330807,168.820007,126.676476
2021-09-15,4480.700195,418.602448,6583.620117,145.359573,563.83136,28.963367,167.830002,126.232185
2021-09-16,4473.75,417.938843,6622.589844,145.125458,570.003357,28.985844,164.029999,125.65377
2021-09-17,4432.990234,413.867645,6570.189941,142.462692,572.726318,28.7388,163.770004,125.050117
2021-09-20,4357.72998,406.966675,6455.810059,139.419525,561.562256,28.330807,164.940002,126.601044
2021-09-21,4354.189941,406.582306,6552.72998,139.897476,577.264526,29.024126,166.039993,126.491966
2021-09-22,4395.640137,410.548492,6637.0,142.257889,583.890442,29.76697,165.419998,127.246483
2021-09-23,4448.97998,415.536713,6701.97998,143.213776,593.692993,30.193624,163.509995,124.371162
2021-09-24,4455.47998,416.221069,6638.459961,143.301483,583.527405,30.243139,163.300003,123.155548
2021-09-27,4443.109863,415.030365,6650.910156,141.789642,578.626038,31.283121,163.639999,122.702911
2021-09-28,4352.629883,406.666748,6506.5,138.414917,560.836121,31.690733,162.050003,120.791573
2021-09-29,4359.459961,407.351166,6560.799805,139.312241,567.734131,31.26408,161.320007,121.001099
2021-09-30,4307.540039,402.372406,6520.009766,138.015015,562.833008,31.492641,164.220001,120.984329
2021-10-01,4357.040039,407.154297,6517.689941,139.136658,571.818726,31.446932,164.589996,122.002541
2021-10-04,4300.459961,401.903595,6477.660156,135.71315,563.74054,32.067867,165.360001,121.691971
2021-10-05,4345.720215,406.085419,6576.279785,137.634567,574.087769,33.027851,164.589996,120.516869
2021-10-06,4363.549805,407.773102,6493.120117,138.502686,567.098816,32.574528,165.029999,121.196754
2021-10-07,4399.759766,411.298584,6600.189941,139.760925,578.989075,32.528824,164.160004,119.929268
2021-10-08,4391.339844,410.548492,6559.990234,139.380508,569.73114,33.027851,164.229996,119.089897
2021-10-11,4361.189941,407.576172,6570.540039,139.29274,573.361633,33.690693,163.919998,118.787727
2021-10-12,4350.649902,406.572968,6548.109863,138.024734,575.358582,33.29451,164.660004,120.818985
2021-10-13,4363.799805,408.035736,6597.379883,137.43956,593.511536,32.970703,167.589996,121.994102
2021-10-14,4438.259766,414.899078,6685.209961,140.219345,605.58313,33.370705,168.0,122.44735
2021-10-15,4471.370117,418.058838,6727.52002,141.272751,603.404785,33.869736,165.330002,121.73391
2021-10-18,4486.459961,419.296448,6673.100098,142.940674,589.97168,34.018311,164.919998,122.304703
2021-10-19,4519.629883,422.531311,6669.850098,145.096222,586.341064,34.155441,165.449997,120.617561
2021-10-20,4536.189941,424.190918,6705.609863,145.583908,595.508362,34.182114,166.899994,119.803368
2021-10-21,4549.779785,425.297302,6686.169922,145.798492,598.775818,33.690693,166.75,119.660606
2021-10-22,4544.899902,424.856689,6733.689941,145.027954,605.67395,33.374508,167.770004,120.978539
2021-10-25,4566.47998,427.13504,6712.870117,144.979141,598.866638,33.465931,168.929993,120.793861
2021-10-26,4574.790039,427.519501,6766.509766,145.642426,603.586304,33.328793,167.679993,121.792679
2021-10-27,4551.680176,425.625458,6753.52002,145.18399,602.950928,33.244984,168.119995,124.008621
2021-10-28,4596.419922,429.7323,6804.220215,148.812363,609.667664,32.985935,168.080002,123.588898
2021-10-29,4605.379883,430.604309,6830.339844,146.11058,614.659668,33.043083,166.649994,123.966675
2021-11-01,4613.669922,431.345032,6893.290039,145.29126,620.287109,33.164986,167.520004,123.074081
2021-11-02,4630.649902,433.088989,6927.029785,146.325195,621.5578,33.275459,167.160004,123.620384
2021-11-03,4660.569824,435.733124,6950.649902,147.758926,619.470276,32.692619,165.770004,122.342972
2021-11-04,4680.060059,437.786499,6987.790039,147.24202,628.546692,32.951668,167.649994,123.628738
2021-11-05,4697.529785,439.30545,7040.790039,147.769516,643.43219,33.073559,169.839996,125.477791
2021-11-08,4701.700195,439.680481,7047.47998,146.948975,642.070801,33.142136,170.449997,125.242409
2021-11-09,4685.25,438.227203,7043.27002,147.310379,641.979858,33.1688,171.289993,126.872917
2021-11-10,4646.709961,434.701691,7045.160156,144.487473,634.083252,33.458313,173.149994,124.553276
2021-11-11,4649.27002,434.842377,7059.549805,144.438629,640.255432,33.420223,174.119995,124.368385
2021-11-12,4682.850098,438.124054,7091.399902,146.50943,656.13916,32.894516,174.449997,123.822083
2021-11-15,4682.799805,438.273956,7128.629883,146.519211,654.233215,33.248795,174.179993,122.267265
2021-11-16,4700.899902,440.008636,7152.600098,147.495956,662.311218,33.416409,172.919998,121.956322
2021-11-17,4688.669922,438.939789,7156.850098,149.928238,659.043762,33.172604,174.5,122.922821
2021-11-18,4704.540039,440.430664,7141.97998,154.206573,661.221985,32.814526,173.940002,123.385086
2021-11-19,4697.959961,439.642975,7112.290039,156.824402,665.760376,31.9193,172.610001,124.687737
2021-11-22,4682.939941,438.405304,7105.0,157.283463,661.040588,32.300243,168.740005,123.225418
2021-11-23,4690.700195,438.986664,7044.620117,157.664429,651.78241,32.673584,167.279999,121.443657
2021-11-24,4701.459961,440.15863,7042.22998,158.182129,659.043762,32.848804,167.119995,123.393494
2021-11-26,4594.620117,430.341797,6739.72998,153.171143,628.092896,30.879326,166.850006,126.511505
2021-11-29,4655.27002,435.620575,6776.25,156.521591,632.812622,31.389793,166.619995,125.49456
2021-11-30,4567.0,427.144409,6721.160156,161.464188,625.884705,30.940279,165.5,127.402313
2021-12-01,4513.040039,422.400085,6881.870117,160.946487,635.820801,31.949776,166.160004,128.188278
2021-12-02,4577.100098,428.869659,6795.75,159.9599,625.884705,32.018353,165.240005,128.348175
2021-12-03,4538.430176,425.137939,6765.52002,158.084473,624.426208,32.254528,166.630005,129.879684
2021-12-06,4591.669922,430.173035,6865.779785,161.483704,629.075195,33.096416,166.220001,128.095779
2021-12-07,4686.75,439.071014,7065.390137,167.207703,660.889099,33.736404,166.809998,127.060707
2021-12-08,4701.209961,440.233704,7014.569824,171.017227,651.499756,33.698311,166.899994,124.864487
2021-12-09,4667.450195,437.261414,7008.22998,170.509277,651.773376,33.488804,165.880005,125.562927
2021-12-10,4712.02002,441.377625,6991.680176,175.285751,647.215454,33.591648,166.580002,125.260025
2021-12-13,4668.970215,437.467712,6942.910156,171.661911,646.303833,33.107849,167.0,127.111259
2021-12-14,4634.089844,434.457855,6895.310059,170.284592,639.558167,33.317371,165.440002,126.808281
2021-12-15,4709.850098,441.246368,6927.629883,175.139282,648.94751,32.978333,166.149994,125.588196
2021-12-16,4668.669922,437.355194,7005.069824,168.262619,650.223694,34.03735,168.160004,125.637009
2021-12-17,4620.640137,432.700439,6926.629883,167.16864,637.188171,33.264034,167.800003,127.060707
2021-12-20,4568.02002,428.099335,6870.100098,165.810883,636.094421,33.03928,167.089996,126.108749
2021-12-21,4649.22998,435.701996,6964.990234,168.975723,639.467041,33.827831,167.020004,125.628624
2021-12-22,4696.560059,440.058502,7051.669922,171.564194,652.137939,34.064011,168.589996,126.209885
2021-12-23,4725.790039,442.7966,7106.149902,172.189331,658.154236,34.376389,168.970001,125.114761
2021-12-27,4791.189941,449.063019,7140.390137,176.14537,662.074036,34.250679,169.369995,125.418053
2021-12-28,4786.350098,448.696075,7181.109863,175.129517,666.176208,34.479244,168.639999,124.920982
2021-12-29,4793.060059,449.270081,7161.52002,175.217438,663.532715,34.098301,168.589996,123.556305
2021-12-30,4778.72998,448.028046,7173.22998,174.064758,665.446838,34.208778,169.800003,124.592422
2021-12-31,4766.180176,446.899017,7153.029785,173.449432,662.712158,34.003059,170.960007,124.836769
2022-01-03,4796.560059,449.48645,7217.220215,177.786392,666.358459,34.791855,168.330002,121.559738
2022-01-04,4793.540039,449.335846,7317.410156,175.530029,678.208923,35.08572,169.570007,121.054268
2022-01-05,4700.580078,440.707642,7376.370117,170.860916,690.970947,35.507183,169.059998,120.39727
2022-01-06,4696.049805,440.29364,7249.660156,168.008682,662.803284,35.522648,166.990005,120.7089
2022-01-07,4677.029785,438.552917,7219.47998,168.174774,652.502625,35.928642,167.75,119.841278
2022-01-10,4670.290039,438.007324,7115.77002,168.19426,640.560974,36.14518,168.259995,120.136032
2022-01-11,4713.069824,441.996765,7183.379883,171.017227,647.215454,36.810234,170.289993,120.936378
2022-01-12,4726.350098,443.191681,7237.189941,171.456757,646.030457,37.939285,170.740005,120.473068
2022-01-13,4659.029785,437.085144,7201.140137,168.19426,628.98407,37.742092,170.160004,121.542953
2022-01-14,4662.850098,437.263916,7143.0,169.053879,615.67511,38.306618,169.669998,119.706451
2022-01-18,4577.109863,429.520203,7133.830078,165.859711,613.487305,38.991001,169.389999,118.021629
2022-01-19,4532.759766,425.060181,7172.97998,162.372543,636.003174,39.640598,172.080002,118.838783
2022-01-20,4482.72998,420.355652,7194.160156,160.692505,641.654907,39.192078,171.649994,119.571716
2022-01-21,4397.939941,412.10379,7068.589844,158.64119,635.547363,38.372341,171.089996,120.995377
2022-01-24,4410.129883,413.853882,6787.790039,157.869553,604.189392,37.053837,172.029999,120.001312
2022-01-25,4356.450195,408.801117,6837.959961,156.07225,608.017944,37.974087,172.580002,119.807556
2022-01-26,4349.930176,407.775513,6981.959961,155.984314,623.149902,39.493671,169.789993,118.358582
2022-01-27,4326.509766,405.761963,7023.799805,155.525238,632.630371,40.011795,167.600006,120.532036
2022-01-28,4431.850098,415.839142,6965.879883,166.377441,653.049438,39.625134,167.100006,120.574135
2022-01-31,4515.549805,423.328827,6999.200195,170.724152,658.701233,38.836349,168.089996,119.950775
2022-02-01,4546.540039,426.189301,7099.490234,170.558121,667.452271,39.671532,168.229996,119.552582
2022-02-02,4589.379883,430.329315,7115.27002,171.759567,664.808777,38.859543,168.839996,119.957466
2022-02-03,4477.439941,420.214447,7005.629883,168.887772,648.765137,38.441952,168.600006,119.021133
2022-02-04,4500.529785,422.190369,6951.379883,168.604172,643.660339,39.41634,168.860001,117.266487
2022-02-07,4483.870117,420.83551,7009.25,167.890198,652.776001,39.617393,170.110001,117.342384
2022-02-08,4521.540039,424.298096,7028.410156,170.990601,643.660339,39.663799,170.630005,116.557861
2022-02-09,4587.180176,430.508179,7130.879883,172.408722,653.23175,40.522198,171.210007,116.777214
2022-02-10,4504.080078,422.773743,7101.549805,168.340088,643.751526,40.15873,170.559998,114.921326
2022-02-11,4418.640137,414.437195,7011.600098,164.936508,624.426208,40.406197,173.809998,116.625366
2022-02-14,4401.669922,413.082275,6852.200195,165.171249,610.752625,39.54007,174.740005,115.1744
2022-02-15,4471.069824,419.744019,6979.970215,168.995377,632.630371,39.439533,173.080002,113.866867
2022-02-16,4475.009766,420.214447,6964.97998,168.760651,626.796265,39.764328,174.860001,114.541748
2022-02-17,4380.259766,411.238037,6946.819824,165.171249,623.605713,39.168877,177.25,115.3937
2022-02-18,4348.870117,408.575317,6929.629883,163.625961,625.611267,39.176609,177.119995,116.608475
2022-02-22,4304.759766,404.190613,6787.600098,160.711411,610.023438,38.577274,177.490005,116.91214
2022-02-23,4225.5,397.020844,6780.669922,156.554733,606.92395,38.306618,178.289993,115.300888
2022-02-24,4288.700195,402.995667,6521.049805,159.166122,579.668091,36.825699,177.139999,115.376846
2022-02-25,4384.649902,411.88736,6752.430176,161.229752,607.653259,37.328362,176.550003,115.461197
2022-02-28,4373.939941,410.833588,6658.830078,161.493805,601.545776,35.255848,178.380005,117.991959
2022-03-01,4306.259766,404.576385,6396.490234,159.615997,570.461182,34.296925,181.619995,119.356155
2022-03-02,4386.540039,412.019043,6498.02002,162.902191,581.582397,37.100235,179.729996,115.276245
2022-03-03,4363.490234,409.967896,6378.370117,162.579407,562.804077,35.708244,180.800003,116.450378
2022-03-04,4328.870117,406.636963,6061.660156,159.58667,526.70575,34.41293,183.679993,118.460777
2022-03-07,4201.089844,394.649628,5982.27002,155.801651,517.590027,34.714527,186.410004,117.556969
2022-03-08,4170.700195,391.657532,5962.959961,153.982498,501.4552,35.367989,191.509995,116.374367
2022-03-09,4277.879883,402.158142,6387.830078,159.371475,549.312683,35.74691,185.820007,115.234009
2022-03-10,4259.52002,400.342255,6207.200195,155.038803,535.91272,35.340916,186.399994,113.578407
2022-03-11,4204.310059,395.251892,6260.25,151.331985,542.29364,35.255848,185.089996,113.958534
2022-03-14,4173.109863,392.363281,6369.939941,147.312241,545.757629,35.379585,182.300003,111.297707
2022-03-15,4262.450195,400.991425,6355.0,151.684067,537.826965,35.383453,178.889999,111.103409
2022-03-16,4357.859863,409.883148,6588.640137,156.085266,573.287048,35.217182,180.009995,112.193085
2022-03-17,4411.669922,415.01123,6612.52002,157.092651,574.107422,35.580647,180.889999,111.356834
2022-03-18,4463.120117,419.556732,6620.240234,160.378845,582.858643,35.190117,179.300003,112.716812
2022-03-21,4461.180176,419.434082,6582.330078,161.748138,577.206848,35.398914,180.669998,110.106682
2022-03-22,4511.609863,424.34198,6659.410156,165.112579,586.960632,36.077633,179.360001,108.69606
2022-03-23,4456.240234,418.877106,6581.430176,166.472076,569.09375,36.356174,181.809998,111.078117
2022-03-24,4520.160156,425.191467,6555.77002,170.247284,569.458557,36.630802,183.130005,110.208054
2022-03-25,4543.060059,427.267944,6553.680176,170.882996,570.643433,37.348732,182.380005,108.679169
2022-03-28,4575.52002,430.307098,6589.109863,171.743683,579.48584,36.634724,179.059998,109.608337
2022-03-29,4631.600098,435.630341,6792.160156,175.029938,612.393433,35.944233,179.139999,110.436127
2022-03-30,4602.450195,432.940369,6741.589844,173.866028,602.092773,36.850494,180.580002,111.297707
2022-03-31,4530.410156,426.276886,6659.870117,170.775436,591.974243,36.116859,180.649994,111.568008
2022-04-01,4545.859863,427.485016,6684.310059,170.481995,592.156616,36.685722,179.5,111.992714
2022-04-04,4582.640137,431.147064,6731.370117,174.521286,605.192017,36.599415,180.369995,111.214432
2022-04-05,4525.120117,425.701141,6645.509766,171.21553,602.457336,36.328709,179.240005,108.701805
2022-04-06,4481.149902,421.444427,6498.830078,168.056442,579.941528,35.818703,179.660004,107.821968
2022-04-07,4500.209961,423.568054,6461.680176,168.359665,568.820435,35.238064,180.339996,107.009811
2022-04-08,4488.279785,422.435425,6548.220215,166.35466,575.839417,35.826546,181.470001,105.850784
2022-04-11,4412.529785,415.214996,6555.810059,162.109955,565.082886,36.583717,182.369995,104.175751
2022-04-12,4397.450195,413.676636,6537.410156,163.978043,575.110168,36.4268,183.770004,104.031929
2022-04-13,4446.589844,418.414642,6542.140137,166.657867,578.027222,36.866188,184.649994,104.243408
2022-04-14,4392.589844,413.20462,6589.350098,161.66008,583.405457,36.634724,184.039993,102.153786
2022-04-19,4462.209961,420.047516,6534.790039,163.72374,578.027222,37.148655,181.820007,100.884796
2022-04-20,4459.450195,419.735992,6624.910156,163.55748,585.502197,36.905426,182.710007,102.915169
2022-04-21,4393.660156,413.459473,6715.100098,162.765274,595.620605,36.995655,182.059998,102.153786
2022-04-22,4271.779785,402.114624,6581.419922,158.236938,583.040833,35.991322,180.289993,101.510841
2022-04-25,4296.120117,404.445862,6449.379883,159.303024,561.163208,34.547581,177.050003,102.526077
2022-04-26,4175.200195,392.732758,6414.569824,153.356537,559.964417,35.116447,177.320007,103.558121
2022-04-27,4183.959961,393.837006,6445.259766,153.131561,568.539551,35.410686,175.979996,102.229927
2022-04-28,4287.5,403.785095,6508.140137,160.04631,569.092834,36.705338,176.929993,102.382233
2022-04-29,4131.930176,388.862976,6533.77002,154.187866,571.213501,37.054497,176.910004,101.054001
2022-05-02,4155.379883,391.203735,6425.609863,154.491058,559.319031,36.862259,173.630005,99.302345
2022-05-03,4175.47998,392.997009,6476.180176,155.977661,553.694519,38.290306,174.089996,99.971825
2022-05-04,4300.169922,404.964874,6395.680176,162.374054,547.055664,38.309921,175.800003,100.522682
2022-05-05,4146.870117,390.57132,6368.399902,153.327209,529.260071,38.851315,175.130005,97.768547
2022-05-06,4123.339844,388.240021,6258.359863,154.051987,518.10321,39.702652,175.419998,96.327835
2022-05-09,3991.23999,375.809662,6086.02002,148.939133,500.307465,37.76852,172.880005,97.175301
2022-05-10,4001.050049,376.677917,6116.910156,151.338852,506.669708,37.776363,171.419998,98.056625
2022-05-11,3935.179932,370.694031,6269.72998,143.493256,528.338074,39.506489,172.820007,99.946396
2022-05-12,3930.080078,370.307007,6206.259766,139.634155,521.330444,38.737553,170.169998,99.759972
2022-05-13,4023.889893,379.160278,6362.680176,144.090729,535.991089,40.079277,168.789993,98.285416
2022-05-16,4008.01001,377.621796,6347.77002,142.552933,530.182068,40.573593,170.399994,98.183731
2022-05-17,4088.850098,385.389648,6430.189941,146.177017,544.105103,41.060078,169.330002,96.997314
2022-05-18,3923.679932,369.854004,6352.939941,137.929825,533.409241,40.942383,169.419998,99.065102
2022-05-19,3900.790039,367.588715,6272.709961,134.531067,524.188721,40.432369,171.910004,99.302345
2022-05-20,3901.360107,367.749146,6285.240234,134.766083,513.216248,40.573593,172.029999,100.429436
2022-05-23,3973.75,374.629852,6358.740234,140.172821,517.181152,41.813332,172.830002,98.776947
2022-05-24,3941.47998,371.77002,6253.140137,137.479248,508.790436,41.15424,174.130005,100.726021
2022-05-25,3978.72998,375.054504,6298.640137,137.635971,508.052765,42.331192,173.080002,101.124336
2022-05-26,4057.840088,382.548645,6410.580078,140.829102,526.678284,43.24921,172.759995,100.666725
2022-05-27,4158.240234,391.939941,6515.75,146.568771,547.147949,43.060905,172.850006,100.91246
2022-05-31,4132.149902,389.740784,6468.799805,145.785233,550.651733,43.617996,171.139999,98.776947
2022-06-01,4101.22998,386.588318,6418.890137,145.657913,551.205017,42.464573,172.229996,98.664032
2022-06-02,4176.819824,393.950348,6500.439941,148.106567,560.702209,42.503811,174.350006,98.714943
2022-06-03,4108.540039,387.484955,6485.299805,142.39624,561.624207,42.747047,172.580002,98.502762
2022-06-06,4121.430176,388.664795,6548.779785,143.14064,565.957886,43.539524,171.820007,96.685982
2022-06-07,4160.680176,392.392883,6500.350098,145.657913,560.978699,43.712151,172.940002,97.730186
2022-06-08,4115.77002,388.12677,6448.629883,144.923264,554.801025,44.34771,172.779999,96.864273
2022-06-09,4017.820068,378.895996,6358.459961,139.712463,541.799988,43.712151,172.229996,97.186882
2022-06-10,3900.860107,367.909698,6187.22998,134.315567,528.24585,42.762737,174.539993,96.584145
2022-06-13,3749.629883,353.940765,6022.319824,129.173294,507.130707,41.860401,169.929993,93.553391
2022-06-14,3735.47998,352.874268,5949.839844,130.035263,501.598328,42.433189,168.570007,92.373375
2022-06-15,3789.98999,357.904938,6030.129883,132.650452,508.790436,42.001637,170.770004,94.096733
2022-06-16,3666.77002,346.059723,5886.240234,127.390671,497.356873,40.777607,172.690002,94.843803
2022-06-17,3674.840088,346.805817,5882.649902,128.859863,502.243866,38.714005,171.270004,95.149429
2022-06-21,3764.790039,355.536102,5964.660156,133.081406,510.35788,40.15155,170.630005,93.53643
2022-06-22,3759.889893,354.891479,5916.629883,132.572113,508.698212,38.994709,171.309998,96.108711
2022-06-23,3795.72998,358.370361,5883.330078,135.43219,521.883545,38.239388,170.259995,96.898247
2022-06-24,3911.73999,369.764343,6073.350098,138.752594,541.615601,39.4002,170.089996,95.5569
2022-06-27,3900.110107,368.351929,6047.310059,138.752594,534.976807,39.754013,169.899994,94.741928
2022-06-28,3821.550049,360.8255,6086.02002,134.619232,543.182983,40.270817,169.619995,95.183372
2022-06-29,3818.830078,360.531586,6031.47998,136.372482,543.09082,40.517288,169.490005,96.669014
2022-06-30,3785.379883,357.602539,5922.859863,133.913956,536.359863,40.048191,168.460007,97.51799
2022-07-01,3825.330078,361.384735,5931.060059,136.078598,534.792358,39.873264,168.320007,98.519142
2022-07-05,3831.389893,362.067261,5794.959961,138.654617,527.415894,39.010612,164.75,99.293213
2022-07-06,3845.080078,363.290039,5912.379883,139.986725,551.020508,37.877621,162.139999,97.625984
2022-07-07,3902.620117,368.73114,6006.700195,143.346329,560.241089,39.257084,162.229996,96.766884
2022-07-08,3899.379883,368.427734,6033.129883,144.022125,559.595642,39.173603,162.300003,95.695084
2022-07-11,3854.429932,364.219055,5996.299805,141.896713,557.198242,38.895321,161.429993,97.345291
2022-07-12,3818.800049,360.996063,6044.200195,142.866364,563.099487,38.374546,160.830002,97.923706
2022-07-13,3801.780029,359.10022,6000.240234,142.503967,558.950317,38.438156,161.600006,99.046524
2022-07-14,3790.379883,358.22818,5915.410156,145.422852,559.134644,36.645248,159.330002,98.238449
2022-07-15,3863.159912,365.072144,6036.0,147.087921,560.978699,37.794144,159.009995,98.791359
2022-07-18,3830.850098,362.05777,6091.910156,144.051575,566.418823,38.676678,159.160004,97.762115
2022-07-19,3936.689941,371.84024,6201.220215,147.900848,579.14325,39.038437,159.539993,97.234703
2022-07-20,3959.899902,374.210022,6184.660156,149.899048,576.93042,39.11795,158.039993,97.489868
2022-07-21,3998.949951,378.020721,6201.109863,152.161621,583.937927,38.072418,160.270004,99.174133
2022-07-22,3961.629883,374.513428,6216.819824,150.927475,585.228821,38.593193,160.669998,100.841354
2022-07-25,3966.840088,374.968384,6237.549805,149.810883,587.718323,39.038437,160.229996,99.854607
2022-07-26,3921.050049,370.532196,6211.450195,148.488602,576.469299,39.11795,160.039993,99.931175
2022-07-27,4023.610107,380.153473,6257.939941,153.572067,586.42749,39.551266,161.669998,99.369789
2022-07-28,4072.429932,384.921661,6339.209961,154.120575,611.230835,38.235413,163.639999,100.160858
2022-07-29,4130.290039,390.533264,6448.5,159.174637,622.387634,39.563198,164.100006,99.888649
2022-08-01,4118.629883,389.37677,6436.859863,158.19519,634.651001,38.919174,165.029999,102.294327
2022-08-02,4091.189941,386.807983,6409.799805,156.725967,626.075928,38.354668,164.050003,100.129799
2022-08-03,4155.169922,392.865112,6472.060059,162.720367,632.161438,38.676678,164.449997,101.706322
2022-08-04,4151.939941,392.599731,6513.390137,162.406937,638.98468,38.672707,167.169998,101.672211
2022-08-05,4145.189941,391.936218,6472.350098,162.181351,629.026489,38.871475,165.289993,99.252068
2022-08-08,4140.060059,391.481171,6524.439941,161.710571,635.388611,39.610889,166.690002,100.854156
2022-08-09,4122.470215,389.926666,6490.0,161.759598,626.536926,40.429825,167.199997,100.462158
2022-08-10,4210.240234,398.116608,6523.439941,165.996811,636.218445,40.183357,166.779999,99.805992
2022-08-11,4207.27002,398.116608,6544.669922,165.261154,639.537842,41.344177,166.339996,97.479553
2022-08-12,4280.149902,404.856354,6553.859863,168.802017,640.367798,41.288525,167.869995,98.468086
2022-08-15,4297.140137,406.524628,6569.950195,169.871109,644.977966,40.318516,165.710007,98.382881
2022-08-16,4305.200195,407.320923,6592.580078,169.714157,644.424805,40.946629,165.419998,98.791924
2022-08-17,4274.040039,404.429749,6528.319824,171.205017,645.807983,40.978436,164.350006,97.76078
2022-08-18,4283.740234,405.605194,6557.399902,170.812698,651.801208,41.980236,163.919998,97.905663
2022-08-19,4228.47998,400.154602,6495.830078,168.233124,643.871521,41.892788,162.720001,96.32914
2022-08-22,4137.990234,391.822418,6378.740234,164.35881,629.395264,42.171055,161.639999,96.005295
2022-08-23,4128.72998,390.874481,6362.02002,164.025299,626.813538,43.538593,162.770004,95.47699
2022-08-24,4140.77002,392.125793,6386.759766,164.319565,633.267944,42.648098,163.25,94.778229
2022-08-25,4199.120117,397.661682,6381.560059,166.771683,634.097778,42.966137,163.75,96.09903
2022-08-26,4057.659912,384.201172,6274.259766,160.484482,616.855347,42.902531,161.759995,96.823418
2022-08-29,4030.610107,381.660767,6222.279785,158.287445,611.230835,43.252365,161.860001,96.022339
2022-08-30,3986.159912,377.470917,6210.220215,155.864777,610.216492,41.686058,160.509995,96.261002
2022-08-31,3955.0,374.598755,6125.100098,154.207153,597.031128,40.302631,159.270004,95.340614
2022-09-01,3966.850098,375.7742,6034.310059,154.932999,583.476868,39.920975,157.869995,93.595108
2022-09-02,3924.26001,371.811829,6167.509766,152.824158,594.357178,40.994339,159.259995,94.12458
2022-09-06,3908.189941,370.408966,6104.609863,151.568665,588.36377,41.113598,158.330002,91.793236
2022-09-07,3979.870117,377.063385,6105.919922,152.971313,591.406616,39.591026,159.940002,93.244987
2022-09-08,4006.179932,379.527924,6125.899902,151.500061,593.342834,39.11795,158.979996,92.288521
2022-09-09,4067.360107,385.424072,6212.330078,154.354248,601.45697,39.622826,159.820007,92.4935
2022-09-12,4110.410156,389.566376,6333.589844,160.298126,607.542542,40.231056,160.630005,91.733437
2022-09-13,3932.689941,372.627014,6245.689941,150.891922,600.166077,39.769917,158.539993,91.946938
2022-09-14,3946.01001,374.048889,6222.410156,152.333725,603.208862,40.755817,157.929993,92.262909
2022-09-15,3901.350098,369.802277,6157.839844,149.450073,591.406616,39.777859,154.979996,92.20314
2022-09-16,3873.330078,366.98111,6077.299805,147.812073,589.654663,39.575119,155.839996,91.434586
2022-09-19,3899.889893,369.826996,6061.589844,151.519638,591.037781,39.197449,155.960007,91.648048
2022-09-20,3855.929932,365.581879,5979.470215,153.89325,584.583435,38.855568,155.070007,90.734299
2022-09-21,3789.929932,359.204803,6031.330078,150.774185,593.43512,39.456394,155.789993,92.254349
2022-09-22,3757.98999,356.187531,5918.5,149.813004,576.192688,39.448322,155.699997,89.897438
2022-09-23,3693.22998,350.219635,5783.410156,147.547211,556.184021,37.508774,153.009995,90.264618
2022-09-26,3655.040039,346.755066,5769.390137,147.880768,559.503418,37.924099,151.229996,88.539627
2022-09-27,3647.290039,345.869904,5753.819824,148.851746,557.106079,38.585415,151.539993,86.20826
2022-09-28,3719.040039,352.675354,5765.009766,146.968597,565.404602,38.032978,154.690002,89.094704
2022-09-29,3640.469971,345.308289,5676.870117,139.749619,560.609985,38.149914,154.660004,88.633537
2022-09-30,3585.620117,339.968597,5762.339844,135.55162,562.822998,38.932186,154.669998,87.489243
2022-10-03,3678.429932,348.944275,5794.149902,139.720184,560.609985,40.129787,158.429993,88.879372
2022-10-04,3790.929932,359.756836,6039.689941,143.300262,596.385681,41.37981,160.699997,88.631142
2022-10-05,3783.280029,358.91922,5985.459961,143.594467,587.62616,41.831429,159.809998,87.783676
2022-10-06,3744.52002,355.216736,5936.419922,142.643066,585.597595,41.347549,159.630005,87.295761
2022-10-07,3639.659912,345.308289,5866.939941,137.405396,570.014954,42.420155,157.880005,86.448318
2022-10-10,3612.389893,342.671783,5840.549805,137.729095,562.915039,41.533039,155.479996,85.104378
2022-10-11,3588.840088,340.501617,5833.200195,136.316681,562.915039,40.678188,155.160004,85.481026
2022-10-12,3577.030029,339.37854,5818.470215,135.688965,573.426514,40.125759,155.990005,85.900444
2022-10-13,3669.909912,348.335052,5879.189941,140.249817,569.369507,41.371742,154.910004,85.07872
2022-10-14,3583.070068,340.396942,5931.919922,135.72818,576.469299,42.097576,152.979996,84.37677
2022-10-17,3677.949951,349.144135,6040.660156,139.680969,587.994995,42.73468,153.419998,83.965874
2022-10-18,3719.97998,353.24646,6067.0,140.995255,586.519653,42.033051,153.75,84.162788
2022-10-19,3695.159912,350.743164,6040.720215,141.10318,576.284973,42.428215,151.690002,82.630501
2022-10-20,3665.780029,347.802094,6086.899902,140.642151,584.583435,42.710476,151.449997,81.218117
2022-10-21,3752.75,356.25415,6035.390137,144.44783,582.278259,42.718544,154.149994,79.754318
2022-10-24,3797.340088,360.613434,6131.359863,146.586044,586.335327,43.145977,153.649994,79.095215
2022-10-25,3859.110107,366.371887,6250.549805,149.42067,606.712708,42.944359,154.0,81.397858
2022-10-26,3830.600098,363.611664,6276.310059,146.487991,611.322998,42.678215,154.979996,82.570602
2022-10-27,3807.300049,361.670013,6244.029785,142.025146,604.315369,43.936314,154.740005,83.435188
2022-10-28,3901.060059,370.274384,6273.049805,152.755539,598.690857,44.025024,153.160004,82.861618
2022-10-31,3871.97998,367.599762,6266.77002,150.401505,589.193604,44.436321,151.910004,82.271027
2022-11-01,3856.100098,365.99118,6328.25,147.763062,600.074036,45.565384,153.460007,83.039848
2022-11-02,3759.689941,356.806274,6276.879883,142.250748,587.072998,45.347626,152.389999,82.679451
2022-11-03,3719.889893,353.132202,6243.279785,136.218628,580.895142,45.87183,151.809998,82.233253
2022-11-04,3770.550049,358.214935,6416.439941,135.953354,614.273621,46.581524,156.470001,80.851654
2022-11-07,3806.800049,361.641449,6416.609863,136.483856,604.868591,46.90411,155.850006,80.045044
2022-11-08,3828.110107,363.592621,6441.5,137.053696,606.251648,46.08152,159.449997,80.920319
2022-11-09,3748.570068,356.101929,6430.569824,132.504898,606.712708,45.734741,158.649994,81.186325
2022-11-10,3956.370117,375.671112,6556.830078,144.294449,633.267944,45.581509,163.479996,84.309875
2022-11-11,3992.929932,379.307129,6594.620117,147.074829,651.155823,45.992802,164.559998,84.000961
2022-11-14,3957.25,376.080444,6609.169922,145.679703,646.084534,45.904087,164.919998,83.794998
2022-11-15,3991.72998,379.288055,6641.660156,147.408859,649.311707,46.597652,165.5,85.15081
2022-11-16,3958.790039,376.394531,6607.220215,146.180771,644.148132,46.968624,165.119995,87.012939
2022-11-17,3946.560059,375.242828,6576.120117,148.07695,642.488525,46.315392,163.919998,86.09478
2022-11-18,3965.340088,376.946564,6644.459961,148.636932,643.779358,46.291199,162.789993,85.502655
2022-11-21,3949.939941,375.575958,6634.450195,145.414474,644.793579,44.863754,161.880005,85.863083
2022-11-22,4003.580078,380.630096,6657.529785,147.546402,643.502747,46.831524,162.070007,87.081581
2022-11-23,4027.26001,383.028656,6679.089844,148.420807,647.19104,46.460545,163.080002,88.600464
2022-11-25,4026.120117,382.943024,6712.47998,145.512695,645.623474,47.12991,163.220001,88.300125
2022-11-28,3963.939941,376.832397,6665.200195,141.690933,644.240417,46.565403,161.929993,88.548973
2022-11-29,3957.629883,376.18515,6668.970215,138.694412,647.283264,47.533157,162.729996,87.510643
2022-11-30,4080.110107,388.035217,6738.549805,145.434082,679.831726,48.638008,164.809998,88.154228
2022-12-01,4076.570068,387.749664,6753.970215,145.709183,669.341431,47.799286,167.839996,90.970406
2022-12-02,4071.699951,387.302277,6742.25,145.217972,664.049805,47.492828,167.259995,92.114395
2022-12-05,3998.840088,380.335083,6696.959961,144.058685,663.307129,47.387985,164.389999,90.82415
2022-12-06,3941.26001,374.8526,6687.790039,140.403885,663.028625,47.355171,164.839996,91.99398
2022-12-07,3933.919922,374.214935,6660.589844,138.46843,661.728821,46.387066,166.330002,94.161598
2022-12-08,3963.51001,377.146393,6647.310059,140.148438,667.48468,46.608582,166.470001,93.903526
2022-12-09,3934.379883,374.329102,6677.640137,139.667068,668.691528,46.181957,167.059998,91.460709
2022-12-12,3990.560059,379.725861,6650.549805,141.956192,664.885315,46.452702,165.679993,91.753151
2022-12-13,4019.649902,382.600372,6744.97998,142.919006,674.632996,47.494644,168.509995,92.639122
2022-12-14,3995.320068,380.154144,6730.790039,140.698654,675.282959,47.158264,168.100006,93.034813
2022-12-15,3895.75,370.85498,6522.77002,134.106293,651.331299,46.296818,165.350006,93.397774
2022-12-16,3852.360107,366.476593,6452.629883,132.151184,644.09021,45.665081,166.789993,92.354485
2022-12-19,3817.659912,363.368958,6473.290039,130.048737,638.055908,46.477314,166.320007,90.802452
2022-12-20,3821.620117,363.866211,6450.430176,129.979935,633.971252,47.010593,169.080002,89.190048
2022-12-21,3878.439941,369.306976,6580.240234,133.074692,641.955017,48.397114,168.800003,89.414253
2022-12-22,3822.389893,364.038361,6517.970215,129.911163,634.992371,48.405327,166.759995,89.396988
2022-12-23,3844.820068,366.132416,6504.899902,129.547699,625.523132,48.57761,167.259995,88.086365
2022-12-27,3829.25,364.688568,6550.660156,127.749756,640.748169,48.922195,168.669998,86.344696
2022-12-28,3783.219971,360.156219,6510.490234,123.829727,637.406128,48.708878,167.910004,85.835938
2022-12-29,3849.280029,366.639099,6573.470215,127.337128,646.596741,48.717083,168.850006,86.810257
2022-12-30,3839.5,365.673462,6473.759766,127.65152,631.186096,48.118172,169.639999,85.844566
2023-01-03,3824.139893,364.133942,6623.890137,122.876755,652.445312,48.964973,171.059998,87.482819
2023-01-04,3852.969971,366.94516,6776.430176,124.144119,685.123413,47.819302,172.669998,88.681343
2023-01-05,3808.100098,362.757111,6761.5,122.827614,676.211243,48.10157,170.520004,89.052109
2023-01-06,3895.080078,371.075806,6860.950195,127.346947,695.149536,48.715908,173.710007,90.690353
2023-01-09,3892.090088,370.865417,6907.359863,127.867661,705.175659,48.417042,174.100006,91.173187
2023-01-10,3919.25,373.466339,6869.140137,128.437469,702.112183,48.49176,174.740005,89.664291
2023-01-11,3969.610107,378.18988,6924.189941,131.149094,716.965698,48.807243,174.619995,91.121468
2023-01-12,3983.169922,379.566803,6975.680176,131.070511,718.265442,49.355164,176.639999,92.914925
2023-01-13,3999.090088,381.039307,7023.5,132.39682,729.034424,49.587608,178.759995,92.04406
2023-01-17,3990.969971,380.341217,7077.160156,133.556152,740.267517,49.479691,177.589996,91.449112
2023-01-18,3928.860107,374.336395,7083.390137,132.838928,744.445068,49.479691,177.080002,93.665108
2023-01-19,3898.850098,371.611298,6951.870117,132.897858,720.957642,48.433651,179.889999,93.078773
2023-01-20,3972.610107,378.534088,6995.990234,135.452286,726.713501,48.857044,179.289993,91.569817
2023-01-23,4019.810059,383.075989,7032.02002,138.635468,731.633728,49.147614,179.630005,91.138725
2023-01-24,4016.949951,382.664764,7050.47998,140.030563,737.853699,48.724213,180.279999,92.44931
2023-01-25,4016.219971,382.808258,7043.879883,139.372314,735.532898,48.475159,181.110001,92.673492
2023-01-26,4060.429932,387.015442,7095.990234,141.435471,744.166504,48.574772,179.470001,92.242409
2023-01-27,4070.560059,387.904694,7097.209961,143.370926,743.609436,48.6661,179.220001,92.00959
2023-01-30,4017.77002,383.03772,7082.009766,140.49231,741.5672,48.07666,178.759995,91.673294
2023-01-31,4076.600098,388.669647,7082.419922,141.759659,742.681213,47.304577,179.410004,92.406227
2023-02-01,4119.209961,392.800415,7077.109863,142.879715,738.50354,46.466087,181.669998,93.517021
2023-02-02,4179.759766,398.518372,7166.27002,148.175171,751.12915,45.81023,177.899994,93.638092
2023-02-03,4136.47998,394.282379,7233.939941,151.790634,769.974731,46.781563,173.460007,92.23764
2023-02-06,4111.080078,391.872833,7137.100098,149.069229,755.863708,46.208717,173.820007,91.554741
2023-02-07,4164.0,396.997986,7132.350098,151.938019,749.550964,47.769493,173.979996,90.819923
2023-02-08,4117.859863,392.656921,7119.830078,149.25589,742.773926,46.856274,174.410004,91.252151
2023-02-09,4081.5,389.252869,7188.359863,148.224335,751.221985,48.026852,173.029999,90.387718
2023-02-10,4090.459961,390.161346,7129.72998,148.588348,740.453125,49.272144,173.360001,89.376297
2023-02-13,4137.290039,394.741394,7208.589844,151.382828,752.243164,49.429886,172.479996,90.128387
2023-02-14,4136.129883,394.559784,7213.810059,150.743271,752.428833,49.795166,172.610001,89.920906
2023-02-15,4147.600098,395.840973,7300.859863,152.839111,763.661926,49.811764,170.889999,89.082367
2023-02-16,4090.409912,390.390778,7366.160156,151.245071,764.311768,49.761959,170.75,87.820259
2023-02-17,4079.090088,389.415558,7347.720215,150.103668,759.762878,48.699306,171.259995,88.503181
2023-02-21,3997.340088,381.603424,7308.649902,146.098938,750.94342,48.682701,170.619995,86.782921
2023-02-22,3991.050049,381.077515,7299.259766,146.522049,751.500488,48.483456,169.660004,87.578194
2023-02-23,4012.320068,383.104706,7317.430176,147.004196,751.036255,49.072895,169.570007,88.434036
2023-02-24,3970.040039,379.012146,7187.27002,144.357346,721.607605,48.309116,168.350006,87.284309
2023-02-27,3982.23999,380.30307,7295.549805,145.547897,737.853699,49.164223,169.009995,87.526367
2023-02-28,3970.149902,378.897491,7267.930176,145.046127,732.469299,48.624588,169.779999,87.923973
2023-03-01,3951.389893,377.444,7234.25,142.979752,735.440002,48.134773,170.759995,86.979424
2023-03-02,3981.350098,380.379517,7284.220215,143.570175,746.673035,49.081188,170.660004,86.208153
2023-03-03,4045.639893,386.47998,7348.120117,148.608047,756.699219,48.989872,172.490005,88.296616
2023-03-06,4048.419922,386.747711,7373.209961,151.363174,765.889893,49.230637,171.619995,87.612015
2023-03-07,3986.370117,380.819305,7339.27002,149.16893,757.627625,48.981575,168.619995,88.149315
2023-03-08,3992.01001,381.440887,7324.759766,150.418518,752.335999,48.898556,168.539993,88.235962
2023-03-09,3918.320068,374.403381,7315.879883,148.175095,747.508606,48.54987,170.199997,88.452629
2023-03-10,3861.590088,369.000885,7220.669922,146.118652,745.094849,48.184582,173.869995,91.502998
2023-03-13,3855.76001,368.475006,7011.5,148.057022,725.692322,45.777023,177.860001,91.710968
2023-03-14,3919.290039,374.565948,7141.569824,150.143036,743.145264,46.864578,176.830002,90.203125
2023-03-15,3891.929932,372.223236,6885.709961,150.536636,719.193848,44.224545,178.210007,91.944969
2023-03-16,3960.280029,378.754028,7025.720215,153.350784,744.259338,44.257763,178.570007,91.225685
2023-03-17,3916.639893,374.325378,6925.399902,152.514389,730.891052,44.116623,183.770004,92.594902
2023-03-20,3951.570068,377.924683,7013.140137,154.8759,746.858765,44.714367,183.839996,91.780296
2023-03-21,4002.870117,382.887054,7112.910156,156.725754,748.901062,45.835133,180.369995,90.991714
2023-03-22,3936.969971,376.360168,7131.120117,155.298996,756.513611,45.759468,183.440002,92.204948
2023-03-23,3948.719971,377.377686,7139.25,156.381348,761.990906,44.918762,185.740005,92.204948
2023-03-24,3970.98999,379.853973,7015.100098,157.680176,755.121094,43.556828,183.649994,92.594902
2023-03-27,3977.530029,380.56427,7078.27002,155.741776,758.463196,43.825859,181.949997,90.419762
2023-03-28,3971.27002,379.710022,7088.339844,155.121887,755.863708,44.986019,183.440002,90.584427
2023-03-29,4027.810059,385.229004,7186.990234,158.191879,763.104858,45.263451,182.529999,90.402443
2023-03-30,4050.830078,387.48465,7263.370117,159.756348,767.746643,45.742653,184.179993,90.81839
2023-03-31,4109.310059,392.946136,7322.390137,162.255646,783.899902,45.700619,183.220001,92.178955
2023-04-03,4124.509766,394.443512,7345.959961,163.505264,783.621399,48.390869,184.539993,92.61248
2023-04-04,4100.600098,392.255035,7344.959961,162.973938,790.0271,47.693089,187.979996,93.072914
2023-04-05,4090.379883,391.228058,7316.299805,161.133896,784.08551,48.037777,187.830002,94.045959
2023-04-06,4105.02002,392.754181,7324.75,162.019485,769.696106,48.340431,186.490005,94.289215
2023-04-11,4108.939941,393.262848,7390.279785,158.22142,780.465088,49.139095,186.279999,92.959984
2023-04-12,4091.949951,391.659973,7396.939941,157.532608,776.658752,49.147495,187.190002,92.864418
2023-04-13,4146.220215,396.862244,7480.830078,162.905045,820.569946,48.954147,189.720001,92.134659
2023-04-14,4137.640137,395.892761,7519.609863,162.560669,828.832153,49.366085,186.360001,91.291916
2023-04-17,4151.319824,397.313293,7498.180176,162.580368,811.007751,49.374485,185.529999,90.205948
2023-04-18,4154.870117,397.572479,7533.629883,163.800461,814.628418,49.30724,186.25,90.52739
2023-04-19,4154.52002,397.50531,7549.439941,164.941864,821.590942,48.819626,185.360001,90.440491
2023-04-20,4129.790039,395.336151,7538.709961,163.97757,832.26709,48.407688,186.089996,91.213745
2023-04-21,4133.52002,395.643311,7577.0,162.373718,836.537476,48.508572,184.25,90.701141
2023-04-24,4137.040039,396.056,7573.859863,162.678741,837.372925,48.937325,184.809998,91.578621
2023-04-25,4071.629883,389.769073,7531.609863,161.143753,832.133545,48.46653,185.75,92.925224
2023-04-26,4055.98999,388.118164,7466.660156,161.133896,819.035034,49.097057,184.740005,91.934822
2023-04-27,4135.350098,395.844879,7483.839844,165.70932,820.625488,47.81078,184.75,91.022568
2023-04-28,4169.47998,399.223419,7491.5,166.958954,814.918335,48.710339,184.800003,92.490837
2023-05-02,4119.580078,394.337891,7383.200195,165.837265,812.766418,46.23867,187.520004,92.062317
2023-05-03,4090.75,391.631195,7403.830078,164.76474,822.590271,45.927605,189.110001,92.576195
2023-05-04,4061.219971,388.857239,7340.77002,163.131348,817.444519,45.952835,190.440002,91.661652
2023-05-05,4136.25,396.056,7432.930176,170.786606,820.438416,47.188663,187.460007,91.356812
2023-05-08,4138.120117,396.161591,7440.910156,170.717743,827.549011,47.247509,187.690002,90.076508
2023-05-09,4119.169922,394.424164,7397.169922,169.015472,823.713074,46.616989,189.020004,89.754242
2023-05-10,4137.640137,396.267181,7361.200195,170.776733,816.134583,46.734684,188.75,90.625206
2023-05-11,4130.620117,395.57605,7381.779785,170.963715,830.449463,46.129372,187.130005,91.583282
2023-05-12,4124.080078,395.05777,7414.850098,170.037506,828.391113,46.877605,186.809998,90.816818
2023-05-15,4136.279785,396.420685,7418.209961,169.544861,824.367981,46.978489,187.210007,89.876167
2023-05-16,4109.899902,393.771606,7406.009766,169.544861,819.596375,46.356369,184.869995,89.606163
2023-05-17,4158.77002,398.551544,7399.439941,170.155731,818.099426,46.398396,184.229996,89.344879
2023-05-18,4198.049805,402.390839,7446.890137,172.48111,816.321655,46.818756,181.839996,88.682915
2023-05-19,4191.97998,401.805359,7491.959961,172.589508,818.005737,47.180256,183.639999,88.055809
2023-05-22,4192.629883,401.968536,7478.160156,171.64357,821.654724,47.012108,183.210007,87.742264
2023-05-23,4145.580078,397.457336,7378.709961,169.042328,780.487732,47.93689,183.429993,87.994865
2023-05-24,4115.240234,394.577881,7253.459961,169.318207,764.48877,47.80238,181.949997,87.559364
2023-05-25,4151.279785,397.994904,7229.27002,170.451355,770.38324,46.23867,180.199997,87.341606
2023-05-26,4205.450195,403.149109,7319.180176,172.85553,789.188965,46.877605,180.919998,88.047104
2023-05-30,4205.52002,403.302643,7209.75,174.69809,782.171936,45.246643,182.039993,88.926788
2023-05-31,4179.830078,401.066315,7098.700195,174.648834,761.494812,44.624519,182.320007,89.701973
2023-06-01,4221.02002,404.876801,7137.430176,177.447144,753.916382,45.221413,183.759995,90.053932
2023-06-02,4282.370117,410.731812,7270.689941,178.29451,777.400269,46.389988,181.050003,89.067093
2023-06-05,4273.790039,409.944794,7200.910156,176.944641,761.58844,46.11256,182.139999,88.901169
2023-06-06,4283.850098,410.837372,7209.0,176.580063,759.997864,45.6838,182.339996,89.42514
2023-06-07,4267.52002,409.41687,7202.790039,175.21048,760.37207,46.062126,180.149994,88.097725
2023-06-08,4293.930176,411.893188,7222.149902,177.920105,765.330872,46.263897,182.529999,89.12822
2023-06-09,4298.859863,412.632294,7213.140137,178.304352,767.202087,46.196629,182.039993,89.005966
2023-06-12,4338.930176,416.375671,7250.350098,181.09285,781.049133,45.355934,181.880005,89.267944
2023-06-13,4369.009766,419.120728,7290.799805,180.619904,787.691895,45.532471,180.539993,88.385918
2023-06-14,4372.589844,419.619904,7328.529785,181.250488,795.270386,45.322308,180.639999,89.093285
2023-06-15,4425.839844,424.822144,7290.910156,183.280258,789.376099,45.187786,181.910004,89.949089
2023-06-16,4409.589844,423.375214,7388.649902,182.206268,812.672791,45.229813,181.630005,89.599808
2023-06-20,4388.709961,421.178619,7294.169922,182.294952,791.528076,44.691776,179.75,90.219826
2023-06-21,4365.689941,419.020599,7260.970215,181.260361,784.323792,45.91095,179.490005,90.438133
2023-06-22,4381.890137,420.533142,7203.279785,184.255753,785.165771,44.768509,177.710007,89.346527
2023-06-23,4348.330078,417.353912,7163.419922,183.940445,776.651794,44.376328,178.199997,90.237305
2023-06-26,4328.819824,415.648712,7184.350098,182.551117,781.236206,44.819664,178.509995,90.333366
2023-06-27,4378.410156,420.205566,7215.580078,185.300186,785.5401,44.333694,177.690002,90.097565
2023-06-28,4376.859863,420.417542,7286.319824,186.472702,794.989746,44.350754,177.279999,90.481812
2023-06-29,4396.439941,422.074554,7312.72998,186.807724,799.948547,44.274014,177.089996,88.848755
2023-06-30,4450.379883,427.055298,7400.060059,191.123428,807.43335,44.802608,178.270004,89.896713
2023-07-03,4455.589844,427.546631,7386.700195,189.63562,799.854858,45.612549,178.470001,89.3871
2023-07-05,4446.819824,426.910797,7310.810059,188.522202,792.931335,44.930492,177.839996,88.537697
2023-07-06,4411.589844,423.567841,7082.290039,188.995148,763.459656,43.123051,177.309998,87.285515
2023-07-07,4398.950195,422.498444,7111.879883,187.881699,772.254333,43.566383,178.639999,86.760155
2023-07-10,4409.529785,423.567841,7143.689941,185.842102,777.400269,43.677219,178.779999,86.873932
2023-07-11,4439.259766,426.26532,7220.009766,185.31987,794.615479,44.325172,179.449997,87.320518
2023-07-12,4472.160156,429.695038,7333.009766,186.985092,810.895142,44.819664,181.880005,88.292526
2023-07-13,4510.040039,433.10553,7369.799805,187.743774,820.812622,44.879337,182.009995,89.220711
2023-07-14,4505.419922,432.835724,7374.540039,187.891617,834.846802,43.719845,181.429993,88.695297
2023-07-17,4522.790039,434.338684,7291.660156,191.143158,803.690979,43.447014,181.559998,88.739098
2023-07-18,4554.97998,437.56601,7319.180176,190.886993,803.971619,43.958565,183.639999,89.141891
2023-07-19,4565.720215,438.539032,7326.939941,192.236862,795.644714,44.606522,183.669998,90.148911
2023-07-20,4534.870117,435.629578,7384.910156,190.295761,799.012817,45.442036,182.740005,89.054329
2023-07-21,4536.339844,435.629578,7432.77002,189.12323,812.017883,46.030312,182.179993,89.080612
2023-07-24,4554.640137,437.575684,7427.310059,189.921356,802.381042,46.712372,181.399994,88.756615
2023-07-25,4567.459961,438.770233,7415.450195,190.778564,799.012817,46.328709,182.410004,88.590256
2023-07-26,4566.75,438.837677,7315.069824,191.645676,757.845886,45.919479,183.300003,88.677795
2023-07-27,4537.410156,435.928162,7465.240234,190.38446,786.195007,46.311657,180.419998,86.952744
2023-07-28,4582.22998,440.196136,7476.470215,192.956161,787.037048,46.413967,181.860001,87.399361
2023-07-31,4588.959961,441.034241,7497.779785,193.567062,793.492798,47.113079,182.350006,87.609512
2023-08-01,4576.72998,439.772186,7406.080078,192.73941,775.622559,46.558914,180.460007,86.173851
2023-08-02,4513.390137,433.654602,7312.839844,189.753876,761.120605,45.280052,179.600006,85.251877
2023-08-03,4501.890137,432.411835,7260.529785,188.364548,758.968628,46.124092,179.539993,83.285011
2023-08-04,4478.029785,430.456116,7315.069824,179.319244,763.459656,47.377377,180.190002,84.760178
2023-08-07,4518.439941,434.213318,7319.759766,176.225342,764.76947,47.258011,179.779999,83.925987
2023-08-08,4499.379883,432.325165,7269.470215,177.161392,755.226257,47.027821,178.639999,84.900658
2023-08-09,4467.709961,429.434875,7322.040039,175.575027,755.039124,48.630657,177.789993,85.339691
2023-08-10,4468.830078,429.589081,7433.620117,175.358261,780.955566,49.295658,177.600006,83.934776
2023-08-11,4464.049805,429.338562,7340.189941,175.417465,767.576416,48.741486,177.600006,83.741592
2023-08-14,4489.720215,431.708557,7348.839844,177.065201,763.64679,48.238468,177.059998,83.557205
2023-08-15,4437.859863,426.679626,7267.700195,175.082016,752.325806,47.829239,176.589996,83.047928
2023-08-16,4404.330078,423.548584,7260.25,174.21373,751.203064,48.016804,175.570007,82.398132
2023-08-17,4370.359863,420.321136,7191.740234,171.678024,734.549133,48.391933,175.300003,82.046928
2023-08-18,4369.709961,420.523529,7164.109863,172.161514,726.877258,48.605083,175.330002,82.336678
2023-08-21,4399.77002,423.259491,7198.060059,173.493439,733.426392,49.099567,175.809998,81.239067
2023-08-22,4387.549805,422.113068,7240.879883,174.864944,739.320801,49.432072,176.100006,81.862526
2023-08-23,4436.009766,426.814453,7246.620117,178.703018,739.507996,48.570976,177.889999,83.890869
2023-08-24,4376.310059,420.899231,7214.459961,174.026276,733.239319,48.741486,177.850006,83.337677
2023-08-25,4405.709961,423.866455,7229.600098,176.226501,734.736328,48.869373,177.619995,83.609879
2023-08-28,4433.310059,426.554382,7324.709961,177.785431,747.086487,49.355339,178.130005,83.697701
2023-08-29,4497.629883,432.720062,7373.430176,181.662979,757.845886,49.329769,179.869995,84.566956
2023-08-30,4514.870117,434.502441,7364.399902,185.145859,752.2323,49.397972,180.320007,84.479156
2023-08-31,4507.660156,433.866608,7316.700195,185.362946,731.835876,49.508797,180.020004,84.856735
2023-09-01,4515.77002,434.675781,7296.77002,186.931747,725.848022,50.207912,180.110001,83.534813
2023-09-05,4496.830078,432.797211,7254.720215,187.168518,710.223267,51.069012,178.639999,82.363457
2023-09-06,4465.47998,429.887726,7194.089844,180.469131,684.400391,50.736496,177.830002,82.566055
2023-09-07,4451.140137,428.567871,7196.100098,175.190506,677.476868,51.051956,178.020004,82.795021
2023-09-08,4457.490234,429.213318,7240.77002,175.802231,692.353088,51.478241,178.080002,83.112091
2023-09-11,4487.459961,432.036163,7278.27002,176.966492,694.411438,51.785168,178.410004,82.513191
2023-09-12,4461.899902,429.666168,7252.879883,173.947327,687.113647,52.254089,177.490005,82.988762
2023-09-13,4467.439941,430.167114,7222.569824,171.885223,682.622681,52.202934,177.080002,82.971153
2023-09-14,4505.100098,433.876221,7308.669922,173.394852,694.785706,53.098125,177.169998,82.372284
2023-09-15,4450.319824,428.648682,7378.819824,172.674561,712.188049,53.174858,178.339996,81.8703
2023-09-18,4453.529785,428.900116,7276.140137,175.595062,694.692078,52.850876,179.389999,82.337059
2023-09-19,4443.950195,428.01059,7282.120117,176.680374,689.359009,53.746078,179.220001,81.729355
2023-09-20,4402.200195,424.075775,7330.790039,173.148132,689.265564,53.737453,179.350006,81.984764
2023-09-21,4330.0,417.066467,7213.899902,171.608963,682.342041,53.383747,178.050003,79.879906
2023-09-22,4320.060059,416.128662,7184.819824,172.457504,685.148804,53.409626,178.619995,80.522804
2023-09-25,4337.439941,417.878601,7123.879883,173.730286,667.372253,53.599426,177.699997,78.541229
2023-09-26,4273.529785,411.739441,7074.02002,169.665268,657.735535,53.409626,176.279999,78.268204
2023-09-27,4274.509766,411.903748,7071.790039,168.155655,653.712341,54.289577,174.100006,77.863083
2023-09-28,4299.700195,414.29184,7116.240234,168.412216,660.542297,54.884838,173.229996,78.100868
2023-09-29,4288.049805,413.286316,7135.060059,168.925262,670.272644,53.754707,171.449997,78.109703
2023-10-02,4288.390137,413.121948,7068.160156,171.431366,668.869263,53.099056,169.649994,76.802086
2023-10-03,4229.450195,407.591858,6997.049805,170.09938,659.887329,52.866131,169.160004,75.149971
2023-10-04,4263.75,410.559937,6996.72998,171.34256,666.623779,51.839512,169.139999,76.210175
2023-10-05,4258.189941,410.405243,6998.25,172.575882,674.202148,51.563454,168.830002,75.830246
2023-10-06,4308.5,415.277924,7060.149902,175.121475,682.716309,52.055191,169.699997,74.91143
2023-10-09,4335.660156,417.936646,7021.399902,176.601456,664.939636,52.961029,172.820007,76.669594
2023-10-10,4358.240234,420.111908,7162.430176,176.00946,686.271667,53.39238,172.529999,76.563568
2023-10-11,4376.950195,421.832825,7131.209961,177.40065,641.923584,53.219833,173.789993,78.162682
2023-10-12,4349.609863,419.261108,7104.529785,178.298508,631.538269,53.63393,173.259995,76.042282
2023-10-13,4327.779785,417.172791,7003.529785,176.463333,618.06543,54.496628,178.830002,77.402893
2023-10-16,4373.629883,421.562134,7022.189941,176.335068,624.146912,54.401733,177.960007,76.15715
2023-10-17,4373.200195,421.542786,7029.700195,174.785995,625.363281,54.505253,178.289993,75.317833
2023-10-18,4314.600098,415.92569,6965.990234,173.493439,624.708313,55.022865,180.869995,74.655235
2023-10-19,4278.0,412.271179,6921.370117,173.118546,627.421631,54.634663,183.089996,73.126755
2023-10-20,4224.160156,407.2052,6816.220215,170.573013,621.246521,53.979008,183.589996,73.541992
2023-10-23,4217.040039,406.49939,6850.470215,170.691391,626.298828,53.746078,182.970001,74.425514
2023-10-24,4247.680176,409.564087,6893.649902,171.125534,637.151917,53.513153,182.949997,75.406189
2023-10-25,4186.77002,403.685974,6915.069824,168.816772,635.374268,53.659813,183.720001,73.727539
2023-10-26,4137.22998,398.852051,6888.959961,164.662918,625.363281,53.901367,184.009995,74.858429
2023-10-27,4117.370117,397.044098,6795.379883,165.975143,618.814026,54.349972,186.149994,74.540382
2023-10-30,4166.819824,401.791107,6825.069824,168.017532,627.795898,54.341343,185.100006,74.204636
2023-10-31,4193.799805,404.314423,6885.649902,168.49115,631.070557,54.522511,184.089996,73.842415
2023-11-01,4237.859863,408.626373,6932.629883,171.648453,631.81897,54.893471,183.509995,75.443459
2023-11-02,4317.779785,416.457428,7060.689941,175.200409,655.957764,55.721657,184.119995,77.16333
2023-11-03,4358.339844,420.256989,7047.5,174.292664,657.54834,53.771961,184.789993,77.686401
2023-11-06,4365.97998,421.223694,7013.72998,176.838242,652.308899,54.056652,183.350006,76.932854
2023-11-07,4378.379883,422.422546,6986.22998,179.393692,652.589539,52.831619,182.589996,78.067581
2023-11-08,4382.779785,422.731903,7034.160156,180.449402,658.203186,52.434784,180.770004,79.397392
2023-11-09,4347.350098,419.435181,7113.660156,179.975845,668.401428,52.935146,181.490005,77.571129
2023-11-10,4415.240234,425.980377,7045.040039,184.154846,642.859131,53.521782,179.509995,78.005531
2023-11-13,4411.549805,425.57431,7087.060059,182.574142,644.169006,54.168808,180.509995,77.828217
2023-11-14,4495.700195,433.83075,7185.680176,185.182343,661.384338,53.953125,182.119995,79.592392
2023-11-15,4502.879883,434.749176,7209.609863,185.745468,672.7052,54.013515,181.639999,78.475365
2023-11-16,4508.240234,435.280945,7168.399902,187.424988,660.635742,52.590069,183.690002,79.450531
2023-11-17,4514.02002,435.822327,7233.910156,187.405212,665.781616,53.323357,183.669998,79.822914
2023-11-20,4547.379883,439.177094,7246.930176,189.144043,671.489014,54.349972,183.369995,80.310478
2023-11-21,4538.189941,438.220001,7229.450195,188.343796,658.764587,54.306839,185.350006,80.27504
2023-11-22,4556.620117,439.911896,7260.72998,189.005707,666.436523,53.357864,184.559998,80.558731
2023-11-24,4559.339844,440.182587,7292.799805,187.681854,661.384338,54.470749,185.520004,79.61013
2023-11-27,4550.430176,439.389893,7265.490234,187.504013,652.402466,54.229191,186.770004,80.939919
2023-11-28,4554.890137,439.824829,7250.129883,188.106659,640.426575,54.513878,189.259995,81.099495
2023-11-29,4550.580078,439.515472,7267.640137,187.089081,646.040283,53.211212,189.539993,82.119026
2023-11-30,4567.799805,441.246033,7310.77002,187.662094,657.454712,53.711571,188.75,81.170425
2023-12-01,4594.629883,443.856415,7346.149902,188.936554,654.180115,53.797848,192.009995,82.699203
2023-12-04,4569.779785,441.526459,7332.589844,187.148361,658.895264,52.961029,187.860001,82.370155
2023-12-05,4567.180176,441.439484,7386.990234,191.090302,672.569275,52.943768,187.149994,84.139923
2023-12-06,4549.339844,439.660522,7435.990234,190.003571,677.661499,52.322632,187.839996,85.26049
2023-12-07,4585.589844,443.01532,7428.52002,191.930054,674.832458,52.339882,188.149994,84.771339
2023-12-08,4604.370117,444.919952,7526.549805,193.352722,696.993591,53.401001,185.639999,84.077652
2023-12-11,4622.439941,446.650452,7551.529785,190.853195,697.842468,53.461388,183.589996,83.899811
2023-12-12,4643.700195,448.69046,7543.549805,192.364792,691.807068,52.89201,183.490005,84.148827
2023-12-13,4707.089844,454.87793,7531.220215,195.575623,692.655701,52.935146,187.630005,86.123123
2023-12-14,4719.549805,456.337738,7575.850098,195.723831,704.255005,52.978275,188.729996,88.363426
2023-12-15,4719.189941,455.586426,7596.910156,195.190292,705.763916,53.168076,187.0,88.461586
2023-12-18,4740.560059,458.149139,7568.859863,193.530563,699.539856,53.789219,187.850006,87.75676
2023-12-19,4768.370117,460.935059,7574.669922,194.567902,703.029053,53.478645,189.130005,88.229622
2023-12-20,4698.350098,454.54776,7583.430176,192.483322,704.349243,53.61668,188.100006,88.827415
2023-12-21,4746.75,458.857758,7571.399902,192.335114,701.048706,53.487274,189.429993,88.265297
2023-12-22,4754.629883,459.779938,7568.819824,191.268143,695.673401,53.746078,190.270004,87.863823
2023-12-27,4781.580078,462.556152,7571.819824,190.823563,693.504517,53.892746,192.589996,89.674973
2023-12-28,4783.350098,462.730865,7535.160156,191.248383,689.355164,52.978275,191.470001,89.023666
2023-12-29,4769.830078,461.391327,7543.180176,190.211029,691.807068,53.142193,191.169998,88.220695
2024-01-02,4742.830078,458.809235,7530.859863,183.404022,681.810913,54.128895,190.720001,87.712128
2024-01-03,4704.810059,455.062286,7411.859863,182.030746,655.783325,53.910603,189.130005,88.077942
2024-01-04,4688.680176,453.596466,7450.629883,179.718933,658.046631,54.556763,189.320007,86.739647
2024-01-05,4697.240234,454.217743,7420.689941,178.997726,649.653564,54.574226,189.350006,85.909882
2024-01-08,4763.540039,460.702118,7450.240234,183.324966,651.916748,52.871502,187.869995,86.757484
2024-01-09,4756.5,460.003174,7426.620117,182.910034,641.920776,52.496033,187.929993,86.20433
2024-01-10,4783.450195,462.604797,7426.080078,183.947372,644.089722,52.190411,187.5,85.802841
2024-01-11,4780.240234,462.400848,7387.620117,183.354614,633.904968,51.937191,187.869995,86.284615
2024-01-12,4783.830078,462.721191,7465.140137,183.680664,631.736023,52.513496,189.710007,86.115089
2024-01-16,4765.97998,461.0224,7398.0,181.418213,628.341064,52.024509,187.910004,84.598381
2024-01-17,4739.209961,458.459778,7318.689941,180.47963,610.517822,50.871902,185.839996,84.464539
2024-01-18,4780.939941,462.536682,7401.350098,186.358002,625.606262,51.090199,187.369995,83.679398
2024-01-19,4839.810059,468.302765,7371.640137,189.252716,621.834167,50.889366,187.929993,83.947052
2024-01-22,4850.430176,469.292969,7413.25,191.554611,625.134827,50.426575,187.220001,84.446709
2024-01-23,4864.600098,470.661682,7388.040039,192.829086,632.20752,50.749649,187.949997,83.777534
2024-01-24,4868.549805,471.176178,7455.640137,192.157318,644.466919,51.395817,186.399994,83.286827
2024-01-25,4894.160156,473.738831,7464.200195,191.831253,646.258667,51.465672,187.139999,83.83107
2024-01-26,4890.970215,473.137024,7634.140137,190.102325,729.056641,52.059441,187.009995,83.670456
2024-01-29,4927.930176,476.883972,7640.810059,189.420639,732.074402,52.574615,188.330002,84.634071
2024-01-30,4924.970215,476.515137,7677.470215,185.775085,737.449646,52.766727,188.589996,85.401352
2024-01-31,4845.649902,468.739624,7656.75,182.17894,729.528259,52.478573,188.449997,86.240013
2024-02-01,4906.189941,474.874573,7588.75,184.609329,726.699158,52.897701,190.410004,87.931686
2024-02-02,4958.609863,479.873718,7592.259766,183.611481,733.771851,52.21661,188.610001,85.989395
2024-02-05,4942.810059,478.126495,7589.959961,185.419449,736.223816,51.710163,187.570007,84.252953
2024-02-06,4954.22998,479.514648,7638.970215,187.019928,735.092102,52.653206,188.550003,85.076439
2024-02-07,4995.060059,483.513947,7611.259766,187.128601,739.429993,50.98542,188.5,84.664688
2024-02-08,4997.910156,483.727509,7665.629883,186.051743,758.667908,51.675236,188.330002,84.172401
2024-02-09,5026.609863,486.523163,7647.52002,186.813431,761.497009,52.146755,187.600006,84.002357
2024-02-12,5021.839844,486.30957,7689.799805,185.131744,775.076538,52.234085,187.110001,84.100784
2024-02-13,4953.169922,479.611664,7625.310059,183.044495,755.17865,52.653206,184.529999,82.659706
2024-02-14,5000.620117,483.970184,7677.350098,182.164108,756.876099,52.757984,184.419998,83.080414
2024-02-15,5029.72998,487.309448,7743.419922,181.877258,769.135437,52.172958,185.660004,83.510063
2024-02-16,5005.569824,484.88269,7768.180176,180.343948,769.324158,52.295197,186.339996,83.026749
2024-02-20,4975.509766,482.213196,7795.220215,179.60202,773.473389,51.168789,187.470001,83.098328
2024-02-21,4981.799805,482.650024,7812.089844,180.353851,774.793579,51.448204,187.479996,82.507584
2024-02-22,5087.029785,492.638641,7911.600098,182.381729,792.522644,51.631577,187.559998,82.910347
2024-02-23,5088.799805,492.978394,7966.680176,180.551697,801.669983,52.094368,188.619995,84.020256
2024-02-26,5069.529785,491.172882,7929.819824,179.206345,794.220154,51.683964,188.199997,83.76963
2024-02-27,5078.180176,492.085419,7948.399902,180.660507,801.952942,51.954655,188.0,83.178871
2024-02-28,5069.759766,491.435028,7954.390137,179.463547,799.406799,51.86734,188.339996,83.706963
2024-02-29,5096.27002,493.201721,7927.430176,178.800751,794.785889,51.509331,189.309998,84.297699
2024-03-01,5137.080078,497.832031,7934.169922,177.722534,798.180847,52.21661,192.889999,84.82296
2024-03-04,5130.950195,497.298096,7956.410156,173.211716,791.956848,51.858604,196.009995,84.481781
2024-03-05,5078.649902,492.328064,7932.819824,168.285431,781.866394,51.657772,197.190002,85.684929
2024-03-06,5104.759766,494.822784,7954.740234,167.296188,785.166931,52.373783,198.809998,86.187767
2024-03-07,5157.359863,499.734558,8016.220215,167.177475,791.956848,52.321396,199.940002,86.106949
2024-03-08,5123.689941,496.735107,8028.009766,168.888794,796.766296,52.43491,201.630005,85.954292
2024-03-11,5117.939941,496.307983,8019.72998,170.887054,801.952942,52.504768,202.0,85.909409
2024-03-12,5175.27002,501.646942,8087.47998,171.361862,810.063049,52.976288,199.789993,85.191101
2024-03-13,5165.310059,500.860626,8137.580078,169.284515,817.795837,53.910603,201.190002,84.778084
2024-03-14,5150.47998,499.870514,8161.419922,171.134354,823.076843,54.757584,200.350006,83.47612
2024-03-15,5117.089844,496.43811,8164.350098,170.758453,813.174927,54.556763,199.710007,83.449226
2024-03-18,5149.419922,499.388489,8148.140137,171.846603,809.214355,54.687729,200.029999,83.197815
2024-03-19,5178.509766,502.163788,8201.049805,174.181137,811.194641,56.145954,199.800003,83.431229
2024-03-20,5224.620117,506.80838,8161.410156,176.74321,797.99231,55.82795,202.179993,83.404335
2024-03-21,5241.529785,508.483246,8179.720215,169.521927,799.595459,55.580608,201.970001,83.583878
2024-03-22,5234.180176,507.519257,8151.919922,170.422104,781.394897,55.518776,200.350006,84.383018
2024-03-25,5218.189941,506.117004,8151.600098,169.007553,778.471497,55.854446,200.990005,83.961014
2024-03-26,5203.580078,505.182312,8184.75,167.879852,774.9823,55.633606,201.639999,84.194435
2024-03-27,5248.490234,509.427704,8204.80957,171.44101,782.998047,55.686615,203.100006,85.02948
2024-03-28,5254.350098,509.330383,8205.80957,169.630722,786.204407,56.066452,205.720001,84.957657
2024-04-02,5205.810059,505.211517,8130.049805,167.019196,774.9823,58.266006,210.889999,82.914543
2024-04-03,5211.490234,505.766418,8153.22998,167.82048,769.512756,58.884357,212.740005,82.8965
2024-04-04,5147.209961,499.593018,8151.549805,166.999435,772.719055,59.228855,211.520004,83.491074
2024-04-05,5204.339844,504.812195,8061.310059,167.751236,754.235596,59.008018,215.139999,82.328964
2024-04-08,5202.390137,505.094604,8119.299805,166.633423,761.30835,60.006207,216.479996,82.319962
2024-04-09,5209.910156,505.678864,8049.169922,167.840271,749.897705,59.538036,217.669998,83.085693
2024-04-10,5160.640137,500.615448,8045.379883,165.970642,747.822998,60.138721,215.610001,81.274971
2024-04-11,5199.060059,504.393524,8023.740234,173.152374,745.465515,59.803032,219.800003,80.905624
2024-04-12,5123.410156,497.431366,8010.830078,174.646088,736.695312,61.030891,216.889999,81.338036
2024-04-15,5061.819824,491.199463,8045.109863,170.827713,749.520447,60.324215,220.949997,80.07682
2024-04-16,5051.410156,490.303619,7932.609863,167.553391,737.261047,59.405529,221.220001,79.545326
2024-04-17,5022.209961,487.401917,7981.509766,166.188263,758.19635,59.767708,219.589996,80.428154
2024-04-18,5011.120117,486.398926,8023.259766,165.238617,751.406494,59.555691,220.339996,80.022797
2024-04-19,4967.22998,482.153473,8022.410156,163.220627,751.217896,59.43203,221.029999,80.31105
2024-04-22,5010.600098,486.593719,8040.359863,164.051559,751.406494,59.979713,215.570007,80.175911
2024-04-23,5070.549805,492.367889,8105.779785,165.100128,761.212036,59.988552,215.039993,80.20295
2024-04-24,5071.629883,492.134216,8091.859863,167.197281,761.783264,59.988552,214.639999,79.635429
2024-04-25,5048.419922,490.264648,8016.649902,168.057892,740.649048,60.121033,215.919998,79.076874
2024-04-26,5099.959961,494.909363,8088.240234,167.474243,754.167297,61.375423,216.619995,79.491287
2024-04-29,5116.169922,496.66214,8065.149902,171.628937,741.791443,61.172237,216.179993,80.157898
2024-04-30,5035.689941,488.794373,7984.930176,168.493164,737.221924,60.589222,211.869995,79.473274
2024-05-02,5064.200195,491.764221,7914.649902,171.164017,730.177124,59.052181,213.130005,80.40258
2024-05-03,5127.790039,497.859772,7957.569824,181.40242,744.456909,58.61935,212.960007,81.216202
2024-05-06,5180.740234,503.001038,7996.640137,179.750443,744.171387,59.414368,215.199997,81.532608
2024-05-07,5187.700195,503.556122,8075.680176,180.432938,751.501709,59.246529,214.210007,82.029808
2024-05-08,5187.669922,503.604767,8131.410156,180.769318,750.073792,59.387863,213.580002,81.532608
2024-05-09,5214.080078,506.506409,8187.649902,182.57962,751.120911,60.377213,216.949997,81.930359
2024-05-10,5222.680176,507.158966,8219.139648,181.321594,750.549805,60.668724,218.710007,81.469299
2024-05-13,5221.419922,507.22702,8209.280273,184.521103,745.028198,60.73056,216.259995,81.677238
2024-05-14,5246.680176,509.55426,8225.799805,185.660217,753.881775,60.350719,218.089996,82.138268
2024-05-15,5308.149902,515.864075,8239.990234,187.928574,751.120911,59.599857,220.889999,83.259254
2024-05-16,5297.100098,514.802673,8188.490234,188.047455,748.264954,58.70768,220.029999,83.177872
2024-05-17,5303.27002,515.542786,8167.5,188.077209,745.599426,59.140522,223.660004,82.617416
2024-05-20,5308.129883,516.136719,8195.969727,189.236115,741.696167,59.184685,224.559998,82.373306
2024-05-21,5321.410156,517.402588,8141.459961,190.533783,731.224304,58.654678,224.229996,82.79821
2024-05-22,5307.009766,515.912842,8092.109863,189.097458,715.802124,57.56815,220.110001,82.897614
2024-05-23,5267.839844,512.144531,8102.330078,185.115417,716.658813,58.036331,215.720001,82.364265
2024-05-24,5304.720215,515.53302,8094.970215,188.186142,713.993286,58.292503,215.919998,82.60836
2024-05-28,5306.040039,515.893372,8057.799805,188.196045,709.614136,58.425011,218.190002,81.424126
2024-05-29,5266.950195,512.280823,7935.029785,188.493195,689.431885,57.974495,216.160004,80.438728
2024-05-30,5235.47998,508.882416,7978.509766,189.483765,699.142273,57.691826,216.570007,81.216202
2024-05-31,5277.509766,513.517395,7992.870117,190.434708,699.618286,59.19352,215.300003,81.767662
2024-06-03,5283.399902,513.936035,7998.02002,192.197906,702.569397,58.230667,217.220001,83.090172
2024-06-04,5291.339844,514.51062,7937.899902,192.514893,699.713379,56.826141,215.270004,84.06076
2024-06-05,5354.029785,520.62561,8006.569824,194.020508,716.468445,57.17065,217.820007,84.67762
2024-06-06,5352.959961,520.615906,8040.120117,192.643631,726.083618,57.391479,219.429993,84.550613
2024-06-07,5346.990234,519.983093,8001.799805,195.030884,725.893188,57.364979,211.600006,82.999489
2024-06-10,5360.790039,521.5896,7893.97998,191.296494,710.470947,57.603481,213.539993,82.446136
2024-06-11,5375.319824,522.845764,7789.209961,205.194,701.236572,56.622963,214.149994,83.298828
2024-06-12,5421.029785,527.139893,7864.700195,211.058121,700.094177,56.481625,214.720001,83.924721
2024-06-13,5433.740234,528.201233,7708.02002,212.217087,696.381409,55.041763,212.970001,85.158379
2024-06-14,5431.600098,528.522705,7503.27002,210.483597,677.24646,54.255577,215.729996,85.874962
2024-06-17,5473.22998,532.729065,7571.569824,214.62413,682.958435,54.767925,214.610001,85.022316
2024-06-18,5487.029785,534.082703,7628.799805,212.266571,676.008789,55.527615,215.470001,85.802414
2024-06-20,5473.169922,532.631714,7671.339844,207.700119,679.340759,55.742317,218.160004,85.230927
2024-06-21,5464.620117,531.917725,7628.569824,205.530823,682.863159,55.259232,214.779999,85.230927
2024-06-24,5447.870117,530.188599,7706.890137,206.174667,691.62146,55.92123,215.630005,85.575645
2024-06-25,5469.299805,532.230286,7662.299805,207.095871,701.427002,56.252239,214.559998,85.720757
2024-06-26,5477.899902,532.894531,7609.149902,211.236404,692.097473,55.500771,212.580002,84.496193
2024-06-27,5482.870117,533.73468,7530.720215,212.078415,681.149536,55.500771,214.990005,84.831825
2024-06-28,5460.47998,531.634399,7479.399902,208.631241,679.340759,55.760204,215.009995,83.253471
2024-07-01,5475.089844,532.728455,7561.129883,214.703354,677.817627,56.905289,215.570007,81.816597
2024-07-02,5509.009766,536.31366,7538.290039,218.190125,675.532837,57.263126,215.559998,82.453598
2024-07-03,5537.02002,538.707031,7632.080078,219.458054,680.483215,57.996696,217.990005,83.536491
2024-07-05,5567.189941,541.813354,7675.620117,224.20282,682.006409,58.470829,220.929993,84.228043
2024-07-08,5572.850098,542.438721,7627.450195,225.668839,662.300171,57.862499,218.190002,84.410065
2024-07-09,5576.97998,542.966064,7508.660156,226.520706,653.922668,56.5564,218.559998,84.036949
2024-07-10,5633.910156,548.338989,7573.549805,230.780121,664.108948,56.395367,219.360001,84.30085
2024-07-11,5584.540039,543.610779,7627.129883,225.421219,675.913635,56.198555,223.25,85.119827
2024-07-12,5615.350098,547.039734,7724.319824,228.363159,690.003052,56.806885,223.110001,85.483849
2024-07-15,5631.220215,548.544128,7632.709961,232.186707,671.724854,56.610069,223.830002,84.501045
2024-07-16,5667.200195,551.796997,7580.029785,232.602753,658.873047,55.733368,228.289993,85.693108
2024-07-17,5588.27002,544.060242,7570.810059,226.718857,657.064209,56.207504,227.229996,85.711334
2024-07-18,5544.589844,539.879211,7586.549805,222.063202,657.159424,57.075256,225.779999,85.056137
2024-07-19,5505.0,536.294067,7534.52002,222.192001,647.163513,56.118042,221.729996,84.555626
2024-07-22,5564.410156,541.823303,7622.02002,221.845306,658.873047,56.484829,221.800003,84.309959
2024-07-23,5555.740234,540.973267,7598.629883,222.885361,658.396973,55.581287,222.580002,84.19165
2024-07-24,5427.129883,528.71344,7513.72998,216.47644,627.74292,55.876503,221.800003,83.28167
2024-07-25,5399.220215,525.958679,7427.02002,215.436386,621.269348,55.438148,218.330002,83.964157
2024-07-26,5459.100098,531.849365,7517.680176,215.901962,631.265259,55.581287,220.630005,84.619362
2024-07-29,5463.540039,532.161926,7443.839844,216.179306,623.268555,55.232399,220.320007,85.074341
2024-07-30,5436.439941,529.465698,7474.939941,216.734009,621.079041,55.53656,222.520004,85.401939
2024-07-31,5522.299805,538.072083,7531.490234,219.983047,621.650146,55.894394,226.550003,86.275513
2024-08-01,5446.680176,530.452393,7370.450195,216.298157,611.178284,55.384472,225.770004,87.019608
2024-08-02,5346.560059,520.576233,7251.799805,217.783997,600.230408,54.695637,225.339996,89.731293
2024-08-05,5186.330078,505.4151,7148.990234,207.293991,594.328003,53.228497,222.479996,90.206062
2024-08-06,5240.029785,510.074799,7130.040039,205.273254,592.043274,52.98695,220.699997,88.188271
2024-08-07,5199.5,506.665375,7266.009766,207.838821,601.087158,54.498821,220.550003,87.567444
2024-08-08,5319.310059,518.378235,7247.450195,211.295853,602.895935,54.489876,224.009995,87.028763
2024-08-09,5344.160156,520.664185,7269.709961,214.198196,605.466309,54.883495,224.559998,87.887016
2024-08-12,5344.390137,520.937683,7250.669922,215.725403,604.609497,55.214504,228.410004,88.206535
2024-08-13,5434.430176,529.504822,7275.870117,219.434402,603.752747,54.874557,228.059998,88.818253
2024-08-14,5455.209961,531.175293,7333.359863,219.880646,613.272583,54.981907,226.199997,89.375214
2024-08-15,5543.220215,540.279785,7423.370117,222.855759,624.506104,55.894394,226.910004,88.653915
2024-08-16,5554.25,541.491028,7449.700195,224.174744,626.505249,55.760204,231.990005,88.964363
2024-08-19,5608.25,546.668457,7484.169922,224.016068,642.117981,56.288017,231.610001,89.375214
2024-08-20,5597.120117,545.779602,7485.72998,224.63092,645.259583,55.438148,232.460007,90.087349
2024-08-21,5620.850098,547.655151,7524.720215,224.521835,646.211487,55.581287,232.149994,90.142159
2024-08-22,5570.640137,543.356812,7524.109863,222.667328,645.449951,55.125046,229.369995,89.247391
2024-08-23,5634.609863,549.130188,7577.040039,224.958176,648.401062,55.608124,232.020004,89.831726
2024-08-26,5616.839844,547.821228,7590.370117,225.295349,649.257874,56.234344,232.759995,89.603477
2024-08-27,5625.799805,548.573425,7565.779785,226.138306,637.643616,56.1091,233.389999,89.44825
2024-08-28,5592.180176,545.388794,7577.669922,224.611084,634.216492,55.831772,231.75,89.338684
2024-08-29,5591.959961,545.4375,7640.950195,227.883682,644.878784,56.100147,232.949997,89.046516
2024-08-30,5648.399902,550.644348,7630.950195,227.10025,641.927612,55.63496,231.289993,88.09697
2024-09-03,5528.930176,539.312683,7575.100098,220.921967,638.690796,54.132038,230.289993,89.537842
2024-09-04,5520.069824,538.20874,7500.970215,219.017868,611.74939,53.827873,230.429993,90.691994
2024-09-05,5503.410156,536.89978,7431.959961,220.535187,589.472839,54.176765,232.350006,91.204926
2024-09-06,5408.419922,527.863708,7352.299805,218.988129,582.618591,53.550552,230.630005,91.19577
2024-09-09,5471.049805,533.773682,7425.259766,219.077408,586.616882,54.534611,231.600006,91.589661
2024-09-10,5495.52002,536.098755,7407.549805,218.284012,582.99939,53.559498,232.619995,92.230835
2024-09-11,5554.129883,541.598572,7396.830078,220.812866,577.858582,53.845764,232.25,92.157555
2024-09-12,5595.759766,546.160583,7435.069824,220.921967,577.668213,54.489876,236.330002,91.727051
2024-09-13,5626.02002,549.013062,7465.25,220.65419,578.905762,54.633007,238.679993,91.97438
2024-09-16,5633.089844,549.823853,7449.439941,214.525452,574.621765,54.7672,238.660004,92.817078
2024-09-17,5634.580078,550.048462,7487.419922,214.991562,578.524902,54.928234,237.339996,92.368233
2024-09-18,5618.259766,548.417175,7444.899902,218.859192,567.291504,54.776142,235.509995,91.223251
2024-09-19,5713.640137,557.775513,7615.410156,226.971329,584.522461,56.046482,239.169998,90.920982
2024-09-20,5702.549805,556.81134,7500.259766,226.3069,563.483521,55.456043,242.210007,90.572899
2024-09-23,5718.569824,558.20282,7508.080078,224.591248,566.529846,55.572342,242.679993,90.380539
2024-09-24,5732.930176,559.799866,7604.009766,225.48378,584.617676,56.091202,246.070007,90.362228
2024-09-25,5722.259766,558.565247,7565.620117,224.492065,587.854492,55.00399,245.729996,89.611099
2024-09-26,5745.370117,560.779846,7742.089844,225.632553,645.925964,53.726513,246.979996,89.821793
2024-09-27,5738.169922,559.966492,7791.790039,225.900299,669.630493,53.590611,245.020004,90.288948
2024-09-30,5762.47998,562.210388,7635.75,231.067062,655.445862,53.001701,243.059998,89.858437
2024-10-01,5708.75,557.173889,7574.069824,224.333405,632.12207,53.735573,245.610001,90.50721
2024-10-02,5709.540039,557.409119,7577.589844,224.898682,636.310791,54.940571,245.660004,89.744492
2024-10-03,5699.939941,556.390015,7477.779785,223.797867,629.266113,55.737865,245.490005,88.899033
2024-10-04,5751.069824,561.446106,7541.359863,224.918503,630.122864,56.761658,245.0,87.805519
2024-10-07,5695.939941,556.370422,7576.02002,219.850922,647.163513,57.332439,244.169998,87.14386
2024-10-08,5751.129883,561.632324,7521.319824,223.897064,624.030151,56.245232,242.369995,87.290871
2024-10-09,5792.040039,565.5224,7560.089844,227.635788,624.886902,56.154629,241.050003,86.79467
2024-10-10,5780.049805,564.532776,7541.589844,227.139938,623.554138,56.544212,242.820007,86.454636
2024-10-11,5815.029785,567.913208,7577.890137,225.662292,621.7453,56.507973,245.470001,86.105453
2024-10-14,5859.850098,572.557861,7602.060059,229.381195,607.179932,56.616692,245.070007,86.169762
2024-10-15,5815.259766,568.109253,7521.970215,231.910019,595.375244,53.898655,245.919998,87.217369
2024-10-16,5842.470215,570.578491,7492.0,229.857208,573.47937,53.826176,247.149994,87.584938
2024-10-17,5841.470215,570.627563,7583.72998,230.224106,580.143372,54.1614,248.630005,86.197334
2024-10-18,5864.669922,572.822388,7613.049805,233.050507,593.280884,54.052677,251.270004,86.261681
2024-10-21,5853.97998,571.881775,7536.22998,234.518219,581.666504,54.306366,251.220001,84.754608
2024-10-22,5851.200195,571.577942,7535.100098,233.903351,586.426453,54.587223,253.929993,84.837311
2024-10-23,5797.419922,566.355286,7497.47998,228.845657,584.141663,54.369781,250.869995,84.607559
2024-10-24,5809.859863,567.580078,7503.279785,228.657242,598.516724,54.433205,252.800003,85.149719
2024-10-25,5808.120117,567.384094,7497.540039,229.490265,596.898438,54.605343,253.320007,84.67189
2024-10-28,5823.52002,569.138184,7556.939941,231.463776,601.753479,54.1161,253.330002,84.442139
2024-10-29,5832.919922,570.059204,7511.109863,231.731537,600.611145,53.81712,256.089996,84.570793
2024-10-30,5813.669922,568.334595,7428.359863,228.191147,588.425598,53.581554,257.5,84.818932
2024-10-31,5705.450195,557.193542,7350.370117,224.035889,580.52417,52.005089,253.509995,84.956764
2024-11-01,5728.799805,559.545227,7409.109863,221.060791,581.666504,52.458096,252.470001,83.759033
2024-11-04,5712.689941,558.339905,7371.709961,220.168228,577.572998,52.621181,252.830002,85.059113
2024-11-05,5782.759766,565.091248,7407.149902,221.596298,573.6698,52.811443,253.399994,85.51091
2024-11-06,5929.040039,579.142517,7369.609863,220.87233,574.145752,52.159111,245.699997,83.16893
2024-11-07,5973.100098,583.620544,7425.600098,225.59285,589.282471,52.313137,249.649994,84.210823
2024-11-08,5995.540039,586.148682,7338.669922,225.324814,569.671509,51.497726,247.960007,85.280373
2024-11-11,6001.350098,586.707153,7426.879883,222.614502,570.718628,51.787651,242.139999,84.865463
2024-11-12,5983.990234,584.884705,7226.97998,222.614502,544.919678,50.482998,240.050003,83.59304
2024-11-13,5985.379883,585.168823,7216.830078,223.498077,546.44281,50.591713,237.630005,82.80011
2024-11-14,5949.169922,581.406189,7311.799805,226.57576,556.343567,51.778591,237.009995,83.279564
2024-11-15,5870.620117,573.959106,7269.629883,223.378952,558.152405,52.104748,236.589996,83.058281
2024-11-18,5893.620117,576.310791,7278.22998,226.377182,560.341919,52.639297,241.089996,83.20578
2024-11-19,5916.97998,578.417358,7229.640137,226.6353,549.584351,52.068512,243.25,83.629936
2024-11-20,5917.109863,578.613464,7198.450195,227.350098,547.775696,51.977909,244.619995,83.362526
2024-11-21,5948.709961,581.719543,7213.319824,226.873581,547.299683,51.805767,246.660004,83.297989
2024-11-22,5969.339844,583.522705,7255.009766,228.213837,555.010742,51.724228,249.839996,83.344086
2024-11-25,5987.370117,585.501892,7257.470215,231.19223,564.054749,50.627956,242.479996,85.501717
2024-11-26,6021.629883,588.559143,7194.509766,233.366425,567.386719,49.767242,242.949997,85.169769
2024-11-27,5998.740234,586.775818,7143.029785,233.237396,561.769897,49.015247,243.490005,85.759872
2024-11-29,6032.379883,590.420959,7235.109863,235.620117,564.054749,49.803482,245.589996,86.645027
2024-12-02,6047.149902,591.479187,7236.890137,237.8638,582.408081,48.743446,243.440002,86.85321
2024-12-03,6049.879883,591.75354,7255.419922,240.901779,585.386963,49.051491,243.929993,86.103767
2024-12-04,6086.490234,595.428101,7303.279785,241.259171,586.347839,48.870293,244.669998,87.029015
2024-12-05,6075.109863,594.448059,7330.540039,241.28894,585.386963,48.979012,242.860001,87.204826
2024-12-06,6090.27002,595.574951,7426.879883,241.090393,605.75824,49.133038,242.949997,87.334351
2024-12-09,6052.850098,592.507996,7480.140137,244.972244,627.090393,49.794422,245.360001,86.529381
2024-12-10,6034.910156,590.665833,7394.779785,245.984879,611.139343,49.241756,248.589996,86.122284
2024-12-11,6084.189941,595.232056,7423.399902,244.714066,618.634399,48.453518,250.960007,85.308052
2024-12-12,6051.25,592.1651,7420.939941,246.173523,620.748413,48.353859,247.279999,84.271759
2024-12-13,6051.089844,592.047546,7409.569824,246.3423,614.022034,48.344807,244.289993,83.41127
2024-12-16,6074.080078,594.5755,7357.080078,249.231323,606.526978,47.375366,244.880005,83.661095
2024-12-17,6050.609863,592.125793,7365.700195,251.653748,610.755005,46.822697,243.940002,83.86467
2024-12-18,5872.160156,574.478455,7384.620117,246.262878,611.619751,47.293827,239.259995,82.815987
2024-12-19,5867.080078,574.302002,7294.370117,247.990341,602.971558,47.049206,239.600006,81.562035
2024-12-20,5930.850098,581.199951,7274.47998,252.656479,603.548096,47.012966,242.100006,82.026482
2024-12-23,5974.069824,584.680298,7272.319824,253.430862,604.605103,46.976723,240.960007,81.274117
2024-12-24,6040.040039,591.179138,7282.689941,256.339783,606.142639,47.121681,241.440002,81.617775
2024-12-27,5970.839844,584.995056,7355.370117,253.748535,610.755005,47.792141,241.399994,80.902588
2024-12-30,5906.939941,578.319214,7313.560059,250.38298,604.701233,47.656231,240.630005,81.552757
2024-12-31,5881.629883,576.215271,7380.740234,248.615799,610.658875,48.353859,242.130005,81.116196
2025-01-02,5868.549805,574.799561,7393.759766,242.09314,610.562805,49.411434,245.419998,81.339127
2025-01-03,5942.470215,581.98645,7282.220215,241.606659,587.404846,49.659733,243.490005,81.079056
2025-01-06,5975.379883,585.338989,7445.689941,243.234833,609.794006,50.312664,243.190002,80.716789
2025-01-07,5909.029785,578.722351,7489.350098,240.464951,619.307068,50.560959,244.559998,79.806534
2025-01-08,5918.25,579.567871,7452.419922,240.951401,610.851074,50.726494,245.860001,79.908707
2025-01-10,5827.040039,570.71936,7431.040039,235.143555,619.787537,50.809265,248.210007,79.37925
2025-01-13,5836.220215,571.604248,7408.640137,232.711212,621.132812,51.425404,245.740005,79.351395
2025-01-14,5842.910156,572.390808,7423.669922,231.599274,625.55304,51.13113,247.029999,79.221344
2025-01-15,5949.910156,582.80249,7474.589844,236.156204,612.292419,51.434608,248.880005,80.586761
2025-01-16,5937.339844,581.681702,7634.740234,226.615433,668.313538,52.768063,250.600006,80.846817
2025-01-17,5996.660156,587.521729,7709.75,228.323059,663.124512,52.85083,249.270004,80.986176
2025-01-21,6049.240234,592.899597,7770.950195,221.035919,673.88678,52.08754,253.130005,81.710663
2025-01-22,6086.370117,596.232544,7837.399902,222.217346,685.898193,51.848438,254.429993,81.283401
2025-01-23,6118.709961,599.486816,7892.609863,222.048599,692.432373,51.627728,254.070007,80.651779
2025-01-24,6101.240234,597.736816,7927.620117,221.174911,705.404663,51.351837,255.649994,81.014023
2025-01-27,6012.279785,589.281555,7906.580078,228.203918,725.295471,51.213898,252.990005,81.970749
2025-01-28,6067.700195,594.34491,7897.370117,236.543396,721.259644,51.269073,255.179993,81.915009
2025-01-29,6039.310059,591.68042,7872.47998,237.635483,685.321655,51.31506,254.199997,81.74781
2025-01-30,6071.169922,594.856079,7941.640137,235.878204,687.819946,51.646122,258.049988,82.054337
2025-01-31,6040.529785,591.690369,7950.169922,234.299698,676.000854,51.857632,258.559998,81.515625
2025-02-03,5994.569824,587.708496,7854.919922,226.367249,663.124512,51.471401,259.940002,82.179291
2025-02-04,6037.879883,591.651062,7906.399902,231.122726,665.622986,52.437,262.5,82.430977
2025-02-05,6061.47998,594.049866,7891.680176,230.79512,659.184875,53.347424,264.130005,83.791916
2025-02-06,6083.569824,596.114502,8007.620117,231.539719,669.658813,53.899204,263.429993,83.754662
2025-02-07,6025.990234,590.65802,7973.029785,225.98999,657.4552,54.147503,263.899994,83.213997
2025-02-10,6066.439941,594.669312,8006.220215,226.258331,658.512207,53.908394,268.369995,82.962318
2025-02-11,6068.5,595.121643,8028.899902,231.197952,658.416138,54.129108,267.390015,82.430977
2025-02-12,6051.970215,593.204346,8042.189941,235.421967,660.91449,54.267048,267.670013,81.312408
2025-02-13,6115.069824,599.467163,8164.109863,240.053482,679.556213,53.981972,270.309998,82.664017
2025-02-14,6114.629883,599.437683,8178.540039,243.104721,685.129517,54.147503,266.290009,83.102135
2025-02-18,6129.580078,601.197571,8206.55957,242.975525,677.538208,54.340622,270.700012,82.123352
2025-02-19,6144.149902,602.613342,8110.540039,243.373062,663.893372,53.991158,270.850006,82.225914
2025-02-20,6117.52002,600.106201,8122.580078,244.327194,668.313538,54.092319,270.98999,82.533539
2025-02-21,6013.129883,589.842041,8154.509766,244.04892,674.943848,53.448582,270.73999,83.530945
2025-02-24,5983.25,587.157959,8090.990234,245.589447,665.046448,53.39341,272.209991,83.773308
2025-02-25,5955.25,584.237915,8051.069824,245.529785,657.4552,52.85083,268.619995,85.218147
2025-02-26,5956.060059,584.532898,8143.919922,238.89064,672.925842,53.117519,269.029999,85.721519
2025-02-27,5861.569824,575.202576,8102.52002,235.84935,666.007324,53.172695,264.929993,85.115623
2025-02-28,5954.5,584.179016,8111.629883,240.361572,667.737,53.13591,263.269989,86.159622
2025-03-03,5849.720215,573.944092,8199.709961,236.574875,663.79718,53.49456,266.73999,86.561729
2025-03-04,5778.149902,567.150452,8047.919922,234.487717,641.311951,52.059948,269.059998,85.495728
2025-03-05,5842.629883,573.246033,8173.75,234.298889,638.333069,51.480587,269.619995,84.813103
2025-03-06,5738.52002,563.070251,8197.669922,233.891388,627.474792,51.793255,268.25,84.532555
2025-03-07,5770.200195,566.226257,8120.799805,237.608521,609.890137,51.995583,268.390015,84.261406
2025-03-10,5614.560059,551.14447,8047.600098,226.089386,605.662109,51.866829,266.040009,85.140396
2025-03-11,5572.069824,546.562866,7941.910156,219.489975,596.533447,51.627728,269.160004,84.532555
2025-03-12,5599.299805,549.463318,7988.959961,215.653564,587.885254,52.078346,270.329987,84.027618
2025-03-13,5521.52002,542.138733,7938.209961,208.398193,581.351135,52.584133,275.130005,84.766357
2025-03-14,5638.939941,553.337036,8028.279785,212.184921,581.447205,52.869221,275.23999,84.31749
2025-03-17,5675.120117,557.603943,8073.97998,212.691788,585.867371,52.924397,276.730011,84.738281
2025-03-18,5614.660156,551.577087,8114.569824,211.389786,586.155579,53.310642,279.959991,84.822441
2025-03-19,5675.290039,557.58429,8171.470215,213.92421,586.732178,54.08313,281.109985,85.261955
2025-03-20,5662.890137,555.971863,8094.200195,212.791153,580.870667,54.138302,280.75,85.318054
2025-03-21,5667.560059,556.155273,8042.950195,216.935669,578.948853,53.706081,278.48999,84.813103
2025-03-24,5767.569824,566.115234,8022.330078,219.380646,572.99115,53.301441,277.25,83.943451
2025-03-25,5776.649902,567.476013,8108.589844,222.382187,574.912964,54.57972,278.470001,83.93412
2025-03-26,5712.200195,560.701294,8030.680176,220.175751,571.261536,56.303982,278.23999,83.382416
2025-03-27,5693.310059,559.212341,7990.109863,222.481567,566.07251,56.397179,281.970001,83.139267
2025-03-28,5580.939941,547.950623,7916.080078,216.567947,564.150757,55.185543,284.059998,84.289436
2025-03-31,5611.850098,551.628906,7790.709961,220.772095,549.352722,55.604954,288.140015,85.121689
2025-04-01,5633.069824,553.186951,7876.359863,221.825607,552.619873,55.44651,287.570007,85.859299
2025-04-02,5670.970215,556.687744,7858.830078,222.521332,552.715942,55.371944,288.160004,85.803001
2025-04-03,5396.52002,529.253723,7598.97998,201.947876,521.678528,52.752941,286.420013,86.197151
2025-04-04,5074.080078,498.269714,7274.950195,187.228424,509.282745,49.462872,279.720001,87.135628
2025-04-07,5062.25,497.382172,6927.120117,180.350723,487.758362,46.871826,273.709991,84.507935
2025-04-08,4982.77002,489.591797,7100.419922,171.365967,499.481445,47.020954,275.200012,82.91256
2025-04-09,5456.899902,541.008423,6863.02002,197.634399,478.917999,44.975147,285.380005,83.400558
2025-04-10,5268.049805,517.30188,7126.02002,189.255936,503.709534,46.149502,292.350006,81.101341
2025-04-11,5363.359863,526.532043,7104.799805,196.93866,503.901672,45.357277,297.929993,81.542412
2025-04-14,5405.970215,531.640198,7273.120117,201.281967,509.378845,46.806587,296.230011,82.124275
2025-04-15,5396.629883,530.151123,7335.399902,200.904297,469.549072,47.170078,297.779999,82.415169
2025-04-16,5275.700195,518.366943,7329.970215,193.082397,466.233978,48.167355,307.470001,82.875023
2025-04-17,5282.700195,519.106445,7285.859863,195.775818,466.618347,48.139389,306.119995,82.143021
2025-04-22,5287.759766,519.934875,7326.470215,198.518967,468.251862,48.344437,311.109985,81.157654
2025-04-23,5375.859863,527.991516,7482.359863,203.349274,480.743683,48.456284,303.649994,81.945938
2025-04-24,5484.77002,539.105164,7502.779785,207.096191,487.474915,48.605404,308.070007,82.809326
2025-04-25,5525.209961,543.000427,7536.259766,208.000656,486.596924,49.173939,304.730011,83.419327
2025-04-28,5528.75,543.207397,7573.759766,208.855362,489.718628,49.323071,309.070007,83.944855
2025-04-29,5560.830078,546.629333,7555.870117,209.918854,477.329315,48.791805,306.059998,84.648682
2025-04-30,5569.060059,546.846191,7593.870117,211.200958,475.963562,47.682693,303.769989,83.963623
2025-05-02,5686.669922,558.896667,7770.47998,204.09465,483.719116,47.403084,297.980011,82.633644
2025-05-05,5650.379883,555.691833,7727.930176,197.674164,480.207153,47.076874,306.880005,82.172104
2025-05-06,5606.910156,551.04718,7696.919922,197.296463,477.134247,47.589497,315.480011,82.445259
2025-05-07,5631.279785,553.364624,7626.839844,195.050293,471.671234,47.300564,310.75,82.79377
2025-05-08,5663.939941,557.220215,7694.439941,196.282715,475.378265,47.58017,304.630005,81.870705
2025-05-09,5659.910156,556.510254,7743.75,197.31636,483.621521,48.363079,306.839996,81.993141
2025-05-12,5844.189941,574.90155,7850.100098,209.776123,517.521423,49.462872,298.190002,81.230225
2025-05-13,5886.549805,578.698181,7873.830078,211.905823,523.764832,49.779758,299.459991,80.900551
2025-05-14,5892.580078,579.437744,7836.790039,211.308716,512.351074,49.500153,293.160004,80.363647
2025-05-15,5916.930176,582.267883,7853.470215,210.432953,494.888947,49.267147,297.839996,81.070099
2025-05-16,5958.379883,585.955994,7886.689941,210.243866,491.572174,49.612,294.23999,81.28672
2025-05-19,5963.600098,586.596985,7883.629883,207.775803,486.401825,49.285786,298.029999,81.051247
2025-05-20,5940.459961,584.624695,7942.419922,205.865036,492.547699,49.406948,303.579987,80.467262
2025-05-21,5844.609863,574.773315,7910.490234,201.117981,481.572906,48.763847,305.820007,79.092087
2025-05-22,5842.009766,575.000183,7864.439941,200.391479,473.232117,47.999588,303.109985,79.506516
2025-05-23,5802.819824,571.075378,7734.399902,194.33078,467.281342,47.505608,309.75,79.638397
2025-05-27,5921.540039,582.948303,7826.790039,199.247025,470.110382,48.036865,304.5,80.749832
2025-05-28,5888.549805,579.575806,7788.100098,199.456024,471.817566,48.13007,303.809998,80.401321
2025-05-29,5912.169922,581.863525,7779.720215,198.988251,469.476288,47.915703,305.609985,81.145439
2025-05-30,5911.689941,581.212769,7751.890137,199.883957,466.549683,48.148708,303.600006,81.267876
2025-06-02,5935.939941,584.486755,7737.200195,200.729874,465.525391,49.09938,311.670013,80.511551
2025-06-03,5970.370117,587.819824,7763.839844,202.292297,462.013458,49.425594,308.910004,80.369736
2025-06-04,5970.810059,587.661987,7804.669922,201.844482,464.9888,48.717247,310.899994,81.674416
2025-06-05,5939.299805,584.821838,7790.27002,199.664993,458.599091,48.344437,309.329987,81.73111
2025-06-06,6000.359863,590.827576,7804.870117,202.939178,459.720917,48.745213,305.179993,80.691185
2025-06-09,6005.879883,591.359924,7791.470215,200.481049,460.01355,48.773174,306.619995,80.776276
2025-06-10,6038.810059,594.712769,7804.330078,201.695175,463.232849,49.947525,306.709991,81.192238
2025-06-11,6022.240234,593.016602,7775.899902,197.823914,459.086853,49.910244,308.369995,81.438057
2025-06-12,6045.259766,595.373474,7765.109863,198.241867,457.379639,51.019367,312.200012,82.41185
2025-06-13,5976.970215,588.717102,7684.680176,195.505096,450.111908,51.075283,316.290009,81.617699
2025-06-16,6033.109863,594.318359,7742.240234,197.465622,455.916351,50.814316,311.779999,80.795166
2025-06-17,5982.720215,589.239807,7683.72998,194.69899,449.429047,51.737026,311.940002,81.778404
2025-06-18,5980.870117,589.151001,7656.120117,195.634476,452.697083,50.888878,310.26001,81.920212
2025-06-20,5967.839844,587.767395,7589.660156,200.033218,438.942047,51.750443,310.130005,81.768967
2025-06-23,6025.169922,593.573059,7537.569824,200.530823,438.795685,51.390667,311.079987,82.033669
2025-06-24,6092.180176,600.130432,7615.990234,199.336594,442.453949,49.705418,306.190002,82.629288
2025-06-25,6092.160156,600.466675,7558.160156,200.59053,433.917999,49.497128,307.119995,82.733292
2025-06-26,6141.02002,605.164551,7557.310059,200.033218,426.845398,49.714886,306.779999,83.149261
2025-06-27,6173.069824,608.171265,7691.549805,200.112839,438.307922,49.724354,301.220001,82.619812
2025-06-30,6204.950195,611.079102,7665.910156,204.183151,433.722931,49.326706,304.829987,83.432884
2025-07-01,6198.009766,610.881287,7662.589844,206.820419,457.574738,49.5634,307.549988,83.639755
2025-07-02,6227.419922,613.650635,7738.419922,211.418198,476.54892,50.538578,309.25,83.108345
2025-07-03,6279.350098,618.487,7754.549805,212.522858,474.012512,50.52911,307.140015,82.529488
2025-07-07,6229.97998,613.878052,7723.470215,208.94017,463.720642,49.033211,307.369995,81.741875
2025-07-08,6225.52002,613.541809,7766.709961,208.999878,470.842041,50.027321,304.160004,81.637489
2025-07-09,6263.259766,617.221069,7878.459961,210.124451,475.914825,50.443893,305.519989,82.491531
2025-07-10,6280.459961,618.961731,7902.25,211.388351,492.645233,50.652187,306.200012,82.548462
2025-07-11,6259.75,616.785828,7829.290039,210.144348,475.768494,51.002495,309.140015,81.409737
2025-07-14,6268.560059,617.96283,7808.169922,207.616547,467.817841,50.500706,308.01001,81.23893
2025-07-15,6243.759766,615.322083,7766.209961,208.104218,465.671692,50.633251,306.730011,80.669571
2025-07-16,6263.700195,617.379272,7722.089844,209.14917,463.964508,50.264011,308.26001,80.783432
2025-07-17,6297.359863,621.157349,7822.0,209.009842,465.183929,50.150402,307.589996,80.764458
2025-07-18,6296.790039,620.702454,7822.669922,210.164246,461.184235,50.320816,308.390015,80.887817
2025-07-21,6305.600098,621.879395,7798.220215,211.458008,457.330841,50.046261,313.130005,81.609001
2025-07-22,6309.620117,621.968384,7744.410156,213.368759,454.16037,49.989445,316.100006,82.102463
2025-07-23,6358.910156,627.259827,7850.430176,213.11998,468.208099,50.500706,312.179993,81.64698
2025-07-24,6363.350098,627.467407,7818.279785,212.731857,458.745392,48.720779,310.269989,81.504616
2025-07-25,6388.640137,630.118103,7834.580078,212.851273,476.744019,48.597702,307.399994,82.017059
2025-07-28,6389.77002,629.959839,7800.879883,213.020462,477.231812,49.610741,305.410004,81.485649
2025-07-29,6370.859863,628.29834,7857.359863,210.25383,463.184082,49.733818,306.25,82.861626
2025-07-30,6362.899902,627.507019,7861.959961,208.044495,468.988525,49.506599,300.959991,82.434586
2025-07-31,6339.390137,625.153137,7771.970215,206.571625,460.794037,49.250969,302.959991,82.48204
2025-08-01,6238.009766,614.906677,7546.160156,201.406601,450.355774,48.35154,309.109985,83.654648
2025-08-04,6329.939941,624.253052,7632.009766,202.371918,450.989899,48.834393,310.910004,83.883255
2025-08-05,6299.189941,621.088135,7621.040039,201.94397,445.331787,49.13736,311.160004,84.140465
2025-08-06,6345.060059,625.845459,7635.029785,212.224319,446.502441,49.705418,310.5,83.654648
2025-08-07,6340.0,625.321228,7709.319824,218.971695,449.819244,49.591808,313.119995,83.511765
2025-08-08,6389.450195,630.197205,7743.0,228.246872,450.063141,49.90424,313.049988,83.149788
2025-08-11,6373.450195,628.950989,7698.52002,226.343887,446.795074,49.724354,308.549988,83.245056
2025-08-12,6445.759766,635.646851,7753.419922,228.80481,445.965881,50.339752,308.269989,82.82592
2025-08-13,6466.580078,637.822754,7804.970215,232.471252,458.111328,49.714886,309.209991,83.511765
2025-08-14,6468.540039,637.88208,7870.339844,231.923279,461.330566,49.771694,307.25,82.892586
2025-08-15,6449.799805,636.388672,7923.450195,230.737656,464.452271,50.623787,307.429993,82.302002
2025-08-18,6449.149902,636.250122,7884.049805,230.040237,464.208405,50.197739,306.950012,82.063858
2025-08-19,6411.370117,632.798401,7979.080078,229.711441,477.914642,50.841541,305.269989,82.540154
2025-08-20,6395.779785,631.117004,7973.029785,225.178192,481.475342,51.135036,308.359985,82.721138
2025-08-21,6370.169922,628.585144,7938.290039,224.072266,473.134521,51.400139,307.290009,82.311523
2025-08-22,6466.910156,638.238098,7969.689941,226.921753,482.987457,51.722038,310.579987,82.921181
2025-08-25,6439.319824,635.42926,7843.040039,226.323975,476.109924,51.220249,309.829987,82.683037
2025-08-26,6465.939941,638.089722,7709.810059,228.466049,474.353943,50.093594,312.079987,82.635399
2025-08-27,6481.399902,639.543701,7743.930176,229.641724,489.718628,50.377628,312.709991,82.540154
2025-08-28,6501.859863,641.808533,7762.600098,231.704086,500.547058,50.273479,315.029999,83.083115
2025-08-29,6460.259766,637.981018,7703.899902,231.285629,491.767242,50.652187,318.070007,82.492523
2025-09-02,6415.540039,633.253357,7654.25,228.874542,500.449524,50.680592,325.589996,81.878632
2025-09-03,6448.259766,636.685364,7719.709961,237.592331,508.058685,49.970512,328.140015,82.777466
2025-09-04,6502.080078,642.006348,7698.919922,238.897507,486.889587,49.951576,326.690002,83.408562
2025-09-05,6481.5,640.146973,7674.779785,238.807861,484.109314,49.061611,331.049988,84.680283
2025-09-08,6495.149902,641.719543,7734.839844,237.004517,484.011749,49.13736,334.820007,85.808586
2025-09-09,6512.609863,643.203125,7749.390137,233.487518,479.963287,49.93264,334.059998,85.32093
2025-09-10,6532.040039,645.0625,7761.319824,225.955322,477.768341,49.951576,335.26001,85.808586
2025-09-11,6587.470215,650.423218,7823.52002,229.183411,475.427063,49.411915,334.76001,86.382294
2025-09-12,6584.290039,650.205444,7825.240234,233.208542,478.646301,49.345646,335.420013,86.009392
2025-09-15,6615.279785,653.667114,7896.930176,235.828842,491.864838,49.781162,338.910004,86.21019
2025-09-16,6606.759766,652.767151,7818.220215,237.273514,495.279205,49.639145,339.589996,86.391846
2025-09-17,6600.350098,651.956116,7786.97998,238.110428,498.791107,48.976406,336.970001,86.171944
2025-09-18,6631.959961,655.00238,7854.609863,237.004517,504.936951,49.260437,335.619995,85.282684
2025-09-19,6664.359863,658.246521,7853.589844,244.596466,498.108246,48.824921,339.179993,85.120125
2025-09-22,6693.75,661.360718,7830.109863,255.137512,494.596313,48.976406,345.049988,84.814156
2025-09-23,6656.919922,657.76062,7872.02002,253.493607,510.399994,49.601273,346.459991,85.40699
2025-09-24,6637.970215,655.667847,7827.450195,251.381409,496.644958,50.652187,343.320007,85.081894
2025-09-25,6604.720215,652.642944,7795.419922,255.924622,494.401184,50.538578,344.75,85.081894
2025-09-26,6643.700195,656.381958,7870.680176,254.519821,503.083496,51.362263,346.73999,85.005386
2025-09-29,6661.209961,658.226685,7880.870117,253.493607,510.302399,50.226143,352.459991,85.7034
2025-09-30,6688.459961,660.706116,7895.939941,253.692886,507.766052,48.976406,355.470001,85.454796
2025-10-01,6711.200195,662.95752,7966.950195,254.509842,511.18045,49.65984,356.029999,85.675491
2025-10-02,6715.350098,663.721069,8056.629883,256.183655,529.618042,49.072666,354.790009,85.92498
2025-10-03,6715.790039,663.711304,8081.540039,257.070374,539.568481,49.149666,357.640015,85.761841
2025-10-06,6740.279785,666.091492,7971.779785,255.7453,527.179199,49.39032,364.380005,85.080574
2025-10-07,6714.589844,663.621948,7974.850098,255.536072,546.299683,48.966778,366.26001,85.569939
2025-10-08,6753.720215,667.579163,8060.129883,257.110229,561.420471,49.207424,372.299988,85.637115
2025-10-09,6735.109863,665.645203,8041.359863,253.105026,545.519226,49.226673,365.429993,85.569939
2025-10-10,6552.509766,647.654236,7918.0,244.36731,532.642151,48.12933,369.119995,86.951653
2025-10-13,6654.720215,657.591919,7934.259766,246.74852,527.179199,47.980125,378.089996,86.903664
2025-10-14,6644.310059,656.788574,7919.620117,246.858109,519.765076,48.369976,380.790009,87.181938
2025-10-15,6671.060059,659.704407,8077.0,248.422333,583.272461,50.160385,387.390015,86.990036
2025-10-16,6629.069824,655.211609,8188.589844,246.539276,587.467285,50.603176,396.450012,87.642494
2025-10-17,6664.009766,658.930847,8174.200195,251.361465,590.881653,50.737938,388.98999,87.508163
2025-10-20,6735.129883,665.784058,8206.070312,261.274841,597.125,50.535793,403.149994,87.844009
2025-10-21,6735.350098,665.774109,8258.860352,261.802887,601.710083,50.680183,377.23999,88.275787
2025-10-22,6699.399902,662.312805,8206.870117,257.49884,607.953552,51.045963,377.279999,88.333359
2025-10-23,6738.439941,666.240295,8225.780273,258.624634,605.612183,52.075928,378.790009,87.728859
2025-10-24,6791.689941,671.685181,8225.629883,261.852722,597.515259,51.893044,377.519989,87.767242
2025-10-27,6875.160156,679.609558,8239.179688,267.820648,596.539734,51.758278,367.01001,88.06469
2025-10-28,6890.890137,681.414551,8216.580078,268.009949,599.563843,51.479126,364.380005,88.294968
2025-10-29,6890.589844,681.741882,8200.879883,268.707397,603.661133,52.114433,363.0,87.402618
2025-10-30,6822.339844,674.244019,8157.290039,270.401123,595.17395,51.633141,370.130005,86.894058
2025-10-31,6840.200195,676.455627,8121.069824,269.374939,597.125,51.931545,368.119995,86.63501
2025-11-03,6851.970215,677.725098,8109.790039,268.059784,601.710083,51.777534,368.779999,86.418335
2025-11-04,6771.549805,669.69165,8067.529785,269.046143,596.24707,51.594639,362.320007,86.610924
2025-11-05,6796.290039,672.012451,8074.22998,269.145813,597.807861,51.671646,366.51001,85.667206
2025-11-06,6720.319824,664.802185,7964.77002,268.77713,585.321045,51.248108,366.070007,86.437599
2025-11-07,6728.799805,665.456726,7950.180176,267.481934,588.44281,51.57539,368.309998,86.254616
2025-11-10,6832.430176,675.840698,8055.509766,268.698578,602.783203,52.018177,378.380005,86.235382
2025-11-11,6846.609863,677.387939,8156.22998,274.502808,617.416199,53.269543,379.869995,86.630196
2025-11-12,6850.919922,677.764832,8241.240234,272.727661,631.366394,53.231037,385.98999,86.784279
2025-11-13,6737.490234,666.518005,8232.490234,272.209076,621.220703,54.087738,382.869995,86.071663
2025-11-14,6734.109863,666.408813,8170.089844,271.670532,621.415894,54.126244,375.959991,85.580559
2025-11-17,6672.410156,660.200317,8119.02002,266.733978,608.733887,54.415016,371.649994,85.792397
2025-11-18,6617.319824,654.65625,7967.930176,266.713989,596.344604,53.394676,374.350006,85.763504
2025-11-19,6642.160156,657.185303,7953.77002,267.830994,594.686218,53.327293,374.959991,85.590164
2025-11-20,6538.759766,647.168335,7981.069824,265.527252,604.441528,53.587193,374.850006,85.927216
2025-11-21,6602.990234,653.614868,7982.649902,270.752991,607.758362,53.875969,374.269989,86.187225
2025-11-24,6705.120117,663.235168,7959.669922,275.171021,606.490234,53.798958,380.200012,86.678352
2025-11-25,6765.879883,669.473572,8025.799805,276.21817,604.148926,54.068485,380.079987,86.899818
2025-11-26,6812.609863,674.095215,8096.430176,276.79657,610.09967,54.540154,383.119995,87.285034
2025-11-28,6849.089844,677.774719,8122.709961,278.093048,619.952576,54.674919,387.880005,86.870934
2025-12-01,6812.629883,674.680359,8097.0,282.331512,626.976379,54.588287,389.75,85.789513
2025-12-02,6829.370117,675.929993,8074.609863,285.413116,625.992493,54.405392,387.23999,85.828171
2025-12-03,6849.720215,678.27063,8087.419922,283.378632,620.187134,54.905941,386.880005,86.069763
2025-12-04,6857.120117,678.766479,8122.029785,279.938019,622.9422,55.040699,387.130005,85.605896
2025-12-05,6870.399902,680.055786,8114.740234,278.023224,618.0224,54.289883,386.440002,85.209663
2025-12-08,6846.509766,678.012695,8108.430176,277.135681,615.169006,54.212875,385.420013,84.929398
2025-12-09,6840.509766,677.427612,8052.509766,276.427582,606.411743,54.395767,387.399994,85.016373
2025-12-10,6886.680176,681.92041,8022.689941,278.023224,608.871643,53.731583,389.049988,85.34494
2025-12-11,6901.0,683.507202,8085.759766,277.275269,615.169006,53.750835,393.23999,85.228981
2025-12-12,6827.410156,676.158142,8068.620117,277.524597,614.480225,53.510185,395.440002,84.407516
2025-12-15,6816.509766,675.136597,8124.879883,273.365875,616.054504,53.423553,395.799988,84.465515
2025-12-16,6800.259766,673.29187,8106.160156,273.864532,626.287659,52.460964,395.890015,84.929398
2025-12-17,6721.430176,665.88324,8086.049805,271.102081,621.564697,53.067398,399.290009,84.852089
2025-12-18,6774.759766,670.91156,8150.640137,271.451111,627.173279,53.356171,398.570007,85.257973
2025-12-19,6834.5,676.99231,8151.379883,272.927155,621.564697,53.721958,399.019989,84.939743
2025-12-22,6878.490234,681.2099,8121.069824,270.234436,617.628906,53.847092,408.230011,84.755417
2025-12-23,6909.790039,684.323303,8103.850098,271.620667,617.235291,53.76046,413.640015,84.891251
2025-12-24,6932.049805,686.73053,8103.580078,273.066711,621.958252,53.529438,411.929993,85.405449
2025-12-29,6905.740234,684.213867,8112.02002,273.016876,623.040649,53.85672,398.600006,85.444252
2025-12-30,6896.240234,683.378357,8168.149902,272.338684,629.042725,54.289883,398.890015,85.240509
2025-12-31,6845.5,678.315247,8149.5,271.122009,634.651306,54.328972,396.309998,84.561386
2026-01-02,6858.470215,679.558594,8195.209961,270.274353,631.502625,54.827404,398.279999,84.435249
2026-01-05,6902.049805,684.084534,8211.5,266.534546,632.486572,54.524437,408.76001,84.852432
2026-01-06,6944.819824,688.152954,8237.429688,261.647797,634.060974,53.791451,413.179993,84.677811
2026-01-07,6920.930176,685.934753,8233.919922,259.623322,619.203186,52.296154,409.230011,85.1726
2026-01-08,6921.459961,685.865112,8243.469727,258.336823,624.319763,52.169106,411.48999,84.745712
2026-01-09,6966.279785,690.401001,8362.089844,258.665924,641.637329,53.869637,414.470001,85.308426
2026-01-12,6977.27002,691.485229,8358.759766,259.543518,637.898315,54.055328,422.230011,85.056175
2026-01-13,6963.740234,690.1026,8347.200195,260.34137,636.225586,55.24765,421.630005,85.201714
2026-01-14,6926.600098,686.710632,8330.969727,259.254303,627.665222,55.765629,425.940002,85.696503
2026-01-15,6944.470215,688.580688,8313.120117,257.509064,615.66095,55.452888,423.329987,85.677094
2026-01-16,6940.009766,688.003723,8258.94043,254.836349,599.42572,55.511524,421.290009,85.182312
2026-01-20,6796.859863,673.998169,8062.580078,246.030319,560.854614,55.609261,437.230011,84.066597
2026-01-21,6875.620117,681.776855,8069.169922,246.977737,575.810791,56.439976,443.600006,84.706909
2026-01-22,6913.350098,685.337952,8148.890137,247.675842,586.142334,55.941544,451.790009,85.075584
2026-01-23,6915.609863,685.586548,8143.049805,247.366669,581.911316,56.664757,458.0,85.308426
2026-01-26,6950.22998,689.068054,8131.149902,254.71669,578.565857,57.563889,464.700012,85.715912
2026-01-27,6978.600098,691.813477,8152.819824,257.568909,579.844971,57.993908,476.100006,85.182312
2026-01-28,6978.029785,691.743835,8066.680176,255.743866,534.091064,58.638935,494.559998,84.988266
2026-01-29,6969.009766,690.371155,8071.359863,257.578888,533.69751,59.440334,495.899994,85.007675
2026-01-30,6939.029785,688.312073,8126.529785,258.775665,538.125305,59.762848,444.950012,84.532272
2026-02-02,6976.439941,691.733948,8181.169922,269.277069,529.663208,59.254646,427.130005,84.290756
2026-02-03,6917.810059,685.88501,8179.5,268.748505,520.512451,60.085361,454.290009,84.49527
2026-02-04,6882.720215,682.562683,8262.160156,275.73941,527.498535,61.140865,453.970001,84.281013
2026-02-05,6798.399902,674.037964,8238.169922,275.161011,529.56488,60.544701,441.880005,85.19648
2026-02-06,6932.299805,686.969238,8273.839844,277.365021,527.596924,61.160412,455.459991,85.254913
2026-02-09,6964.819824,690.281677,8323.280273,274.130798,526.809814,61.209274,467.029999,85.235435
2026-02-10,6941.810059,688.461304,8327.879883,273.192444,529.072876,61.091995,462.399994,86.219063
2026-02-11,6941.470215,688.302185,8313.240234,275.009216,516.674988,62.763206,467.630005,85.76133
2026-02-12,6832.759766,677.668701,8340.55957,261.263794,516.084656,62.841396,451.390015,86.900803
2026-02-13,6836.169922,678.146118,8311.740234,255.324356,505.949921,62.919579,462.619995,87.378006
2026-02-17,6843.220215,679.240295,8361.459961,263.409943,519.233337,63.10527,448.200012,87.524094
2026-02-18,6881.310059,682.662109,8429.030273,263.87912,525.333862,63.8578,458.279999,87.192963
2026-02-19,6861.890137,680.861633,8398.780273,260.115784,522.972351,65.020805,459.559998,87.280609
2026-02-20,6909.509766,685.785583,8515.490234,264.108673,545.80011,63.955532,468.619995,87.076096
2026-02-23,6837.75,678.782776,8497.169922,265.705811,549.04718,64.639656,481.279999,87.397484
2026-02-24,6890.069824,683.716492,8519.209961,271.655243,552.786194,65.206497,474.609985,87.553307
2026-02-25,6946.129883,689.485901,8559.070312,273.741516,544.12738,65.841751,473.420013,87.563049
2026-02-26,6908.859863,685.656189,8620.929688,272.463776,542.749817,66.01767,477.480011,87.913658
2026-02-27,6878.879883,682.363708,8580.75,263.709381,535.370178,65.753792,483.75,88.449287
2026-03-02,6881.620117,682.751709,8394.320312,264.248413,512.148865,67.786613,490.0,87.561066
2026-03-03,6816.629883,676.733704,8103.839844,263.280182,494.142456,66.555191,468.140015,87.385201
2026-03-04,6869.5,681.50824,8167.72998,262.052338,499.259003,65.343323,471.799988,87.111603
2026-03-05,6830.709961,677.708496,8045.799805,259.826324,497.684692,65.255356,466.130005,86.759834
2026-03-06,6740.02002,668.825684,7993.490234,257.001343,494.142456,66.457466,473.51001,86.43737
2026-03-09,6795.990234,674.68457,7915.359863,259.417053,489.714661,67.327271,472.529999,87.189774
2026-03-10,6781.47998,673.600281,8057.359863,260.365356,496.405548,67.180672,477.859985,86.261482
2026-03-11,6775.799805,672.754822,8041.810059,260.345367,492.272919,68.412086,476.23999,85.147552
2026-03-12,6672.620117,662.539062,7984.439941,255.304382,487.057983,68.803017,466.880005,84.981438
2026-03-13,6632.189941,658.789001,7911.529785,249.674438,466.099731,70.68924,460.839996,84.561272
2026-03-16,6699.379883,665.493408,7935.970215,252.369644,471.314697,70.757652,460.429993,85.21595
2026-03-17,6716.089844,667.244019,7974.490234,253.777115,464.672974,72.790466,459.269989,85.45047
2026-03-18,6624.700195,657.933533,7969.879883,249.494766,461.032349,73.709137,444.73999,84.971664
2026-03-19,6606.490234,656.312195,7807.870117,248.516525,452.865509,76.807228,426.410004,85.489548
2026-03-20,6506.47998,646.903442,7665.620117,247.548233,450.602448,75.214211,413.380005,83.867508
2026-03-23,6581.0,653.695923,7726.200195,251.042007,459.113647,74.275978,404.040009,84.414696
2026-03-24,6556.370117,651.501587,7743.919922,251.191727,453.357483,75.458534,404.130005,84.043396
2026-03-25,6591.899902,655.132202,7846.549805,252.169983,454.931824,75.126251,416.290009,84.854401
2026-03-26,6477.160156,643.432373,7769.310059,252.439514,450.946808,77.295891,400.640015,84.141106
2026-03-27,6368.850098,632.460632,7701.950195,248.356796,448.437714,76.709503,414.700012,83.681847
2026-03-30,6343.720215,630.346069,7772.450195,246.190659,456.210968,79.182106,414.579987,84.795792
2026-03-31,6528.52002,648.668884,7816.939941,253.337891,455.6698,79.912994,430.290009,84.707848
2026-04-01,6575.319824,653.556274,7981.27002,255.174622,463.541443,76.604271,437.820007,84.624458
2026-04-02,6582.689941,654.144775,7962.390137,255.464111,463.492218,78.441353,429.410004,85.144402
2026-04-07,6616.850098,657.526001,7908.740234,253.048416,459.359619,78.283325,431.809998,84.997246
2026-04-08,6782.810059,674.272949,8263.870117,258.438782,490.846222,75.86351,434.529999,85.271935
2026-04-09,6824.660156,678.162842,8245.799805,260.02594,476.185272,77.898132,437.910004,85.056114
2026-04-10,6816.890137,677.71405,8259.599609,260.015991,475.545685,77.641335,437.130005,84.850098
2026-04-13,6886.240234,684.336975,8235.980469,258.738281,474.020569,78.678398,435.359985,85.105156
2026-04-14,6967.379883,692.675537,8327.860352,258.368896,473.725403,76.436363,445.089996,85.556435
2026-04-15,7022.950195,698.141418,8274.570312,265.955383,474.168152,75.735115,440.459991,85.18364
2026-04-16,7041.279785,699.856995,8262.700195,262.930756,476.283661,76.169701,440.079987,84.644073
2026-04-17,7126.060059,708.315247,8425.129883,269.748627,491.38736,72.169601,445.929993,85.419098
2026-04-20,7109.140137,706.898804,8331.049805,272.563568,482.679352,73.493095,442.089996,85.399475
2026-04-21,7064.009766,702.270813,8235.719727,265.695862,478.202362,74.105446,429.570007,84.928581
2026-04-22,7137.899902,709.382507,8156.430176,272.683411,466.690094,75.083244,435.26001,85.095352
2026-04-23,7108.399902,706.629578,8227.320312,272.942902,467.575653,75.656097,431.040009,84.908958
2026-04-24,7165.080078,712.105469,8157.819824,270.577118,464.082611,76.05117,433.25,85.065918
2026-04-27,7173.910156,713.332275,8141.919922,267.13327,459.950012,75.86351,429.890015,84.644073
2026-04-28,7138.799805,709.861206,8104.089844,270.227753,454.75,77.305519,421.910004,84.732368
2026-04-29,7135.950195,709.751526,8072.129883,269.688721,448.450012,77.266022,417.410004,84.075066
2026-04-30,7209.009766,716.813293,8114.839844,270.866638,451.399994,78.312958,423.660004,83.99659
2026-05-04,7200.75,716.164978,7976.120117,276.336853,444.950012,77.68084,414.709991,83.656876
2026-05-05,7259.220215,721.910217,8062.310059,283.673767,450.950012,78.322838,418.269989,84.119675
2026-05-06,7365.120117,731.944336,8299.419922,286.997833,474.0,75.804253,430.959991,84.759697
2026-05-07,7337.109863,729.700134,8202.080078,286.927948,478.299988,74.342491,431.679993,84.336304
2026-05-08,7398.930176,735.724609,8112.569824,292.797485,472.700012,74.865967,433.769989,84.759697
2026-05-11,7412.839844,737.400269,8056.379883,292.427795,452.0,75.962288,434.649994,84.247673
2026-05-12,7400.959961,736.283142,7979.919922,294.545959,453.049988,77.335159,432.929993,83.686409
2026-05-13,7444.25,740.402527,8007.970215,298.612457,452.299988,76.851189,430.5,83.499336
2026-05-14,7501.240234,746.247498,8082.27002,297.953033,460.850006,77.315399,427.209991,83.617493
2026-05-15,7408.5,737.27063,7952.549805,299.971313,455.600006,77.710472,417.290009,82.376823
2026-05-18,7403.049805,736.751953,7987.490234,297.583344,456.25,79.280876,418.429993,82.278343
2026-05-19,7353.609863,731.844604,7981.759766,298.712372,462.0,78.806793,411.5,81.746628
2026-05-20,7432.970215,739.345276,8117.419922,301.989563,473.799988,78.629013,417.399994,82.622986
2026-05-21,7445.720215,740.811462,8086.0,304.727173,473.549988,79.271004,416.98999,82.92823
2026-05-22,7473.470215,743.723999,8115.75,308.553894,472.600006,77.68084,413.820007,83.38118
2026-05-26,7519.120117,748.661316,8173.109863,308.064301,469.200012,77.256142,414.0,83.794731
2026-05-27,7520.359863,748.531616,8207.889648,310.582153,483.950012,74.490639,408.48999,83.991669
2026-05-28,7563.629883,752.66095,8188.870117,312.240723,480.950012,74.490639,412.769989,84.424904
2026-05-29,7580.060059,754.536133,8183.339844,311.791107,473.049988,74.253601,417.119995,84.444611
2026-06-01,7599.959961,756.59082,8146.589844,306.046051,469.799988,75.438812,411.26001,84.490089
2026-06-02,7609.779785,757.618225,8209.089844,314.928406,475.0,75.70549,411.950012,84.668015
2026-06-03,7553.680176,752.30188,8150.419922,309.992645,460.850006,76.624031,407.869995,84.331917
2026-06-04,7584.310059,755.144592,8244.290039,310.961823,474.100006,76.426491,411.269989,84.519737
2026-06-05,7383.740234,735.654785,8218.240234,307.075165,479.049988,76.416618,396.23999,84.084778
2026-06-08,7405.72998,737.320435,8199.290039,301.280182,482.450012,76.386978,397.269989,83.649834
2026-06-09,7386.649902,735.156067,8203.429688,290.299622,492.299988,75.527702,390.779999,84.144096
2026-06-10,7266.990234,723.565918,8161.830078,291.328735,487.649994,76.288216,374.579987,83.906845
2026-06-11,7394.299805,735.864258,8200.799805,295.375244,493.200012,77.038849,386.320007,84.99424
2026-06-12,7431.459961,739.843994,8350.870117,290.87915,510.600006,75.438812,386.540009,84.786644
2026-06-15,7554.290039,752.890381,8384.009766,296.164581,512.599976,72.100464,396.549988,84.737213
2026-06-16,7511.350098,748.401978,8447.269531,298.982147,520.299988,72.149849,397.630005,85.201828
2026-06-17,7420.100098,739.05603,8430.790039,295.694977,511.0,71.320198,388.600006,85.340233
2026-06-18,7500.580078,746.73999,8467.980469,297.753204,505.100006,69.473236,387.119995,85.755409
2026-06-22,7472.790039,744.390015,8400.110352,296.754089,481.350006,70.046089,384.589996,85.102974
2026-06-23,7365.459961,733.580017,8340.709961,294.046387,483.700012,69.937447,377.320007,85.211708
2026-06-24,7358.220215,733.23999,8385.490234,292.827423,493.0,68.653473,365.920013,86.378174
2026-06-25,7357.490234,734.299988,8431.610352,274.912903,494.399994,68.41642,369.459991,86.348526
2026-06-26,7354.02002,728.98999,8384.870117,283.535461,495.75,67.517639,373.630005,86.358414
2026-06-29,7440.430176,741.0,8367.330078,281.497223,492.299988,68.130005,368.579987,86.447388
2026-06-30,7499.359863,746.77002,8403.990234,289.110657,484.100006,68.029999,368.380005,85.429184
2026-07-01,7483.22998,745.76001,8337.290039,294.126343,481.0,65.919998,370.600006,84.851738
2026-07-02,7483.240234,744.780029,8474.860352,308.364044,497.950012,66.879997,378.130005,84.84182
2026-07-06,7537.430176,751.280029,8479.870117,312.390594,491.399994,67.150002,382.130005,84.78228
2026-07-07,7503.850098,747.710022,8436.240234,310.392303,495.799988,67.779999,377.48999,83.88932
2026-07-08,7482.709961,745.400024,8252.660156,313.119965,484.899994,69.349998,374.450012,83.700806
2026-07-09,7543.640137,751.710022,8326.620117,315.94751,492.950012,68.82,378.179993,83.829781
2026-07-10,7575.390137,754.950012,8338.969727,315.048309,489.899994,68.379997,377.01001,83.809944
2026-07-13,7515.339844,749.169983,8364.650391,317.03656,491.5,70.419998,367.130005,83.31385
2026-07-14,7543.589844,751.830017,8366.849609,314.588684,482.950012,71.199997,372.149994,83.422997
2026-07-15,7572.399902,754.809998,8382.429688,327.217804,495.799988,70.639999,372.350006,83.581741
2026-07-16,7533.77002,750.719971,8377.860352,332.972839,503.100006,69.589996,364.959991,83.551971
2026-07-17,7457.689941,743.289978,8338.80957,333.452393,495.100006,70.510002,368.410004,83.859543
2026-07-20,7443.279785,742.090027,8340.110352,326.308563,486.850006,71.139999,367.600006,83.234474
2026-07-21,7509.200195,748.280029,8363.139648,327.457581,478.549988,72.809998,374.809998,83.006279
2026-07-22,7498.959961,747.409973,8437.889648,325.609192,474.0,74.290001,379.119995,82.787987
2026-07-23,7408.299805,738.179993,8299.089844,321.382843,453.549988,76.18,371.519989,82.520096
2026-07-24,7411.97998,738.929993,8372.280273,332.733032,461.700012,75.900002,371.899994,82.599472
2026-07-27,7413.180176,739.090027,8406.05957,336.61969,466.799988,74.379997,374.630005,83.095566
2026-07-28,7428.779785,740.859985,8458.780273,339.786926,470.299988,73.779999,369.369995,83.581741
2026-07-29,7316.149902,729.460022,8408.269531,337.89859,467.950012,75.830002,371.079987,82.202599
2026-07-30,7437.629883,741.690002,8485.639648,333.14267,473.299988,75.57,377.160004,82.152992
2026-07-31,7489.720215,747.030029,8509.639648,308.643829,475.149994,76.419998,371.540009,81.607285
2026-08-03,7600.5,757.669983,8613.820312,303.158569,486.899994,76.43,371.709991,81.876259
2026-08-04,7736.52002,771.330017,8666.629883,309.113403,485.0,74.25,374.160004,82.503853
2026-08-05,7723.549805,769.789978,8669.299805,310.732025,479.700012,73.800003,389.640015,82.683167
2026-08-06,7709.959961,768.559998,8699.709961,312.140808,481.450012,74.540001,389.670013,82.204994
2026-08-07,7757.640137,773.26001,8714.929688,313.059998,480.0,74.089996,398.470001,82.444084
2026-08-10,7753.109863,773.030029,8726.030273,308.26001,482.450012,75.540001,402.540009,81.74675
2026-08-11,7728.200195,770.559998,8714.94043,304.910004,478.799988,76.589996,400.959991,81.876259
2026-08-12,7748.5,772.48999,8674.94043,302.25,464.950012,75.529999,404.920013,81.796562
2026-08-13,7798.990234,777.880005,8650.55957,305.26001,460.0,75.410004,398.959991,82.274727
2026-08-14,7785.759766,776.340027,8636.799805,305.929993,458.399994,75.779999,401.480011,81.72683
2026-08-17,7745.060059,772.669983,8579.599609,305.589996,446.0,75.93,405.48999,81.039467
2026-08-18,7691.759766,767.450012,8509.360352,310.029999,447.75,76.900002,398.549988,81.348289
2026-08-19,7707.97998,769.059998,8501.910156,316.829987,456.0,77.660004,413.839996,82.703087
2026-08-20,7641.160156,762.599976,8453.089844,311.299988,443.100006,78.32,415.26001,82.025681
2026-08-21,7674.370117,765.719971,8484.429688,309.350006,452.5,77.440002,423.359985,81.736794
2026-08-24,7652.859863,763.469971,8453.009766,310.339996,459.350006,75.980003,426.690002,82.244843
2026-08-25,7677.279785,765.909973,8439.200195,309.899994,450.700012,75.699997,428.070007,83.151375
2026-08-26,7675.700195,766.080017,8462.389648,313.450012,453.799988,75.279999,421.320007,82.982025
2026-08-27,7730.990234,771.099976,8319.870117,314.579987,447.399994,74.169998,422.600006,82.812668
2026-08-28,7711.759766,769.349976,8401.179688,319.700012,458.149994,74.669998,408.890015,82.563622
2026-08-31,7686.140137,767.049988,8334.5,316.850006,453.299988,75.529999,408.420013,82.204994
2026-09-01,7631.470215,761.780029,8301.849609,325.130005,445.0,77.610001,396.75,81.870003
2026-09-02,7666.600098,765.159973,8280.629883,324.959991,439.0,78.300003,402.779999,81.949997
2026-09-03,7747.709961,773.169983,8286.400391,328.209991,431.049988,78.019997,410.220001,82.07
2026-09-04,7718.600098,770.190002,8278.769531,319.970001,429.100006,76.099998,406.769989,82.209999
