Date,SP500,SPY,CAC40,AAPL,LVMH,TTE,GLD,TLT
2010-01-05,0.00311083258607,0.00264355891164,-0.000264127287717,0.00172762243325,-0.00471209838875,0.0012001028661,-0.000911216463961,0.00643697746207
2010-01-06,0.000545371784544,0.00070401311882,0.0011854712003,-0.0160342197834,0.00965536526659,0.000654296387464,0.016364950979,-0.0134762812742
2010-01-07,0.00399321768966,0.00421252860532,0.00177311917701,-0.00185051200431,0.0113151689954,0.00174216778293,-0.00620702747368,0.00168059862714
2010-01-08,0.00287758302153,0.0033221440123,0.00504090172094,0.00662638375066,0.0134114181931,0.00108723009872,0.00495075490304,-0.000447682635425
2010-01-11,0.0017452316293,0.00139545320486,-0.000506861216533,-0.00886056619485,0.00774131382427,0.00541922673691,0.0132014671987,-0.00550278587993
2010-01-12,-0.00942544576898,-0.00936975910658,-0.0107023995823,-0.0114406614657,-0.0291861218564,-0.0132743590059,-0.021134484517,0.0169721958792
2010-01-13,0.00829145632438,0.00841089234805,0.00020249146334,0.0140070969081,0.00753342213297,-0.0109027379893,0.0094582789029,-0.0116941394351
2010-01-14,0.00242348622353,0.00270049597372,0.00371975005846,-0.00580847442618,0.00137468917391,-0.0063311698116,0.00438340371765,0.0139059042257
2010-01-15,-0.010882126617,-0.0112874254693,-0.0154053190603,-0.0168531371721,-0.00815208156648,-0.0240214421759,-0.0104985306324,0.00616706392371
2010-01-19,0.0124221510615,0.0124175910231,0.0138851284617,0.0432879504121,0.0333138621943,0.0282469442354,0.00593576709916,-0.0028586608558
2010-01-20,-0.0106543862493,-0.0102204156379,-0.0203367220754,-0.0155123540359,-0.0272874428323,-0.0149808627407,-0.023406629797,0.0100789437381
2010-01-21,-0.0191266576379,-0.0194161510598,-0.0171456124652,-0.0174374375998,-0.0183166342889,-0.0122396687342,-0.0145164489274,0.00456732112966
2010-01-22,-0.0223897789956,-0.0225442196495,-0.0107719918276,-0.050870896369,-0.00857847022674,-0.0148186274388,-0.00186450132384,-0.00173748230512
2010-01-25,0.00458755856844,0.00511473721764,-0.0102412640384,0.0265474331682,0.000386235947406,-0.0108205506267,0.00288847159649,-0.00457513940488
2010-01-26,-0.00421205752703,-0.00419977434789,0.00663866074197,0.0140338478023,0.0208602411603,0.00338628144071,0.000744001146931,0.000327514909463
2010-01-27,0.00486828281854,0.00474601302635,-0.0124862170199,0.00937633816423,-0.00479485563798,-0.0134985707155,-0.00962218657031,-0.000546944912551
2010-01-28,-0.011888125808,-0.0115382652033,-0.0190672759598,-0.0422001465162,-0.0120888835585,-0.026220660905,-0.000469423974918,-0.000545747250762
2010-01-29,-0.00987779888537,-0.0109279665608,0.0136427039753,-0.0369531193796,0.0122151840679,0.0200568673796,-0.00489554729482,0.00870491318643
2010-02-01,0.0141653052825,0.015431270692,0.00601218614814,0.0138062088313,0.00328312963673,0.00344224947105,0.0223050545573,-0.00911914371024
2010-02-02,0.0128895205562,0.0120301494791,0.0132346656581,0.00578632470001,0.0220665374866,0.00602519180979,0.00717309511118,0.00284801791909
2010-02-03,-0.0054893503911,-0.00499518840701,-0.00490689749625,0.0170595686798,0.00430619488769,-0.00259462691671,-0.00394803810658,-0.011664178709
2010-02-04,-0.0316358561099,-0.0313521082077,-0.0278579744944,-0.0367038056794,-0.0437934057989,-0.0183529269549,-0.0406494599524,0.0157039923315
2010-02-05,0.00289293031049,0.00206416108527,-0.0346070152816,0.0175995068481,-0.0404427135501,-0.0352550889434,0.00296577108609,0.00217624370243
2010-02-08,-0.00890280294114,-0.00724490798503,0.0121350890342,-0.00687907497015,0.0180018947325,0.0187612977454,-0.00613262746981,0.00130388590065
2010-02-09,0.0129558424332,0.0124821851054,0.00152076682099,0.0106068925748,0.0106995776748,-0.00884293637824,0.013082096022,-0.0100397389895
2010-02-10,-0.00223506975617,-0.00196031520329,0.00630491333244,-0.00546877170659,0.00994391588176,0.00957644224206,-0.00275496293905,-0.00958696345702
2010-02-11,0.00963388250066,0.0104114816519,-0.00520110673985,0.0180303715035,-0.00308877888333,0.0151579338357,0.018940438996,-0.00544080204001
2010-02-12,-0.0027483661773,-0.000832898362522,-0.00490033487887,0.00857049620974,-0.0150655129119,0.00192447249686,-0.000840416548886,0.00411173987814
2010-02-16,0.0178406532113,0.0156127793397,0.0192545604477,0.0149589053621,0.014033564821,0.0210376216275,0.023817261263,0.00188230665967
2010-02-17,0.00422900491691,0.00472727646549,0.0151931575158,-0.00418768316811,0.0152383715677,0.00281908535902,-0.00338103300954,-0.0114641763186
2010-02-18,0.00656315752063,0.00587779084478,0.00605381102334,0.00187421356262,0.0114976277007,0.00864207363078,0.00665972438166,-0.00403782933322
2010-02-19,0.0021842349129,0.00207157469695,0.00577596181082,-0.0062282060913,-0.000628218004189,-0.000232677617551,-0.00464801010597,0.00538064189026
2010-02-22,-0.0010464049627,0.000179803786995,-0.00341208903103,-0.00621769313663,0.00664095123837,-0.00735415396217,-0.00366067031074,-0.00414506109222
2010-02-23,-0.0121766447784,-0.01221918282,-0.0133017738673,-0.0169070229908,-0.0135788148179,-0.0164200050503,-0.0108776976461,0.0154837653514
2010-02-24,0.00967351910685,0.00915598489035,0.00232255929355,0.0181042398758,-0.00380463426162,-0.00441700934673,-0.00492449775672,0.00242866737735
2010-02-25,-0.00208320870914,-0.00135465204832,-0.0203664816091,0.00665528029227,-0.024959427017,-0.0328333516278,0.0088097848443,0.00560838450256
2010-02-26,0.00140439271299,0.000632647779057,0.0185131841427,0.0128868659215,0.0363301428624,0.0131416022276,0.0102876080482,0.0051395839094
2010-03-01,0.0101072576918,0.0103307369806,0.0162446010712,0.0211317918613,0.0265295780895,0.00922955028943,0,-0.000438564753098
2010-03-02,0.00232773131014,0.00276720385795,0.0111799903044,-0.00067021739284,0.0167418900193,0.00602628642561,0.0144252628095,-0.00131397260149
2010-03-03,0.000429109102265,0.000890602796186,0.00799542781594,0.00229572392313,0.0156375165713,0.0035981530602,0.00547946591229,-0.00252492150794
2010-03-04,0.0037291563998,0.00302306765979,-0.00367885615927,0.00657094006248,-0.00498688601676,-0.00504071902645,-0.00719229031893,0.00526165848702
2010-03-05,0.0139102823863,0.014192392341,0.0211952147542,0.0383605599097,0.0346271782305,0.0204864291748,-0.000180508933896,-0.0132056331018
2010-03-08,-0.000175611281237,0.000175003541005,-0.00176092143091,0.000593528269628,-0.0123795006524,-0.00354334058169,-0.00842817097476,-0.00522071561826
2010-03-09,0.00171127187326,0.00166137669393,0.00165609036562,0.017824804113,-0.00244755322252,0.00625141407467,-0.00145715874105,0.000222742243639
2010-03-10,0.00451435474804,0.0044455462111,0.00854141119676,0.00812750469178,0.00848322770531,0.00947885681179,-0.0114580289122,-0.00256351454715
2010-03-11,0.00403337441662,0.00416645883986,-0.00370914315369,0.00293091944525,-0.00766653928566,-0.000116857700837,0.00119774281236,0.00367668032817
2010-03-12,-0.000217369570137,8.62421464952e-05,-0.000394597758276,0.00486654520233,0.007550614129,-0.00525527806441,-0.00600325991346,0.00620837917669
2010-03-15,0.000452093030956,0.000259923259354,-0.0093345635637,-0.0122548972385,-0.0084838451121,-0.00823068641639,0.00379089727522,-0.00132747305521
2010-03-16,0.00774901483335,0.00793468769168,0.0122711370739,0.0027213234984,0.0122957779588,0.00623786233094,0.0186511255135,0.00793689723289
2010-03-17,0.00580479533225,0.00590962389575,0.00479685005423,-0.00147146505123,-0.0085679719671,0.0044487857407,-0.00736405898332,0.00427263734098
2010-03-18,-0.00032589922719,-0.000512328960958,-0.00499235755858,0.00236199745293,0.013627538809,-0.00574004978519,0.00682037861708,-0.00328553510589
2010-03-19,-0.00509942676169,-0.00507487988343,-0.00324023855485,-0.0107404440146,-0.0064440768649,-0.00518278561717,-0.0188460160819,0.000986998608649
2010-03-22,0.00508235980463,0.00533216450756,0.000651958660132,0.0111856361405,0.00219125256164,0.00106209462229,-0.00490672652693,0.00109474164476
2010-03-23,0.00714537748291,0.00700856108113,0.0062305621477,0.015934397888,0.00837404482577,0.0024744393042,0.00527608018011,-0.00471671569343
2010-03-24,-0.00550844767963,-0.00486654470378,-0.000693461212184,0.0044134212488,-0.00492460137144,-0.00129531237065,-0.018824495594,-0.0184253248214
2010-03-25,-0.00170562173967,-0.00162719948095,0.0127468574933,-0.0119294122193,0.00458194564218,0.00563992152529,0.00450532013708,-0.00640503593839
2010-03-26,0.000737451172125,-0.000600387937496,-0.00289134145666,0.0185776009787,-0.00354894931732,0.00199020873007,0.016808651686,0.00281479783757
2010-03-29,0.00566714641181,0.00632746233161,0.00293631804811,0.00643237173243,0.00457631254493,-0.00128786432432,0.00147238457579,-0.00383022352459
2010-03-30,4.26586094119e-05,0.000681514541815,-0.00331745025865,0.0147789673149,-0.00813779065861,0.00409012159433,-0.00719824994791,0.00315487161378
2010-03-31,-0.00327824247037,-0.00341271728403,-0.00336621225474,-0.00361075334765,-0.00403641448794,0.00232920023902,0.00903561383418,0.00683924255476
2010-04-01,0.00738645410981,0.00681391815349,0.0150397853194,0.00411911644152,0.0235252901166,0.0152393898162,0.0119521974454,-0.00244759759603
2010-04-06,0.00957960762542,0.0104716020665,0.00487378485072,0.0150158288184,-0.00293875995534,0.0168144070553,0.00695919475912,-0.015179522097
2010-04-07,-0.00589404277107,-0.00572925399816,-0.00667500824351,0.00441563554096,-0.021280297144,-0.0106464896593,0.0130638849658,0.0127034376232
2010-04-08,0.0033686612338,0.00345843762511,-0.012119424984,-0.00270547736863,-0.0178501761104,-0.00731458723133,0.00142137360698,0.000450005540374
2010-04-09,0.00666166854113,0.0065456512731,0.0179554152504,0.00763946694995,0.0396960126446,0.0177356351813,0.00874986355391,0.00236308492532
2010-04-12,0.00176505056348,0.00158801586005,-9.88490361922e-06,0.00206538580863,0.00406508964303,-0.0088281710783,-0.00555922011666,0.00526800573169
2010-04-13,0.000685166575163,0.000751515182159,-0.00458028216131,0.000577467181052,0.0145412361598,-0.0110895970566,-0.00283562435755,0.00323596333176
2010-04-14,0.0110883626143,0.0112856409882,0.00635625042454,0.0133579273318,0.00376879407003,0.000230458702149,0.00301255764337,-0.00704469132872
2010-04-15,0.000842184378328,0.000824704633538,0.00195730915987,0.0130608308615,0.00143683702153,0.00515828661857,0.00547030654101,0.00112215814097
2010-04-16,-0.0162579823654,-0.01604032889,-0.0196273745719,-0.00612514880016,-0.0335890967566,-0.0171828682148,-0.0214335565098,0.00725951555356
2010-04-19,0.00451114103266,0.00376369573754,-0.00406176484237,-0.0013347386807,-0.0092968618584,-0.00256302531193,-0.000809352982712,-0.00245139415653
2010-04-20,0.00802604539094,0.00889042600922,0.0140502721221,-0.0100881010209,0.0165821030661,0.0199746342167,0.00278511476565,0.00356404772777
2010-04-21,-0.00101951681788,-0.00182140501812,-0.0122385392975,0.0580936559299,-0.00648596575033,-0.0132330111306,0.00759711399753,0.0081912018614
2010-04-22,0.00226132102521,0.00297889034138,-0.0134190508084,0.0275846907897,-0.00492066850757,-0.0172921784285,-0.00419364444697,-0.00298004300678
2010-04-23,0.00709826739409,0.00650658936887,0.00676750077854,0.0162297721092,0.02043877487,0.00435075836413,0.0119985975936,-0.00354541869761
2010-04-26,-0.0043057039694,-0.00378375372115,0.0115969702897,-0.00492356977712,0.0156133057616,0.00164186550081,-0.00389486193095,0.00110922826146
2010-04-27,-0.0236596402677,-0.0239340170535,-0.0389720295547,-0.028070999813,-0.0460825069444,-0.0267127624257,0.016536545573,0.0139803268543
2010-04-28,0.00644195803029,0.00756724896122,-0.0150954429073,-0.0016803862546,-0.014237755716,-0.00736646717676,-0.00279548541435,-0.00856409341135
2010-04-29,0.0128601803304,0.0123210962186,0.0140596934441,0.0265554721256,0.0215111514425,0.0189699141262,-0.00026246992927,0.00418173898474
2010-04-30,-0.0167878102362,-0.0171071405687,-0.00617169108254,-0.0285067993443,-0.00103552371525,-0.0257810260719,0.00940611359302,0.0114620853685
2010-05-03,0.0130352579905,0.0128785619263,0.00300047209221,0.0199459715166,0.00505369168889,0.00462686972759,0.00320223557724,-0.00130808833995
2010-05-04,-0.0241271997995,-0.0237957205865,-0.0370285851876,-0.0292197291992,-0.0358076598951,-0.0406599365898,-0.0074588375086,0.01783543461
2010-05-05,-0.00660834225411,-0.00597428676457,-0.0145416031039,-0.0104530174663,-0.00237766359831,-0.00126602129867,0.0019133159512,0.00587583990578
2010-05-06,-0.0328884409105,-0.0337775760576,-0.0222251541864,-0.0387912552248,-0.00417489707517,-0.0198308966912,0.0291141557246,0.0304195743049
2010-05-07,-0.0154266457084,-0.0149864964345,-0.0470736134734,-0.0431090015851,-0.0508783442235,0,-0.00185843105225,-0.0125799091852
2010-05-10,0.0430347036359,0.0430984743049,0.0922079652967,0.0740565445806,0.0960988204549,0.0389026101265,-0.00593622001769,-0.0209338128125
2010-05-11,-0.00340307556835,-0.00284535421153,-0.00730835507016,0.00991195126117,0.00796566779229,-0.00735954039697,0.025942805284,-0.00256698643043
2010-05-12,0.0136459925026,0.0138893765808,0.010951982988,0.0214811081059,0.0327787149595,0.00374885296756,0.00611418893624,-0.00763421367504
2010-05-13,-0.0122195002869,-0.0125090424451,-0.0006242331036,-0.0143340052913,0.0052513952357,0.000373989242521,-0.00694335737087,0.00656189629186
2010-05-14,-0.0189789807824,-0.0182707694131,-0.0469593341331,-0.0177283802073,-0.0399589830272,-0.0426679429899,-0.00157718041419,0.0172224096602
2010-05-17,0.00110875300916,0.000526561860711,-0.00473263006049,0.00157483010994,-0.0110761268831,0.00220975282018,-0.00842621248133,-0.00369622603046
2010-05-18,-0.0142976312743,-0.0136955168044,0.0206043756243,-0.00734366824649,0.0204575405374,0.0203066872229,0.00108852429039,0.0152236109417
2010-05-19,-0.00514346885922,-0.00571010770591,-0.0296417533709,-0.0160583054389,-0.0311933911174,-0.0244701928014,-0.0242261641433,0.00332747138079
2010-05-20,-0.0397557958242,-0.0384908694041,-0.0227969944662,-0.0435363415317,-0.0172350034906,-0.0166966183991,-0.00679661087357,0.0208610842359
2010-05-21,0.0149126320445,0.0144938797577,-0.000518712692603,0.018996997022,0.00394833703192,-0.00305383828683,-0.00536654112373,0.00101656498832
2010-05-24,-0.0129920463358,-0.0129147658556,5.53631993983e-05,0.0181566653879,-0.0106846314006,-0.00159695607273,0.0139620903014,-0.00346078822002
2010-05-25,0.000353874873899,0.0010212554386,-0.0294717135616,-0.00626059983836,-0.0196239376239,-0.013138486204,0.00444069907083,0.00488216047118
2010-05-26,-0.00567707857818,-0.00604724147427,0.0229391137942,-0.00453632090004,0.0343605900094,0.0146028552203,0.00941363005211,-0.00284489858083
2010-05-27,0.0323473122979,0.0329499302737,0.03366965053,0.037152994919,0.0326442305327,0.0496316695735,0.00185529651141,-0.0229492319889
2010-05-28,-0.0124518928786,-0.0126295457888,-0.00291178079284,0.0138371200324,-0.0109960985208,-0.00457813759165,0.00159948681488,0.00457083264667
2010-06-01,-0.0173143531013,-0.0169664834854,-0.00341400781465,0.0152596726992,0.00926791646977,-0.00473109588035,0.00862693901578,0.00700370084683
2010-06-02,0.0255144281567,0.0257057916869,-0.00045115567506,0.0118912141027,0.0075819040641,-0.00237366603697,-0.00108477626202,-0.00954505819833
2010-06-03,0.00404319182716,0.00343844168916,0.0158216511905,-0.00314961689457,0.0193805397566,0.0303025871888,-0.0153111430181,-0.00732323288793
2010-06-04,-0.0350174419302,-0.0357687620829,-0.029014070988,-0.0275888948652,-0.0206403919189,-0.0218871987455,0.0103732998049,0.0265268467753
2010-06-07,-0.0136244659932,-0.0125290598636,-0.0121964310337,-0.0198074002406,-0.0060913495426,-0.00577826966062,0.0191130631298,0.00763990852122
2010-06-08,0.0109162673609,0.0106548490969,-0.00982035292985,-0.00643661258442,0.00184281427428,-0.00806592241351,-0.00404139280765,-0.00498466392839
2010-06-09,-0.00595939712671,-0.00536075305655,0.0194553220705,-0.0248934408686,0.0372716329068,0.0118776409295,-0.00364300786775,-0.00112213787032
2010-06-10,0.0290798462163,0.0288127925934,0.0200683914371,0.0296149120528,0.0123400856236,0.00405909677892,-0.0132761688351,-0.0180302125614
2010-06-11,0.0043701159566,0.00484387510686,0.0109953731785,0.0119047090231,0.0064404144628,0.0113040201724,0.00870372041471,0.0126038132392
2010-06-14,-0.00180629420353,-0.00155117900746,0.0196398234284,0.0030328283105,0.00184764115711,0.022736918845,-0.0034222645145,-0.00514605033074
2010-06-15,0.0232224500706,0.0224828785816,0.00973447890055,0.0210521847418,-0.00719367192951,0.007047686266,0.011555056229,-0.00413548441206
2010-06-16,-0.000556089249192,-0.00035694397589,0.00393051000848,0.0286962157919,0.00762771670783,0.0120907136691,-0.00546989595206,0.00568200604432
2010-06-17,0.0012821860718,0.00160588213936,0.00194323645172,0.0171391517358,0.012192032483,0.00247529684419,0.0129630678231,0.00810628054205
2010-06-18,0.00131626440419,0.00108397234603,0.00112068410073,0.00805939375598,0.00150077384329,-0.00669620583924,0.00760024893955,-0.00163617595634
2010-06-21,-0.00386429830753,-0.00286783185513,0.0131855792949,-0.0143314740688,0.0335869109989,0.0133478081595,-0.0200648371931,-0.00287057588722
2010-06-22,-0.0162012245617,-0.0166537722223,-0.00828600008237,0.0135286955187,-0.0133416196168,-0.0162137073038,0.00876616610606,0.011837822199
2010-06-23,-0.0029899396892,-0.00310819105076,-0.017294313415,-0.010571937038,-0.010760716366,-0.0208042060333,-0.00412541849426,0.00677410911435
2010-06-24,-0.0169462835261,-0.016709076633,-0.0240189756796,-0.00729698299936,-0.0240458807681,-0.02085543163,0.00288962842968,-0.00596293286144
2010-06-25,0.00285528252758,0.00418028334974,-0.010072077606,-0.00858755490509,-0.0136741331981,-0.0145455743257,0.0119644053614,0.00404591095971
2010-06-28,-0.00203601009732,-0.00315687029613,0.0159863981793,0.00598165172702,0.0269492575761,0.00657847854211,-0.0136972083105,0.00934604200675
2010-06-29,-0.0315082302983,-0.0313618601706,-0.0409390759654,-0.0462642386653,-0.0441688736561,-0.0365907948327,0.00148540219752,0.010843191963
2010-06-30,-0.0101644536876,-0.00954560523637,0.00287960523144,-0.0182789264474,0.00636699382152,0.00556086751284,0.00337520802052,0.00670499672723
2010-07-01,-0.00324571348395,-0.00446615140954,-0.0303703668072,-0.0122002581142,-0.0526952522409,-0.0297914099723,-0.0388788826951,0.0015767463994
2010-07-02,-0.0046732717281,-0.00546467438863,0.00253285812452,-0.00621685558083,-0.00329144306882,0.00860280953,0.0123127866936,-0.00800494498231
2010-07-06,0.00534472637048,0.00653447274585,0.0221488609736,0.00682082194979,0.0324397760001,0.0123575495691,-0.0168514285518,0.00820231569059
2010-07-07,0.0308500230552,0.0310103398311,0.0173977381696,0.0395867800677,-0.00583037638618,0.0154370696011,0.0104167691744,-0.0117796315631
2010-07-08,0.00936865450955,0.009846561543,0.0156119602857,-0.00224481072583,0.0211031187962,0.022060815157,-0.00442670336875,-0.00639217463141
2010-07-09,0.00717806382461,0.00743786680115,0.00457651944264,0.00591108384807,0.00927548373462,0.00668044986697,0.00976364677742,-0.00572978374775
2010-07-12,0.000732633547973,0.000648253273376,0.00370111995694,-0.00901537089199,-0.00580107014181,0.00273873465848,-0.00865516657207,-0.00040275287495
2010-07-13,0.0152618228996,0.0149757105497,0.019458216324,-0.0215688811561,0.0236607262989,0.0181926806009,0.00865516657207,-0.00860691158951
2010-07-14,-0.000155143778906,-9.12991123061e-05,-0.0013148677288,0.0036866098263,-0.00240687962966,-0.00217526680739,-0.000507039637212,0.0100171729729
2010-07-15,0.00119538807897,0.000273581716071,-0.0141821725222,-0.00507738674419,-0.00384100360024,-0.00655689422776,-0.000591891094305,0.00991823779094
2010-07-16,-0.0292429091632,-0.0279209824999,-0.0230624135099,-0.00618320037846,-0.0162944760161,-0.0187486978124,-0.0132824855559,0.00487361373559
2010-07-19,0.00596406947786,0.00588912026119,-0.0039590272322,-0.017438265048,-0.0132752880992,-0.00725411238166,-0.00808950191101,-0.00616946536626
2010-07-20,0.0113518737364,0.0110306092236,-0.00526579768098,0.025369357279,0.0063220173222,-0.00105967340697,0.00791809783035,0.00149631782315
2010-07-21,-0.0129026989817,-0.0130830823202,0.00744046105009,0.00928705945072,0.013414070674,-0.00718177482006,-0.00688178199806,0.0168013730278
2010-07-22,0.0222636877044,0.0220768387394,0.0300678924165,0.0186261758134,0.0348078837222,0.0153645543299,0.00868041206886,-0.0116323358995
2010-07-23,0.00818641997138,0.0086412410774,0.00179809219706,0.00354570274751,0.00907413855418,0.00262533722253,-0.00661092778962,-0.0106673013182
2010-07-26,0.0111379090899,0.0103616679635,0.00804338399449,-0.00254274565615,0.00983443153751,0.00418604340297,-0.00492206871893,-0.00170429923691
2010-07-27,-0.0010499083564,-8.96488786193e-05,0.00827656614411,0.018343757938,-0.0295816540925,0.00247741283949,-0.0175526927881,-0.00968489745062
2010-07-28,-0.00694603269366,-0.00647529713403,0.00107955156766,-0.0118851992057,0.00421823084041,0.00415909175252,0.00237579414677,0.00323868919669
2010-07-29,-0.00416729259597,-0.00488447257412,-0.00503948474981,-0.010980844809,-0.00649701049508,-0.00533178571413,0.00447233612557,-0.000302901294307
2010-07-30,6.34978415842e-05,-0.000180925087698,-0.00240437651816,-0.00333756866829,0.016911994932,0.00934340145755,0.0104448421503,0.0154453893931
2010-08-02,0.021783528093,0.0223295005247,0.0294511167935,0.0177235340872,0.0178903292224,0.0305290537181,0.000432870198651,-0.0141380494092
2010-08-03,-0.00480789427329,-0.00480040890492,-0.00120541247165,0.000305628663556,-0.00473245395508,-0.000501541597679,0.00388716424279,0.00575535153998
2010-08-04,0.00603287779633,0.00666087873937,0.00351879861534,0.00400080279537,0.00326280470218,0.00898487455507,0.00627394953112,-0.00768171449958
2010-08-05,-0.00126932927444,-0.00106272360026,0.000922262269325,-0.0048797690304,0.0139822422509,0.00730229003773,0.00222509287825,0.00465659557169
2010-08-06,-0.00371091561381,-0.00408452650371,-0.0128713936144,-0.00617127776719,-0.0091602412045,-0.013282825196,0.00732473254975,0.0108480598863
2010-08-09,0.00546808673855,0.00532455677289,0.0163667418759,0.00636225650699,0.018339390865,0.0197974097021,-0.00374081378027,-0.00370302222354
2010-08-10,-0.00598528118613,-0.00541344902224,-0.012464292797,-0.00897983227889,-0.011565520534,-0.017052321002,0.00280696814237,0.00210304455976
2010-08-11,-0.0285834060878,-0.0277894311543,-0.0278022647992,-0.0361888203404,-0.0327275213807,-0.0267755754634,-0.0033182231634,0.0133193763535
2010-08-12,-0.005393266997,-0.00614925060962,-0.0019918926031,0.00637458832493,-0.00268666716765,0.000256065712521,0.0121131551185,-0.00247187962488
2010-08-13,-0.00403169038775,-0.00294987973077,-0.00280978728164,-0.0107413981339,0.00761138162763,-0.00102498224729,-0.000252612528239,0.012395139851
2010-08-16,0.000120451397281,-0.000461522905337,-0.00369281005558,-0.00587833699394,-0.000855048685108,-0.00603945107031,0.00830302078612,0.0247191101668
2010-08-17,0.0121184894356,0.0122103874986,0.0180509575478,0.0173341310451,0.0117943457096,0.014331970503,0.000167003505896,-0.00573925844825
2010-08-18,0.00148168037892,0.00182295449815,-0.00415807647173,0.00435628365083,0.00442688451657,-0.00880459001862,0.00391716963807,0.00268229018082
2010-08-19,-0.0170804355837,-0.0175494899461,-0.0209222533957,-0.012685363601,-0.0157937160897,-0.0242601228371,0.0014130587115,0.0154729764783
2010-08-20,-0.00366975441094,-0.00324986056982,-0.0130394619191,-0.000960746867456,-0.0143112515811,-0.00804286185985,-0.00349474477834,-0.00113094825819
2010-08-23,-0.00404849074485,-0.00382011595186,0.00765889386665,-0.0155018176693,0.00831056935135,0.00672891432895,-0.00158500137458,0.000188737913471
2010-08-24,-0.014618768144,-0.0149544952673,-0.0176372754708,-0.0241709062612,-0.0142889508483,-0.0165734620885,0.00483054158258,0.0159018023028
2010-08-25,0.00328394475123,0.00387774975544,-0.0117904829818,0.0122615174843,-0.015714067298,-0.0114286723794,0.00827408320997,-0.00325325834187
2010-08-26,-0.00771446624558,-0.00672478878778,0.00717383552817,-0.01080415178,0.0186532497745,0.000540795861716,-0.0033014391162,0.00935961179792
2010-08-27,0.0164507102886,0.0153714211361,0.00928328940752,0.00556134805748,-0.00348477553584,0.00189027990024,0.000413299173494,-0.0287251518403
2010-08-30,-0.0148286112297,-0.0146112975956,-0.00584177147393,0.00363567702621,-0.000763799789243,-0.00853516353205,-0.000826703068908,0.0189926705245
2010-08-31,0.000390717984239,0,0.00108344445046,0.00247078863369,0.00185400746411,0.00326041169623,0.00963008365023,0.011022215008
2010-09-01,0.029077736381,0.0294731583956,0.037406178577,0.029307625039,0.0429772083623,0.0339966022979,-0.00319974013493,-0.0208931076153
2010-09-02,0.00903985342443,0.00926914930784,0.0020922299922,0.00732331917163,0.00696991579538,0.00091662561751,0.00491843759465,-0.0106223825599
2010-09-03,0.0131323936255,0.0128878954159,0.0111644327909,0.0258363573079,0.0188933228361,0.0158513234462,-0.00352242835208,-0.0124724834282
2010-09-07,-0.0115374914604,-0.0113362725221,-0.0077610704372,-0.00371685372034,-0.0128994829962,-0.0127131684204,0.0068694742405,0.0202605432927
2010-09-08,0.00641805921969,0.00699853673807,0.0091244481331,0.0196263853595,0.0140177284298,0.00922655516774,8.15125721737e-05,-0.00797903681951
2010-09-09,0.00482065242743,0.00460807909742,0.0121471301343,0.000570296783351,-0.00142338332065,0.0111905401413,-0.00941588824335,-0.0199381693114
2010-09-10,0.00485154493381,0.0050361488753,0.000985548092126,0.00129245144405,0.0061875523649,-0.00217701451686,0.0013975504704,-0.00458262370549
2010-09-13,0.0110691260792,0.0110619472412,0.011031741303,0.0136862050394,0.01026155093,0.00893300719497,-0.000904047707251,0.00487373889894
2010-09-14,-0.000713373191198,-0.000621178354164,0.00192268231911,0.00381239854678,0.0138168545146,0.00177722015989,0.0195413643731,0.00958364441609
2010-09-15,0.003534883176,0.00380972736447,-0.0049827220903,0.00802563104482,-0.00148166185216,-0.0163667441714,-0.000645225061283,-0.0149461997359
2010-09-16,-0.000364409958689,-0.000265718985349,-0.0051628515734,0.0232279774268,-0.000494917487563,-0.00374519099443,0.00555173009623,-0.0099251122898
2010-09-17,0.000826514434342,0.000373778908011,-0.00382929300901,-0.00434872181989,-0.0024755203559,-0.0205249431519,-0.00072236629318,0.00404181991879
2010-09-20,0.0150952877846,0.0151743778977,0.0175742808416,0.0281433221286,0.0336370156298,0.0273594786809,0.00264626267818,0.00578530162079
2010-09-21,-0.00256731343588,-0.00201559138297,-0.000953489923409,0.00190509291845,0.00621253416385,-0.00851822599261,0.00908806460132,0.0137910249368
2010-09-22,-0.00483717279571,-0.0049253394169,-0.0131261094574,0.0139280743785,-0.0231333628878,-0.0191054710983,0.00150664158196,0.00893031151417
2010-09-23,-0.00836623996473,-0.00814457447821,-0.00656490606982,0.00405740705403,-0.00439791228331,-0.00198369814762,0.000792126774093,0.00286278246509
2010-09-24,0.020972915644,0.0204124348786,0.0191835614454,0.0116994064258,0.0355978817562,0.00712310610286,0.00308312029111,-0.013531178171
2010-09-27,-0.00568355338687,-0.00480145735943,-0.00432398250845,-0.00397635890227,-0.0161989172342,-0.00105208118748,0.000236762557002,0.0172418835486
2010-09-28,0.00483866074342,0.00349426623872,-0.00101210314396,-0.0148782600004,0.0227932061182,0,0.00887775013633,0.00681426467215
2010-09-29,-0.00259111314287,-0.00174551455828,-0.00672849560364,0.00177595337043,0.00281298440862,-0.00131667669089,0.000781853065275,-0.00415851845048
2010-09-30,-0.00308848644758,-0.00297480879975,-0.00588818170117,-0.0126770352151,0.00746307044955,-0.00382828964423,-0.000312616275849,-0.000663414859885
2010-10-01,0.00440671430603,0.00419668453258,-0.00623439370374,-0.00434400721415,-0.0230329017451,0.00711680327958,0.00778759460112,-0.00484355768938
2010-10-04,-0.00806738657635,-0.00753162034925,-0.0115175895994,-0.0138281958983,0.00616255800303,-0.0144174051335,-0.0034968911631,0.00257688013389
2010-10-05,0.0206467227683,0.0199319179939,0.022250380279,0.0362987374994,0.0196542194903,0.0208307900662,0.0195033962591,-0.00602467087061
2010-10-06,-0.000672230203662,-8.6605308486e-05,0.00879842532071,0.000863884774099,0.017000265963,0.00948031333367,0.00624045397061,0.0124870357684
2010-10-07,-0.00164787548692,-0.0012068333648,0.00147572122318,0.00010404607447,0.00227528455237,-0.00453385491073,-0.0109849532287,-0.00837146143643
2010-10-08,0.00610361246511,0.00559296007033,-0.0019353278608,0.0166301082917,-0.0027309410633,-0.00129955890841,0.00984634909871,-0.00440382983492
2010-10-11,0.000145826380506,0.000943516632385,0.00141006149627,0.00437627679301,0.00636087910085,-0.001430415409,0.00477355713922,0.000192725996874
2010-10-12,0.00381148431292,0.00308136856992,-0.00522256576163,0.0107095868486,-0.00590522258993,-0.0107332019727,-0.00249753015348,-0.00993042356667
2010-10-13,0.00709578551231,0.00774700736922,0.0209794895528,0.00534528376168,0.00997288369389,0.0235398215193,0.0158632044182,-0.00155173304212
2010-10-14,-0.00364803218977,-0.00390847442605,-0.00239821075961,0.00720407074649,0.00539791301035,0.00012804479376,0.00505910596411,-0.0150566713896
2010-10-15,0.00202543218179,0.00204104787565,0.00214481271313,0.0402940549161,0.00403007266884,0.00729877010971,-0.00797237786582,-0.0122907765008
2010-10-18,0.00721763508886,0.00491557008088,0.00186113440953,0.0103043328288,-0.0035813742778,0.00863819776859,0.00447833274143,0.00804478163604
2010-10-19,-0.016004644437,-0.0131909737811,-0.0071529377234,-0.0271257127377,-0.0240537726405,-0.0169651222841,-0.0315469104635,0.006017128817
2010-10-20,0.0104690830152,0.00971888782671,0.00549552167677,0.00335494747826,0.000459413485051,0.00449246789903,0.00925689173711,0.00216122004098
2010-10-21,0.00177233710496,0.00220324735478,0.0130075508949,-0.00325772565655,0.0479588932051,0.00242992507096,-0.0141879441439,-0.0119445942575
2010-10-22,0.00238640853949,0.00186036737521,-0.0025119981108,-0.00664521531717,-0.00834994271072,0.000894552150395,0.0020061349553,0.00673054206427
2010-10-25,0.00214467009427,0.00295286294315,0.000377322081417,0.00444580002909,0.0235512367833,-0.00306847566532,0.00859633808053,0.00285693786039
2010-10-26,1.68855375758e-05,0.000168706583007,-0.00449071106026,-0.00256160364217,-0.0319713917948,0.00191873791573,0.000229236227185,-0.0155639652095
2010-10-27,-0.00269421008109,-0.00286790600775,-0.00962131150714,-0.000714194930867,-0.0035667260934,-0.0135093904472,-0.0104455708047,-0.00882980804119
2010-10-28,0.00112421713133,0.000168738545871,0.00498525143121,-0.00844933595633,0.0035667260934,0.0118469140613,0.0131924059384,0.00271814207534
2010-10-29,-0.000439383364707,0.000759796336015,-0.000349511888691,-0.0140545315838,0.00222268849956,-0.000384482048985,0.010460112048,0.00930402186363
2010-11-01,0.000946085618122,0.000337625882632,0.00198319116884,0.0105757237373,0.00663892383599,0.00523673952161,-0.00529219514838,-0.00431468526163
2010-11-02,0.00772933572357,0.00789922500233,0.00638652919535,0.0168855966231,0.011839710872,0.0151707533262,0.00431154552809,0.0130574899686
2010-11-03,0.00367130673804,0.00400980963249,-0.0059102610755,0.0110588871248,0.0112700685873,-0.00692478270084,-0.00696812603737,-0.0206113831197
2010-11-04,0.0190993046902,0.0190750015428,0.0190322117722,0.0173363132402,0.0272123471484,0.0260633886628,0.0333363597127,0.00775415911444
2010-11-05,0.00391507905868,0.00375531341476,-1.27781798819e-05,-0.00358829583342,-0.000839146573801,-0.000862167249401,0.00256970146075,-0.0173022430961
2010-11-08,-0.00212321016064,-0.00187593705099,-0.000773911312133,0.00468734760777,-0.00294295399297,-0.00320838336087,0.0102130591523,0.00448168797137
2010-11-09,-0.0080848948819,-0.00721029364095,0.00814569728599,-0.00800419620379,-0.00888154524691,0.0164258760365,-0.0160226059336,-0.0222954016175
2010-11-10,0.00436653397225,0.00402119598858,-0.0146182948316,0.00615008030165,-0.00767586271424,-0.00916051619748,0.0120956574493,0.00134929585283
2010-11-11,-0.00425114999364,-0.00377433160917,-0.00544106473145,-0.00434809816264,0.00894958353729,0.00208394989516,0.00305565160454,-0.000518817558094
2010-11-12,-0.0118787661411,-0.0119090373797,-0.00941232412705,-0.0276002017024,-0.0149608715467,-0.00568404233697,-0.0292632040723,-0.00541230554803
2010-11-15,-0.00121817736157,-0.00141505451002,0.00860780445326,-0.00321843756906,0.00643917071891,0.00757162823831,-0.00954502756177,-0.0210959337003
2010-11-16,-0.0163381572622,-0.0157022938294,-0.0266893747212,-0.0179101544871,-0.0159590129957,-0.0337541002434,-0.0110103774166,0.0245341887182
2010-11-17,0.000212140375956,0.000507575259353,0.00791025663941,-0.00362044744923,0.00130368881009,0.00376369338801,-0.00451499513082,-0.0055279719202
2010-11-18,0.0152405830517,0.0146112955418,0.0197439085643,0.0260465713293,0.0244489528492,0.0109522074943,0.0130301763076,0.00406998465605
2010-11-19,0.00253715186068,0.00274682322245,-0.00202120351937,-0.00552666589806,0.0117944310547,-0.00591199975465,0.000832426571308,0.00612735946401
2010-11-22,-0.00157660834434,-0.000831360028782,-0.0107488341396,0.0213847167675,0.00334473213899,-0.0102359819392,0.00963571919144,0.00423589690127
2010-11-23,-0.0143870321376,-0.0145832192806,-0.0250486623908,-0.0148854100384,-0.0253606745668,-0.0164115850303,0.00694323592661,0.00493695491179
2010-11-24,0.0148127162611,0.0146662336253,0.00620721794985,0.0194700392344,0.0182400176591,0.00409564509569,-0.00171272987673,-0.0180117589138
2010-11-26,-0.00749659211789,-0.0117154371975,-0.00507212045202,0.000635448726471,0.00753764554606,-0.00502235058086,-0.0080062683945,0.0137964582223
2010-11-29,-0.00137980971978,0.00302585371785,-0.0248980544195,0.00591884959,-0.0177818451263,-0.0169713510259,0.00300048238011,0.00851413285597
2010-11-30,-0.0060887156619,-0.00563898830307,-0.0073185249132,-0.0182166909249,-0.00171019017825,0.00577834401649,0.014204701337,0.00519600886617
2010-12-01,0.0213866218779,0.0210451137944,0.0161685612563,0.0167325985517,0.0140219698881,0.00814067707004,-0.000295369275094,-0.0224790665951
2010-12-02,0.0127371001573,0.0127273006994,0.0209680118807,0.00551553790604,0.0307458768776,0.010970845745,-0.00133053459402,-0.00261185158811
2010-12-03,0.00259985431042,0.00268861944193,0.000936303589614,-0.00223468928795,-0.00409977986625,0.000656995139241,0.0210057122075,-0.00787274463905
2010-12-06,-0.00129908225014,-0.00105805751602,-0.00035202872845,0.00850132828005,-0.00205642712329,0.00980489378996,0.00750414063305,0.0140228020675
2010-12-07,0.000514947680268,0.000569861554452,0.0162099338933,-0.00607791706038,0.0215851551447,0.0148493456237,-0.018940379635,-0.0216394804831
2010-12-08,0.00369492551092,0.00365682544733,0.00562122154504,0.00876052705055,-0.0170666621242,0.00281572665289,-0.0126066548075,-0.00971006119162
2010-12-09,0.00383538380871,0.00388629703116,0.00678025151414,-0.00390176622122,-0.0107131694494,0.00763898926303,0.00429377344435,0.00492067647433
2010-12-10,0.00598370341055,0.00580070498564,-0.000181442566447,0.00249899199232,0.00660640034331,-0.0044489141936,0.000295509272759,-0.0061009714348
2010-12-13,4.83195346565e-05,0.000642427058264,0.00905575057467,0.00345663733587,0.0138946288678,0.0131628679881,0.00471524474532,0.00375066166121
2010-12-14,0.000910541779019,0.000882889036995,0.00267601471825,-0.00429899684988,0.00445428910783,0.00814031540625,0.000955001372292,-0.0146524969306
2010-12-15,-0.00513561753954,-0.00458222198318,-0.00582810360673,0.000218457647093,-0.0183489179756,-0.0042493760248,-0.0109274275077,-0.013109106841
2010-12-16,0.00616604598947,0.0057843698674,0.00210339611942,0.00277410872464,0.0167315695473,-0.000375975463654,-0.00662919277427,0.00690330971777
2010-12-17,0.000836454409727,0.00107077889578,-0.00541795911377,-0.00199387506252,-0.00283694067955,-0.00338891241626,0.00291033381256,0.0180728556607
2010-12-20,0.00254511156114,0.00241046069794,0.00457405239638,0.00497761645875,0.001622103705,0.00464089288301,0.00675806669036,-0.00107291408139
2010-12-21,0.00601199422367,0.00632024329182,0.0108569467443,0.00615739548057,0.016476150772,0.01478189617,0.0015531267685,0.00695420681913
2010-12-22,0.00337385743825,0.00310591103329,-0.0019828809251,0.00295652816397,0.017776437229,-0.000986879138196,-0.00199729318912,-0.00716845861475
2010-12-23,-0.00164568154737,-0.00143248632314,-0.00214273120623,-0.00480907816345,-0.00274446016922,-0.000123382632031,-0.00289198963104,-0.00204239509717
2010-12-27,0.000612509202131,0.000398337798844,-0.012640565491,0.00333175225034,-0.0134390293644,-0.0126709301629,0.00266983241739,0.00889149367092
2010-12-28,0.000771026831074,0.00143126871716,-0.000898850076785,0.00243014735031,-0.0079903435617,0.000999333387385,0.0161625393113,-0.0197789066055
2010-12-29,0.00100863608878,0.000715352180872,0.00824069884843,-0.000553226824566,0.00639739586628,0.0125355044224,0.00356459102018,0.01677800628
2010-12-30,-0.0015093573676,-0.00158957608679,-0.010305679586,-0.00502323227248,-0.0168816216913,-0.0104142607245,-0.00495020291005,-0.000751810968006
2011-01-03,0.0110604863098,0.0105228873919,0.0129265350639,0.0180953004915,0.00807439151383,0.0116466428078,0.00705381249677,0.00343175680298
2011-01-04,-0.00131392469581,-0.000550984534837,0.00388132384624,0.00520509035104,-0.0227742653631,0.0132163640002,-0.0238324753681,0.00117703332296
2011-01-05,0.00499467652786,0.0051842797262,-0.00292045917424,0.00814715907966,-0.0145020602107,0.00388256224041,-0.00282405811248,-0.0222741256028
2011-01-06,-0.00212521436383,-0.00196025232468,-4.87089944157e-05,-0.00080895037148,0.0173772009527,0.00627725570356,-0.00402679892402,0.00436392439397
2011-01-07,-0.00184648609413,-0.00196496036482,-0.00999746911223,0.00713575560363,-0.0211406627047,-0.0079743931762,-0.00186978848282,0.00532042643102
2011-01-10,-0.00137727518082,-0.00125906703669,-0.0165766133954,0.0186576253331,-0.00335703585559,-0.0129411463359,0.00403432004819,0.00539987174276
2011-01-11,0.00371820589061,0.00353777719551,0.0156293066924,-0.00236822792488,0.019151354407,0.00856496820146,0.00587303478214,-0.00561664394246
2011-01-12,0.00896725421525,0.00898411370533,0.0213022664179,0.0081045089213,-0.00165071197234,0.0169128345471,0.00406852636241,-0.00782843846041
2011-01-13,-0.00171221110649,-0.00163460906595,0.00751528416279,0.00365134520976,-0.0183416624072,0.00620908418294,-0.0104635584009,0.00891055886459
2011-01-14,0.0073574099835,0.00721880622997,0.00212360825924,0.00806744899269,-0.0178273147718,0.00947902377779,-0.0101972914406,-0.0064032599119
2011-01-18,0.00137546480938,0.00170004658971,0.0073537225379,-0.0227250485874,0.0131887849494,0.00235595730322,0.00556134767129,-0.0046930911999
2011-01-19,-0.0101671661127,-0.00985379708308,-0.00900449584295,-0.00532749439008,-0.0335227912813,-0.00708394488375,0.00217112573785,0.00719451062091
2011-01-20,-0.00129579826343,-0.00132682502302,-0.00298931109565,-0.0183473187185,-0.014084774293,-0.00606110939502,-0.0190252153861,-0.0138897889888
2011-01-21,0.00241063774383,0.00226176928642,0.0131818374264,-0.0180771877581,-0.00444246497363,0.0137333953232,-0.00129655665948,0.00789816911525
2011-01-24,0.00581931505116,0.00567058078892,0.00391521448036,0.0323133817256,0.00886546050585,0.00889600264928,-0.00512643534423,0.000436375122243
2011-01-25,0.000263427858291,0.000542081406773,-0.00337517537796,0.0116374584309,0.0205292333158,-0.00666468771552,-0.0019964300036,0.00945708524222
2011-01-26,0.00421202401498,0.00386349077124,0.0072998420069,0.00715142744347,0.00474456496534,0.00887683756286,0.00811455083672,-0.0152619404992
2011-01-27,0.00224179092233,0.00246439855875,0.00258983151126,-0.00186377361818,-0.0116859522044,0.00498752978565,-0.0249347431446,0.00449461004151
2011-01-28,-0.0180138052353,-0.017616609037,-0.0142028634501,-0.0209333318108,-0.00918450533356,-0.0208099121146,0.0182027334033,0.00523486972154
2011-01-31,0.00763334970098,0.00748786230363,0.000794206697989,0.0095348780801,0.00219461008805,0.00917177628273,-0.0031520611103,-0.00764434433973
2011-02-01,0.0165557920664,0.0158820946172,0.0166181390454,0.0166876569631,0.0191058208041,0.0314563822833,0.00713555033692,-0.00496293824662
2011-02-02,-0.00272623062444,-0.00191426151153,-0.00149649263801,-0.00205963666055,-0.000429973354215,-0.00181661728136,-0.00267947337346,0.000220104302996
2011-02-03,0.00235143283457,0.00222027472682,-0.00738976513141,-0.00255947339056,0.0060060681142,-0.0102798901803,0.0133259161393,-0.00832324193442
2011-02-04,0.00288011065658,0.00282482649337,0.00262744725133,0.00887064018857,-0.0246819155641,-0.000689041228928,-0.00409303230368,-0.0101947258239
2011-02-07,0.00622078256565,0.00623310264316,0.0107128167275,0.0154076911331,0.0203953288655,0.00149228524763,0.000151811348569,0.00516587948331
2011-02-08,0.00417602002731,0.00453620497772,0.00426145826073,0.0093907073757,0.0271204489803,0.00103195703076,0.0110265148921,-0.00922828543188
2011-02-09,-0.00278965277085,-0.00226590788788,-0.00427613984872,0.00829837963046,-0.01304456841,-0.0145444698249,-0.000525840502124,0.00866824231591
2011-02-10,0.000749212030126,0.000378473172674,0.00107499828647,-0.0101582763126,0.00675393959731,0.010985206126,-0.00165464079,-0.0116114958568
2011-02-11,0.00549226127901,0.00595275064007,0.00150557063159,0.0064939513832,0.00461703399027,-0.000690003037182,-0.0039974331921,0.0142980019722
2011-02-14,0.00238208473863,0.00240093423993,-0.0011441772279,0.00650809030256,0.000836978003534,-0.00322775128435,0.00474981094672,0.000670748801144
2011-02-15,-0.00324015429813,-0.00315277792979,0.0033434401644,0.00200275181362,-0.0122079515911,0.00368786307364,0.0076428066291,0.00445769242412
2011-02-16,0.00623793830605,0.00629520527217,0.00990613405609,0.00893439578097,-0.00978929387176,-0.00126600223778,0.000969933277109,-0.00323021006528
2011-02-17,0.00307097131234,0.00298435339716,0.000252973848052,-0.0133898551027,0.00469376599144,0.0020708166606,0.00698514398079,0.00156105748978
2011-02-18,0.00192287268089,0.00208332406381,0.0011625506935,-0.0218387894612,-0.0102698607514,0.00241113104897,0.0027362635235,-0.00312408475696
2011-02-22,-0.0207422054038,-0.0202735471992,-0.0260438202911,-0.0346825655166,-0.0108108852927,-0.0143205306961,0.0064776745437,0.0148630262369
2011-02-23,-0.00613071501838,-0.00616306723525,-0.00921452769301,0.011772503355,-0.0131294320563,0.000349270346184,0.00891168829551,0.00362610023965
2011-02-24,-0.000994871327514,-0.000688099352331,-0.000867587766295,0.000758716348485,-0.0204720659711,0.0151170111955,-0.00751855093882,0.00634237932155
2011-02-25,0.0104952479371,0.0106364704656,0.0150348974037,0.0152815296461,0.0266208336018,0.00285960678358,0.00657279074609,0.00586896167067
2011-02-28,0.00554568008613,0.00617731572949,0.00977187443022,0.0144008605681,0.000437584647126,0.0142872990465,0.00203606084618,0.0013002117788
2011-03-01,-0.0158648620566,-0.0168137861951,-0.0105657225033,-0.0111036147649,0.00914867109188,-0.0215086021475,0.017069772199,0.00289440260152
2011-03-02,0.0016138976209,0.00213686689142,-0.00810470539966,0.00801271847668,-0.0188232792624,-0.00241827993376,-0.000785861809895,-0.0154924443422
2011-03-03,0.0170724351128,0.0170776656501,0.00653237170364,0.0209089728014,-0.00176909288277,0.0110088463141,-0.0131651988858,-0.00983426025309
2011-03-04,-0.00740539032583,-0.00752078366346,-0.0100360203047,0.00122322628297,-0.012472112841,0.00273358944972,0.00908317945436,0.00829306549004
2011-03-07,-0.00837621485341,-0.00788156184805,-0.00744016990951,-0.0129727913147,0.012472112841,-0.00593198638892,0.0026516301108,-0.00640635001543
2011-03-08,0.00888316122204,0.00871156578978,0.0063699894049,0.00112518772442,0.0118814605893,-0.00114496650206,-0.00257990681595,-0.00611456763977
2011-03-09,-0.00136263081918,-0.00143377657437,-0.00551827258901,-0.00929114508581,0.00567040203892,-0.0126799712965,0.000358740177489,0.00965464245375
2011-03-10,-0.0190512811029,-0.0186794508577,-0.00749458604039,-0.0165922063897,-0.0162247048654,-0.0115515371325,-0.0118336033669,0.0166465795296
2011-03-11,0.00705556456841,0.00690234777291,-0.00894761694715,0.0152293294856,-0.0277921934163,-0.00824887646886,0.00326096880769,-0.00566364795241
2011-03-14,-0.00606769645797,-0.006056260937,-0.0129735928713,0.00445042510647,-0.0313966858376,-0.0157428991636,0.00461961262853,-0.000437964570389
2011-03-15,-0.0112635447575,-0.0115231046024,-0.0253810034215,-0.023262867553,-0.0222919621606,-0.0237191108831,-0.0188279974114,0.0148611210571
2011-03-16,-0.0196874817647,-0.0186861599068,-0.022546204583,-0.0456673032085,-0.033653378868,-0.0198912194346,-0.000220168060845,0.0112408647033
2011-03-17,0.0133092663717,0.0131479124539,0.0239628350457,0.013932611191,0.0278816826263,0.0240673375382,0.00534385799323,-0.00769475087488
2011-03-18,0.00430093939833,0.00363079194267,0.00632141418239,-0.0119344016573,0.0176912433064,-0.000735863553346,0.0101692894987,0.00267885510566
2011-03-21,0.0148746679716,0.0153790665349,0.0244299931092,0.0257636566974,0.0326367298957,0.0183539018176,0.0055493927622,-0.00590200479344
2011-03-22,-0.00355688506898,-0.00347475149215,-0.00301135259614,0.00558391789969,-0.00229591990908,0.00276599543472,-0.000647011053543,0.00333087440108
2011-03-23,0.00290974184802,0.00285754714506,0.00538531519106,-0.00590835858483,-0.00507041951366,0.0108701748362,0.00923441906699,-0.00128826572277
2011-03-24,0.00929739334644,0.00951807403282,0.0139830043931,0.0168971647731,0.0183154740364,0.00993053187181,-0.00801259839854,-0.00754718474567
2011-03-25,0.00315615127021,0.00305109312124,0.000891499101491,0.0188657334399,-0.00454770022927,0.00164563993785,0.000287230686939,-0.00249213456639
2011-03-28,-0.00275161894028,-0.00243996347917,0.00114979969354,-0.00313393910652,0.010879549566,0.000704388067133,-0.0051836115428,0.00140889106257
2011-03-29,0.00703523960948,0.00669617461557,0.00272453114329,0.00148274858135,-0.00587838500546,0.0035148061261,-0.00238472380403,-0.00772190418466
2011-03-30,0.00666246311058,0.00687715320231,0.00914604341764,-0.00666083626831,0.0126184494823,0.00385149540406,0.00332267707954,0.0079394152743
2011-03-31,-0.00183117732268,-0.00135641522939,-0.00880007714543,-0.000344344693396,0.00044795138818,0.000815259923201,0.00854493408269,-0.00206089651283
2011-04-01,0.00495071285084,0.00421459347628,0.0163058231418,-0.0113987769123,0.0115710243859,0.0147893703858,-0.00473020307713,0.00484908617245
2011-04-04,0.00034515022779,0.000825790248575,-0.00292431820894,-0.00982869054754,-0.00844256159269,-0.00505911203278,0.00458715695451,0.00108491308217
2011-04-05,-0.000180071281672,-0.000149836747797,-0.000291894036662,-0.00676372433981,0.0146179041635,0.00437072549776,0.0156802461164,-0.00401717221278
2011-04-06,0.00218129662342,0.00314728019181,0.00158714531093,-0.00251132055566,0.00263526069201,-0.0115432372169,0.0023204453735,-0.0151264343821
2011-04-07,-0.00152116247667,-0.00254680180068,-0.00491797226116,0.000118481865688,-0.018146190621,-0.00535515096394,0.000912562806845,-0.00199080457611
2011-04-08,-0.00401248313556,-0.00345664374731,0.00830882177862,-0.00897312199834,-0.00672174734737,0.00732614665578,0.00803728689031,-0.00532517882636
2011-04-11,-0.00279728828539,-0.00301498637875,-0.0057304387957,-0.0127957540173,-0.000449966005039,-0.00336554906207,-0.00712545794595,0.000888978989035
2011-04-12,-0.00780709562965,-0.00750238718228,-0.0154956383932,0.0048251591847,-0.0122201520689,-0.0250760017196,-0.00724715924761,0.0107243555335
2011-04-13,0.000190217490336,-7.60898746497e-05,0.00742343699646,0.0111590332476,0.0126701180739,0.00261921299582,0.00204573458608,0.00624867549144
2011-04-14,8.36735841616e-05,0.000760449368467,-0.00898634478196,-0.0110988859632,0,-0.00979843988405,0.0133704281084,-0.000765145815979
2011-04-15,0.00391772868801,0.00364189298256,0.00102961720625,-0.0150334443352,0.00716822124648,0.000840191684321,0.00858556125889,0.0134715677658
2011-04-18,-0.0110789976783,-0.0112722548129,-0.0237392292765,0.0133173236987,-0.0202935641104,-0.0246562750973,0.00604847546151,0.00226395987873
2011-04-19,0.00571480985945,0.00572845694901,0.00701946900488,0.0179485588417,0.0484643315475,-0.00295583815351,0,0.00429621721545
2011-04-20,0.0134244349574,0.0135397399818,0.0242745672016,0.0133767688032,0.0214694717955,0.0323996965005,0.00389842174567,-0.00645227865048
2011-04-21,0.00526290885154,0.00509588435711,0.00430070207515,0.0239226175195,0.0135024248105,0.00417066495002,0.0016369189026,-0.000863195803015
2011-04-26,0.00734556797851,0.00752108482118,0.00580382511819,-0.000798464838393,0.00418234383961,-0.000476245193192,-0.00245633302897,0.013408281685
2011-04-27,0.00623039784125,0.00650758313813,0.00552938776614,-0.000771029931021,-0.00880324546267,0.0133530547222,0.0190816533317,-0.010282053846
2011-04-28,0.00354911825943,0.00323784002785,0.00909871940154,-0.00975759973129,0.0104710093849,0.00957997919473,0.00414695258005,0.00761385096626
2011-04-29,0.00229801982875,0.00234861774314,0.000491978656142,0.0097002116427,0.0103630928772,0.00498729702198,0.0168771204239,0.00309400527645
2011-05-02,-0.00175424863313,-0.00154048097436,0.000450381658591,-0.0110562340644,-0.00413230293914,-0.00405764669587,-0.0129468154053,0.00160373806303
2011-05-03,-0.00338502667553,-0.00360392649507,-0.00290781175413,0.0055288981272,-0.00165747457408,-0.00664288243087,-0.00352991797559,0.00564414471092
2011-05-04,-0.006878914381,-0.00665269002703,-0.0131967912139,0.00392668673489,-0.0213801238978,-0.0235445140104,-0.0144487510284,0.00445020358603
2011-05-05,-0.00911121665601,-0.0090896966466,-0.00950796576234,-0.00809956244039,0,-0.0142275586898,-0.0292602951767,0.00946950316742
2011-05-06,0.00381264255749,0.00440633315111,0.0131815583507,-0.000259599543128,0.0184723911416,0.0105095363085,0.0126746301428,-0.0044083471902
2011-05-09,0.00453387018375,0.0038671153084,-0.0125849896398,0.00270801213018,-0.014244067926,-0.00820478716961,0.0142137280416,-0.00105277641607
2011-05-10,0.00804161592369,0.00849999878811,0.0112287262117,0.00530820954871,0.0150758256848,0.0129992984134,0.00352200988404,-0.00718530567757
2011-05-11,-0.0111736895962,-0.0105803665706,0.00137352987027,-0.00637345293781,0.0226018297658,-0.00683924186492,-0.00923794818551,0.00571085243102
2011-05-12,0.0048834934059,0.00474935970056,-0.00860998900361,-0.00190233922236,-0.0172135589688,-0.0140660973698,0.000341166051659,-0.00634700199907
2011-05-13,-0.00810004638801,-0.00772924028458,-0.00110416913296,-0.0176698437196,-0.00165482122556,-0.00612458599431,-0.00657035418687,0.00897889344869
2011-05-16,-0.00622371876519,-0.00636158213947,-0.00724968229296,-0.0213721087239,-0.00041428179707,-0.00344600214813,-0.00178701078483,0.00555984099234
2011-05-17,-0.000368629099347,-0.000150062872636,-0.0121644562034,0.00848481984179,-0.0175515816317,-0.00531559574646,-0.00434311806056,0.0101981030867
2011-05-18,0.00876527255203,0.00889642108916,0.00919750248961,0.0110358531077,0.0138163238336,0.0104802470277,0.00592411298869,-0.0133413908904
2011-05-19,0.00217557268173,0.00237843209194,0.0124262416956,0.00193950926416,0.00124688732801,0.0120699220378,0.000343265239422,-0.000419661458477
2011-05-20,-0.00771797456921,-0.00797640826194,-0.00920115677617,-0.015715584844,0.000420101421531,-0.00461570144362,0.0125539685612,0.000524253935884
2011-05-23,-0.0119972652815,-0.0116687416735,-0.0212395734275,-0.00244986052041,-0.0255224119135,-0.0110803113258,0.00230256767004,0.0048153965987
2011-05-24,-0.000827722781917,-0.000833525194669,0.00253069672948,-0.00663015604679,0.0141178646688,-0.00114027975724,0.00512782990649,0.00375111497537
2011-05-25,0.00317811360704,0.00332941646551,0.00308700419789,0.0137224804523,0,-0.00368276499089,-6.72611641218e-05,-0.00469202345683
2011-05-26,0.00394532223643,0.0045969870836,-0.00300018171502,-0.00529915221219,-0.01024792694,-0.00267536427799,-0.00242588391448,0.00853328610387
2011-05-27,0.00407261593628,0.0038273800046,0.00858143320879,0.0071678571545,0.0157551474423,0.00863708609801,0.00993560811556,-0.000415001852647
2011-05-31,0.0105370144175,0.0103572842243,0.0140641986768,0.0304148249535,0.0213173375328,0.0124428942419,-0.000400868588262,0.00227794062635
2011-06-01,-0.0230482254421,-0.0227172472691,-0.0105698934958,-0.00669165698691,-0.00663900535936,-0.0113055729975,0.00180273790966,0.0134233515703
2011-06-02,-0.00122558655422,-0.00106212372951,-0.0190821813988,0.00170580818003,-0.0163695144227,-0.0240357188564,-0.00273874787616,-0.0192326655286
2011-06-03,-0.00978149249398,-0.00999439880407,0.00020816394672,-0.0077153648326,0.000845818822828,-0.00727312204953,0.00480450008403,0.00572616587907
2011-06-06,-0.010818515833,-0.0106376050366,-0.00703633264984,-0.0158478973894,-0.00593726413987,-0.00548893316949,0.0017292654964,-0.00760689864676
2011-06-07,-0.00095686540135,-0.000619853571774,0.00220288847502,-0.0179088072486,0.000425032689911,0.00353222707582,-0.000398790309016,0.00459230883231
2011-06-08,-0.00419566378795,-0.00419642223905,-0.00880430658538,0.000602062462057,-0.0124062804543,-0.00196104544796,-0.00406355692311,0.00777903371062
2011-06-09,0.0073504090115,0.00760220167445,0.0105409483664,-0.00225983264249,0.00643635142182,0.0117084392163,0.00499385137428,-0.00403809321667
2011-06-10,-0.0140784832507,-0.0140084516977,-0.0191474624309,-0.0170068664713,-0.0181275021198,-0.0172193577631,-0.00880588069729,0.00764756607687
2011-06-13,0.000668532885312,0.000783680486765,0.000662056570598,0.00214541567887,0.00564612315996,-0.000526494038593,-0.0098987438714,-0.00505733453132
2011-06-14,0.0125329134371,0.0126065616913,0.0148513049694,0.0177228830642,0.0116256167349,0.00904247343325,0.00607203318801,-0.0152214264456
2011-06-15,-0.017585569373,-0.0179454821282,-0.0150509275249,-0.0172639613114,-0.0155311680529,-0.0153816091008,0.00302224623459,0.0180114182248
2011-06-16,0.0017527982098,0.00220183273862,-0.00382675359996,-0.00487795187737,-0.0175441269148,0.00923114467554,-0.00100636730298,0.00452906685729
2011-06-17,0.00304039001446,0.00297963007998,0.00825365096659,-0.015184288316,-0.00221488362503,0.00104935744295,0.00649027730932,-0.00473582045843
2011-06-20,0.00538068881515,0.00510312345915,-0.00631743274543,-0.0155448987721,0.00354178847369,-0.00196852040666,0.000600040020004,0.00123775786852
2011-06-21,0.0133341796983,0.0136109545402,0.020168165377,0.0311597186933,0.0308918949378,0.0213188091505,0.00485386780005,-0.00444098649984
2011-06-22,-0.0064894599331,-0.00604407935404,-0.00147125147567,-0.00830326515129,0.0140397813152,-0.00761748821137,0.00152450733752,0.000619990453289
2011-06-23,-0.00283199313133,-0.00287935396761,-0.0218257339291,0.0263684184374,-0.0317623237196,-0.0159375496333,-0.0177067332278,0.00762779487029
2011-06-24,-0.0117950773124,-0.0116813948394,-0.000789687576017,-0.0148427781235,0.0138591697972,0.000658200101844,-0.0141210836862,-0.0042198591419
2011-06-27,0.00914253711469,0.00887129578617,0.00309971423458,0.0172853443295,0.0042916718796,0.0035465489989,-0.00363025855952,-0.0138083663003
2011-06-28,0.0128612924547,0.0129686805241,0.0144711366397,0.00965050544878,0.0324443728885,0.00705621138126,0.00349357479863,-0.00808309284524
2011-06-29,0.0082486333553,0.00852782780485,0.0186062393928,-0.00364563001088,0.0156316845048,0.01844876477,0.00640713804143,-0.00666161082585
2011-06-30,0.0100683719988,0.00951691432575,0.0146667832274,0.00486821817179,0.0129766931066,0.0193688748946,-0.00804965822931,-0.00159270683126
2011-07-01,0.0143068688807,0.014667784095,0.00629326766122,0.0223596307901,0.0140033012249,0.000752000571308,-0.00735580277309,-0.00160117034611
2011-07-05,-0.00133707249831,-0.000821594463825,-0.00714237360379,0.0178149399734,0.00948984247409,-0.00603195907434,0.0184583584792,0.00224017365663
2011-07-06,0.00100105795369,0.00119507261301,-0.00440545175267,0.0066458277671,-0.00196939024921,0.00327141176528,0.00863294604953,0.00510267454589
2011-07-07,0.0103995828898,0.0103219478029,0.00468938511491,0.0153470629388,0.0168133429205,0.0149635843946,0.00161034726882,-0.0029729470318
2011-07-08,-0.00698545819842,-0.00711770075022,-0.0168268562065,0.00700228426967,-0.016025285432,-0.0107007904583,0.00734810268252,0.0140434301143
2011-07-11,-0.0182561672421,-0.0182455092968,-0.0274694681836,-0.0160017070716,-0.0198974237725,-0.0161417749069,0.00887890816964,0.0148821324647
2011-07-12,-0.00444336938459,-0.0043286932623,-0.00880816086154,-0.000705858717834,-0.00766592975945,-0.0127944261302,0.00775406697582,0.00340458388242
2011-07-13,0.00310102706679,0.00334314752804,0.00506117526152,0.0119981054854,0.0184596462676,0.000515095702711,0.00892772530146,0.00277585325273
2011-07-14,-0.00673878268416,-0.00692606181533,-0.0111446683349,-0.000698771116163,-0.00838497330156,-0.00658563845243,0.00259164334748,-0.0143743284736
2011-07-15,0.00553905589693,0.00578793029621,-0.00659015085999,0.019787937019,-0.00040082783185,-0.00584653831002,0.0042616712095,0.00166475164048
2011-07-18,-0.00816311811768,-0.00823549054695,-0.0205719714677,0.0240426979253,-0.0182155450481,-0.00745585454159,0.00878865061265,-0.0097169741444
2011-07-19,0.0161771496047,0.0161013233567,0.0120453507047,0.00812621409122,0.00651474461265,0.00615114646556,-0.0122740539878,0.0205763185741
2011-07-20,-0.00067105791856,-0.000602714513869,0.0160147717619,0.026319141474,0.0236625783817,0.00611472534548,0.00875504475383,-0.0118995152985
2011-07-21,0.0134552627786,0.0137758326936,0.0164174941455,0.00100743953843,0.0172890747849,0.00903676563846,-0.00765647605177,-0.00773264534317
2011-07-22,0.000907439733719,0.000668513166728,0.0067759566167,0.0153993507033,0.00698770750754,0.0140381745974,0.00829715653963,0.00752442066543
2011-07-25,-0.00565899535562,-0.00558780185658,-0.00776682635337,0.0131348085104,0.0100080700873,-0.00482764040647,0.00778413319268,-0.0109911299205
2011-07-26,-0.00411342058347,-0.0037433232228,-0.00660194047046,0.0122455577619,-0.00422202047063,-0.00523447062243,0.00272925814428,0.00681849826772
2011-07-27,-0.0205177242329,-0.0206880426908,-0.0143076551409,-0.0271875893753,-0.00153981798687,-0.00977600364222,-0.00368302415912,0.000104160744594
2011-07-28,-0.00323920738288,-0.00291423683685,-0.00575023266633,-0.00196296833708,-0.00773382125382,-0.00817693639741,0.000826714595302,0.00375569360854
2011-07-29,-0.00647142755895,-0.00685782464996,-0.0108024259306,-0.00342606334036,-0.00662141540314,-0.0153660135744,0.00614675741611,0.0195947599849
2011-08-01,-0.00414086095217,-0.00426189371301,-0.023337258114,0.0159295762329,-0.00509304788028,-0.0188372592663,-0.00360743412524,0.0100423371335
2011-08-02,-0.0258889087379,-0.0258793023164,-0.0183555927311,-0.0199583633022,-0.0339557423692,-0.00744480924559,0.0238076834195,0.0295844574519
2011-08-03,0.00500314595823,0.00540434101249,-0.019448226509,0.00936671978261,-0.0155610921624,-0.0178208923249,-0.000185746566672,0.00196700444313
2011-08-04,-0.0490016554272,-0.0479743578979,-0.0397348452822,-0.0394887904376,-0.0503598839676,-0.0235108345118,-0.00527742192438,0.0349631770723
2011-08-05,-0.000575082650694,-0.00149800177646,-0.0126659089715,-0.00998689307196,0,-0.0309177387275,0.00688610310275,-0.0292775237382
2011-08-08,-0.0689583694345,-0.0673404113599,-0.0479092571408,-0.0561759473323,-0.0724400000484,-0.0278414650924,0.0326601539487,0.0310797069006
2011-08-09,0.0463174407544,0.0454503096653,0.0161872842361,0.0572195345404,0.0366509833449,-0.0055718180384,0.00887627439105,0.00302671614099
2011-08-10,-0.0451567965652,-0.0451831136518,-0.0560738910351,-0.0279806427982,-0.0408596141365,-0.0446231413498,0.0347947390425,0.0293191658977
2011-08-11,0.0452505944545,0.0439056973639,0.0284525683488,0.0271515324382,0.0422080375133,0.0173757958325,-0.0221826023124,-0.0517663473072
2011-08-12,0.0052478751121,0.0067104930933,0.0394178695505,0.00876517518169,0.0305266314355,0.0266435058206,-0.00457854167825,0.0196091624442
2011-08-15,0.0215507274368,0.0209438939762,0.00780428890711,0.0168862667041,0.00521526528509,0.00857579277516,0.0107090702397,-0.0101873087527
2011-08-16,-0.00978627478654,-0.00857566283195,-0.00252247660759,-0.00767128037761,-0.00260440680447,-0.00074920288602,0.012264384861,0.0164199934896
2011-08-17,0.000946938237783,0.000668599897736,0.00722881130373,-0.000105189918649,0.0155243901185,0.0148809220506,0.00287076045891,0.0173573837865
2011-08-18,-0.0456185995898,-0.0440758047441,-0.0563464490261,-0.0385580344532,-0.0527130868187,-0.0368598303706,0.0187431113623,0.0203303640571
2011-08-19,-0.0151227560294,-0.0164650742857,-0.0193834258327,-0.0277555375299,-0.0306867823658,-0.0196554136714,0.0124697341592,0.00803554661054
2011-08-22,0.000258007880244,0.000798567543091,0.0113277856344,0.00115083699903,0,0.0222573102213,0.0254581098971,-0.00252116412891
2011-08-23,0.0337102489999,0.0323808817534,0.0107600325572,0.047020129977,0.0156898398451,0.0113992778544,-0.0382092419599,-0.0138891953285
2011-08-24,0.0130346513639,0.0139859678668,0.0177320326578,0.00688205887231,0.0127393290485,0.00316836822196,-0.0344704008421,-0.0288418637151
2011-08-25,-0.0156879346852,-0.0153616863124,-0.00656705552976,-0.00656083579525,0.0121318949228,-0.0136506629415,0.0041278336006,0.0107619739851
2011-08-26,0.0150084180166,0.0144293190398,-0.0101054272243,0.0260410008555,-0.0116800752829,-0.00735729930717,0.0292162676318,0.00981861194983
2011-08-29,0.0278875048209,0.0283310836804,0.0213278721351,0.0165216515666,0.0223425578604,0.0219116175762,-0.020378676538,-0.0139233120783
2011-08-30,0.00234427511405,0.00263345996997,0.00175486003145,5.15253673599e-05,0.0114231130333,0.000301109387474,0.0295214329243,0.0159488496234
2011-08-31,0.00490990895541,0.00442808553895,0.0302430966392,-0.013319618457,0.0301230848067,0.021583106612,-0.00773505887297,-0.0155749280349
2011-09-01,-0.0119424610353,-0.0105280563029,0.002781126431,-0.00992325157635,0.00928280515542,0.00147152947803,0.000843634582431,0.0209765232081
2011-09-02,-0.0256070170843,-0.025882014297,-0.0365782791794,-0.0184887888116,-0.0420303720265,-0.0140672001448,0.0297438780282,0.0319697432822
2011-09-06,-0.00746407691163,-0.00732401116848,-0.0598428617795,0.0150971704799,-0.0438745310153,-0.0556509359114,-0.00185727371315,0.01034543527
2011-09-07,0.0282438250625,0.0278169010266,0.0356200093095,0.0109739291988,0.0469359055461,0.0282891926248,-0.0323379034337,-0.0192735276178
2011-09-08,-0.0106688906387,-0.0104459361228,0.00410785621981,0.00054638782514,0.00566096734816,0.0263172958813,0.0263605555724,0.00892809234782
2011-09-09,-0.0270685625679,-0.0265594391732,-0.0367144462505,-0.017489293564,-0.0340065300918,-0.0209676280558,-0.00612399373461,0.0106089779321
2011-09-12,0.00694156899144,0.0064495542709,-0.0411009323102,0.00649569659158,-0.0291724451141,-0.0181517779217,-0.022554606692,0.00105529535081
2011-09-13,0.00907872567713,0.00912916354769,0.0139555959754,0.0122424811588,0.00369357692594,-0.00248600634326,0.0105290522403,-0.0143339804756
2011-09-14,0.0133897608613,0.0137493166219,0.0185526585212,0.0120943278175,0.0272743054314,0.0157482389325,-0.00747711705591,0.00843017916429
2011-09-15,0.0170410461842,0.0171100313865,0.0321909651865,0.00935763503879,0.0330791931371,0.0297310934944,-0.0159840324172,-0.0154060873612
2011-09-16,0.00569047604544,0.00590092238695,-0.0047855139408,0.0190058052952,0.0116454206886,-0.0210375111716,0.00930295230582,0.00724257736821
2011-09-19,-0.00985094873159,-0.01000699601,-0.0305094360396,0.0274110269343,-0.0456219354891,-0.00620098328721,-0.0155725424558,0.0188868399292
2011-09-20,-0.00166238645248,-0.0011639607738,0.0148718733034,0.00441198216093,0.0357102150483,0.0135908184583,0.0141513205263,0.00418789268496
2011-09-21,-0.0298309950357,-0.0299013749683,-0.0162946305208,-0.00317344041982,-0.0139559643183,-0.0120371656736,-0.0125370336099,0.0325490467799
2011-09-22,-0.0324024566005,-0.032858261506,-0.0539317868552,-0.0253592502266,-0.0629875351966,-0.0585014112813,-0.0265016269375,0.0368968688511
2011-09-23,0.00606358872418,0.00600696394142,0.0101686292858,0.00615312590363,-0.0136569594129,0.0155165804833,-0.0562714947945,-0.018775494983
2011-09-26,0.0230680208948,0.023501812233,0.0173671931823,-0.0027987114524,-0.00570620200318,0.0149606197642,-0.0139897735961,-0.0161857414791
2011-09-27,0.0106316656048,0.0111218931073,0.055784512397,-0.00974541957904,0.0397338653434,0.0475500408781,0.0191703361876,-0.0154263518
2011-09-28,-0.0209081955995,-0.020630014393,-0.00922411125644,-0.00565122302076,-0.00275334533001,0.00258530726776,-0.0278383381137,-0.000341508969399
2011-09-29,0.0080814857256,0.00787207924544,0.0106354477927,-0.0163545087787,-0.0528424067165,0.00121371634628,0.00942919836215,0.00689681497533
2011-09-30,-0.0252912740737,-0.0253064887779,-0.0152059193216,-0.0239685475123,-0.0350048047078,0.00815747646698,0.00228022017788,0.0248088641697
2011-10-03,-0.0288636033786,-0.0288709231753,-0.01866083663,-0.017780067246,-0.0162886387653,-0.0209802858548,0.018181235277,0.0271485518556
2011-10-04,0.0222393064047,0.0216862893437,-0.0264079774201,-0.0056218226341,-0.00255339558902,-0.00817575227019,-0.0208419844172,-0.0127622847821
2011-10-05,0.0177079188389,0.0183461697459,0.0423622144638,0.0153185500649,0.0416605459434,0.029606930873,0.0114792049893,-0.00722486345556
2011-10-06,0.0181381689808,0.0179292706937,0.033551067496,-0.00232952641577,0.0318557355897,0.0324017441746,0.00643851551515,-0.0186304170014
2011-10-07,-0.00819681138837,-0.00671824145479,0.00654358855671,-0.0202636534395,0.0192902804779,0.0281341852714,-0.00819607308532,-0.007414212755
2011-10-10,0.0335556441594,0.0328986417327,0.0210682543079,0.0501285589463,0.0257602620865,0.0162856602595,0.025369703235,-0.0142245637797
2011-10-11,0.000543855290753,0.00100268904065,-0.00251780452894,0.0290984464559,0.00453141171415,-0.00530530587327,-0.00719183088155,-0.00335138750116
2011-10-12,0.00974704698992,0.00873385913066,0.0238885385615,0.00473530497808,0.0320308734793,0.0233837305812,0.0071305256414,-0.01465384783
2011-10-13,-0.00297810254442,-0.00198958634223,-0.0133466439022,0.0153964122878,-0.00614820251513,-0.0038365480645,-0.00589749839238,0.00990839976353
2011-10-14,0.0172309489071,0.0169496219015,0.00966464174982,0.0326843104218,0.0078982728752,0.021728014443,0.00675465270136,-0.0146348006179
2011-10-17,-0.0195599378476,-0.0192755902648,-0.0162379007396,-0.00477430492128,-0.00745799495084,-0.00444294637611,-0.00478498567303,0.0171398651366
2011-10-18,0.0202130497687,0.0193570227702,-0.007914843029,0.00534299740253,0.00395514909327,0.000269673811662,-0.00480799188944,-0.00623031209618
2011-10-19,-0.0127298187858,-0.0118995305058,0.00515684058579,-0.0575652480992,-0.00881062533014,0.0119341245409,-0.0122472144423,-0.000347492637833
2011-10-20,0.00454384001348,0.00436625758382,-0.023479753542,-0.00833849370407,-0.00755073430344,-0.00347123173966,-0.0132226520787,-0.00714610363201
2011-10-21,0.0186340672032,0.0188092612648,0.0279040639662,-0.00619154211085,0.0285673819566,0.0164501317912,0.011031029666,-0.0106386421346
2011-10-24,0.0127908063565,0.0121863632053,0.0153699551325,0.0323080427754,0.0210082235832,-0.00171166687812,0.00935927442472,0.00167750837489
2011-10-25,-0.0202483457356,-0.019635410699,-0.0144401968095,-0.0199123723162,-0.00382569199805,-0.00528587956896,0.0279862237849,0.0250973088876
2011-10-26,0.0104814304042,0.0101073816834,-0.00147225377683,0.00708936721292,0.00848190029171,0.00158796238819,0.0108712927147,-0.0176243780329
2011-10-27,0.033716591308,0.0342420390208,0.0608914558818,0.010157718785,0.0502368308033,0.0344574364933,0.0127617640525,-0.0344844663089
2011-10-28,0.000389153528487,-0.00023319745361,-0.00595192765299,0.0006422191402,-0.0137485442237,-0.0192277750791,0.000412725190354,0.0104618490176
2011-10-31,-0.0250486166157,-0.0244008826041,-0.0321017558173,-0.000419427431971,-0.0209842752222,-0.0147000678146,-0.0135329644919,0.0388888966425
2011-11-01,-0.0283400600024,-0.0282850049873,-0.0553160511399,-0.0206426369065,-0.0459461610482,-0.0307468915867,0.000239059512853,0.0329264688222
2011-11-02,0.0159763632136,0.0161800445801,0.0136789820285,0.00226692273319,0.0274817645658,0.0111188050562,0.00998696319379,-0.0125517222279
2011-11-03,0.0186076072071,0.0180629704535,0.0269217256869,0.0141417918313,0.00042331185841,0.0131280412148,0.0156115795091,-0.0138290431989
2011-11-04,-0.0062998195829,-0.00611763890669,-0.0227639815923,-0.00704602264192,-0.0231273586103,-0.0143426748813,-0.00507923549997,0.00120297500089
2011-11-07,0.00627600849228,0.00619708771503,-0.00640743158044,-0.00127480462106,-0.00957774121529,-0.00229794346024,0.0238856451385,0.00633320018146
2011-11-08,0.0116673104575,0.0127488596894,0.012710459442,0.0161299667515,0.0143323840648,0.0165074143816,-0.00832116947864,-0.0128797896924
2011-11-09,-0.037385346805,-0.03760803246,-0.0219163152471,-0.0273250068749,-0.0117114353267,-0.00922651229304,-0.00844907789354,0.0205275814478
2011-11-10,0.00858720062396,0.00937433643436,-0.00336150935427,-0.0257799580696,-0.000436243152712,-0.00579323699766,-0.00541948229944,-0.0150115785037
2011-11-11,0.0192932234708,0.0186479597276,0.0272101764634,-0.00155852451474,0.0211625669618,0.0170145677468,0.0163434988218,-0.00612086731351
2011-11-14,-0.00959603725234,-0.0095193905292,-0.0129205380731,-0.0140338805889,-0.00213907992618,-0.00106351681896,-0.00437844916125,0.0159551082931
2011-11-15,0.00480559883744,0.00492948550892,-0.019428767189,0.0249200571625,-0.0238364737288,-0.011502622837,0.000923384189128,-0.00136264560596
2011-11-16,-0.0167557988102,-0.0159901292326,0.00515864479784,-0.010496035263,0.00393939255179,0.014291084563,-0.0107288182053,0.00907681610036
2011-11-17,-0.0169426717461,-0.016004153865,-0.0179784778632,-0.0193138939737,-0.0114231130333,-0.00732009140545,-0.0260490732832,0.00798998439098
2011-11-18,-0.000394756927443,-0.0010647902562,-0.00442130425474,-0.0065664027726,-0.006650835706,-0.00858625108311,0.00310701133339,-0.000250828876677
2011-11-21,-0.0188245711573,-0.0192030599248,-0.0346507632944,-0.0159419916447,-0.0385447027159,-0.0298123521877,-0.0248864925041,0.00593168903556
2011-11-22,-0.00414943851669,-0.00393573466794,-0.0084154532239,0.0201207538052,0.00553256865857,-0.00528792907508,0.0110094966291,0.0111000322202
2011-11-23,-0.0223429704598,-0.0223126388091,-0.0169507198845,-0.0256098565729,-0.0199680319653,-0.0143364053003,-0.00290783508946,0.00975559778262
2011-11-25,-0.00268911919926,-0.00188948269779,0.012163420585,-0.00936284629351,0.0139729993707,0.0104208117022,-0.00871350617078,-0.0146276275799
2011-11-28,0.0288210791355,0.0285557484936,0.0531513921325,0.033936226282,0.0381171281818,0.0363177328839,0.0195746698509,-0.000496921145084
2011-11-29,0.00221120648537,0.00283586548136,0.0045797391275,-0.0077937631368,0.00447443120171,0.0067320074328,0.00149920565698,-0.00823304704359
2011-11-30,0.0424034387263,0.0403255288299,0.0413753383097,0.0238298581763,0.040250260826,0.0284434482257,0.0192878588692,-0.0157392874656
2011-12-01,-0.00191046967192,-0.000159886407717,-0.00785106775924,0.0148806894663,-0.00515907240393,-0.000782974520301,-0.00294325609979,-0.00502996272683
2011-12-02,-0.000241015567979,-0.000880760960195,0.0111202278726,0.00455246938793,0.00215262385078,0.00793099218114,0.00111946980778,0.0139196731429
2011-12-05,0.0102344634944,0.0108334687574,0.0114134966849,0.00845776917105,-0.00950729173505,0.0040063048788,-0.0148309053813,-0.00202501310765
2011-12-06,0.00110513818593,0.000316806888034,-0.00678593786123,-0.00525556703839,0.00173546992072,-0.00297120543041,0.00512660437268,-0.00958957566263
2011-12-07,0.00201632073262,0.00371552395362,-0.00114856118608,-0.00476865986369,-0.00608687621931,0.00426041238639,0.00722795401615,0.00357492490765
2011-12-08,-0.0213684988013,-0.0221806347389,-0.025670029593,0.00402675507819,-0.0247253983892,-0.02372417416,-0.0203954717278,0.0124133166728
2011-12-09,0.016742412248,0.0167999419726,0.0245264588111,0.00754814769686,0.0229790570698,0.0247541134219,0.0025272172584,-0.0207752587956
2011-12-12,-0.015026386341,-0.0147044728449,-0.026434244552,-0.00453194598556,-0.0274594194493,-0.0209358817126,-0.0268598565313,0.0110769177966
2011-12-13,-0.00872395364283,-0.00938315784358,-0.00352450773341,-0.007763041656,-0.0121979282512,0.0117570206858,-0.0220955685946,0.00927874649401
2011-12-14,-0.0114132513532,-0.0107032077723,-0.0338767039842,-0.0224198400751,-0.0379850762892,-0.0245853422867,-0.0357203651716,0.0187137885874
2011-12-15,0.00323785309662,0.00360809018147,0.00755164624735,-0.00329324389603,-0.00473258757596,0.000532269586082,-0.00366946875387,-0.00371472862181
2011-12-16,0.00321098895457,0.00148134194659,-0.00885277866117,0.00547398437139,-0.01241074185,-0.0196138650393,0.0188586289921,0.0115935315042
2011-12-19,-0.0118021979677,-0.0107492564979,0.000638998424165,0.00311872636116,0.00383515127731,0.00659269629616,-0.0023218392272,0.0125920215052
2011-12-20,0.0293892957259,0.0298114750697,0.0269321302327,0.0353174578251,0.0114178851236,0.0137312373475,0.0135323601748,-0.0252620819794
2011-12-21,0.00194760826509,0.00193480531125,-0.00818949559597,0.00126208910362,-0.000946626210053,0.0110107275653,0.00114603692431,-0.0140069175228
2011-12-22,0.00823157693113,0.00881970437532,0.0135460115168,0.0052828445869,0.00989391954597,0.0103635610482,-0.00715208036386,0.00418979814688
2011-12-23,0.00899448073989,0.00890087660354,0.00981238129014,0.0119222897636,0.0162757810523,0.0210555846247,0.00172886233413,-0.0111837572491
2011-12-27,7.91050906895e-05,0.000790484325477,0.00032876264331,0.00790249226891,-0.00462327472229,0.00529259690813,-0.00899687317258,0.00473927062508
2011-12-28,-0.0125565062036,-0.013209794123,-0.0103755522202,-0.00961491081341,-0.00837616335104,-0.0106119024956,-0.0253658429827,0.0183204671028
2011-12-29,0.0106501725531,0.0102809101876,0.0182238500276,0.00614063304233,0.0116146116863,0.0212401982538,-0.00457911681409,0.00182194934251
2011-12-30,-0.00430057078195,-0.00492808608949,0.0102587511891,-0.000295991911826,0.0105677538555,0.00622162085224,0.0109153929623,0.00322140302214
2012-01-03,0.015355483659,0.0158108124352,0.0267266610458,0.015265029304,0.0248263497093,0.0236421968175,0.0255282802669,-0.0151244951524
2012-01-04,0.000187906160885,0.00156721108996,-0.0160741462875,0.00536003492024,-0.0112085124301,-0.00769394281173,0.00505396583141,-0.0119606148563
2012-01-05,0.00293939285205,0.00265888120046,-0.0153791877301,0.0110408633575,-0.00860312067871,-0.00687558044219,0.00680464312539,-0.00178074920973
2012-01-06,-0.00254018500173,-0.00258051705236,-0.00240352885557,0.0103998418333,-0.00959563351702,0.00325603988385,-0.00368279041787,0.00786346273758
2012-01-09,0.00225904391048,0.00242450831491,-0.00308702200474,-0.00158755572429,0.0105048249609,-0.00075046680863,-0.00446285093093,-0.00176983909164
2012-01-10,0.00884652370494,0.00863293917565,0.0262223308796,0.00357381467083,0.0457347708059,0.0119405769403,0.0135814679278,-0.00168927999092
2012-01-11,0.000309549024283,0.000542079558281,-0.00185795374595,-0.00163156013727,-0.0139861669525,-0.0140701672444,0.00647169491782,0.0129319105479
2012-01-12,0.00233388310124,0.00239635253611,-0.00151451764632,-0.00274891946451,0.00614315028254,-0.0209063571445,0.00443685772906,-0.00141933500965
2012-01-13,-0.00496020430848,-0.00518703478825,-0.0010912238665,-0.00375684380232,-0.00438411525547,-0.00089677527608,-0.00700797512074,0.00989282534011
2012-01-17,0.00354665767106,0.00387349288935,0.0227335940728,0.0115811196451,0.0294392490665,0.0311637510097,0.00775588713598,0.0046222118029
2012-01-18,0.0110466890402,0.0109953083409,-0.00154862158119,0.0103302215887,0.00722631864978,-0.00423259235724,0.00683024064564,-0.0121786292929
2012-01-19,0.00492650176503,0.00526300728995,0.0194156151154,-0.00317437581235,0.0180488425086,0.00894214101251,-0.00235428515755,-0.0138489833884
2012-01-20,0.000669235882376,0.00372001307146,-0.00223742915349,-0.0175704287461,0.00290761789503,-0.0146971754775,0.00525848580308,-0.0113897998952
2012-01-23,0.000471231832951,-0.00257999085847,0.0050811296836,0.0167750426937,0,0.00375697959345,0.00670295510393,-0.00634615876783
2012-01-24,-0.00102634414018,-0.00114002221299,-0.00473498998824,-0.0165132842522,-0.00124508845792,0.0104451701407,-0.00707330810514,0.00180532517499
2012-01-25,0.00864169533851,0.00833250068528,-0.00306548029802,0.0605675757594,0.00538430653921,-0.00222846264788,0.0268566705945,-0.00240702586318
2012-01-26,-0.0057705083751,-0.00514281779004,0.0152046682697,-0.00455531136066,0.0200373460226,0.00642598524691,0.00509459578285,0.0131690815884
2012-01-27,-0.00159414780608,-0.000455071663628,-0.0133105935907,0.00594243120793,-0.007722081449,-0.0125196345073,0.0101118930534,0.00313790491208
2012-01-30,-0.0025253088663,-0.00341985049881,-0.0161354930688,0.0127291663394,-0.0127287437372,-0.00688418625358,-0.00557866135224,0.0117035613251
2012-01-31,-0.000457051443494,-0.000381148491025,0.0100272636956,0.00763109642599,0.0212602178317,0.0148352707762,0.00758881338896,0.0114842269838
2012-02-01,0.00886023774689,0.00871941487464,0.0206757465762,-0.000635659600642,0.0255604552053,0.00604513545634,0.00147549236171,-0.0115203902256
2012-02-02,0.00109454764781,0.00158417748792,0.00272828979317,-0.00234817265736,-0.00315969017995,0.00588668193299,0.00874909427314,-0.000420050744982
2012-02-03,0.0144997256874,0.0139214269011,0.0150666112904,0.00996918714112,0.022684125373,0.00268697851777,-0.0201371118706,-0.0217230878037
2012-02-06,-0.000423963746335,-0.000669403554602,-0.00662940300081,0.00928920494904,-0.00504004746523,-0.00231995317105,-0.00274778269174,0.00990229127418
2012-02-07,0.00202133769374,0.00252600192885,0.00183957619881,0.0104206345856,-0.0263846546149,0.000733362826851,0.014961120162,-0.0124795863144
2012-02-08,0.00215788085203,0.0029634120221,-0.000451522388598,0.0166052716245,-0.0128513538336,-0.00171171384786,-0.00709640476951,0.000774118598602
2012-02-09,0.00147302495245,0.00125644222109,0.00430449391325,0.0340079965391,0.00121172142025,0.00682844137518,-0.00285270604903,-0.00750549343033
2012-02-10,-0.00691012225464,-0.00741497048571,-0.015172755634,0.000507175204657,-0.00161609439986,-0.01382677874,-0.00525126515311,0.0129051178623
2012-02-13,0.00677702341142,0.00741497048571,0.00337694299121,0.0184337904882,0.00604710719978,0.011271602606,0.00221124253635,0.00128139263353
2012-02-14,-0.000939965350693,-0.00125644222109,-0.00263606828686,0.0135564487066,0.00521162823169,0.00146080303328,-0.00233093379694,0.00527889688527
2012-02-15,-0.00539774788519,-0.00467127449672,0.0043482855273,-0.0234137000761,0.0111332290573,-0.00182622411715,0.00590644566376,-0.00178464453658
2012-02-16,0.0109653661362,0.0110122079476,0.000854974389632,0.00908090238257,-0.0107336260314,0.00619649257875,-0.000654553590195,-0.00802998129726
2012-02-17,0.0023461755846,0.00264247451319,0.0135728699868,-0.000178766739676,0.00159738835589,0.00964352437616,-0.00387651589292,-0.000256672651199
2012-02-21,0.000719664147935,0.000440045588978,0.00742085724399,0.025036476944,0.0181896038549,0.00287465404278,0.0216930686065,-0.0111264921376
2012-02-22,-0.00334569759038,-0.00322920115967,-0.00517023599784,-0.00352214262858,-0.011825129999,0.00107605588906,0.0111641929801,0.0124985986344
2012-02-23,0.0042629033588,0.00440084984208,-1.74215477639e-05,0.00650820265936,0.0110411928486,-0.000836962028622,0.000462492773954,0
2012-02-24,0.00167084095806,0.0021932632601,0.00570409416301,0.0115905581157,-0.00906058240841,0.00608044945719,-0.00457644824805,0.00648836406844
2012-02-27,0.00135364285488,0.00167853385788,-0.00740544808013,0.00639216200608,-0.013144999149,-0.0022608737425,-0.0030820191918,0.00881269080268
2012-02-28,0.00335071357158,0.00291192531617,0.00363720166716,0.0181880406141,0.0147265233889,-0.000834302041773,0.0103712392272,-0.00329562959897
2012-02-29,-0.00474824275595,-0.00393340115931,-0.000445971886726,0.0130443812497,-0.00197724658087,0.00131088402811,-0.0544868733477,-0.00611235505184
2012-03-01,0.00613915646364,0.00516814447624,0.0136017072034,0.00373563839322,0.019600655403,0.0139530102945,0.0140226416324,-0.00945939262803
2012-03-02,-0.00325103507307,-0.00305392184581,0.00041135912253,0.00130275155845,0.00271374917768,-0.00282235866856,-0.00162189554961,0.00934851042502
2012-03-05,-0.00387720062847,-0.00408685328024,-0.00390054827194,-0.0222938454608,-0.00426769639525,-0.00259397259623,-0.00415676986845,-0.00797052892413
2012-03-06,-0.0154895063492,-0.0147328376616,-0.0364940216173,-0.00545424388886,-0.0315980860989,-0.0176277885266,-0.0179690967388,0.0120589770808
2012-03-07,0.00687692207133,0.00695149307682,0.00881441774532,0.000810144357017,0.0107762336496,-0.00288802356149,0.0056998162114,-0.00613923969914
2012-03-08,0.00977004895653,0.00989945572027,0.0250439251738,0.0210700781028,0.0316493363728,0.0137634248146,0.0100331873234,-0.0100587828404
2012-03-09,0.0036246730668,0.00386080839425,0.00261845752898,0.00585032731559,-0.00231015546622,0.00355994194709,0.00663335958644,0.00198563592713
2012-03-12,0.000160448003327,7.21620306509e-05,0.000739538319571,0.0124497763918,0.02098087796,-0.00367889523567,-0.00790469014173,-0.000172569947273
2012-03-13,0.0179691328363,0.0178653581431,0.0170737031578,0.0287495920502,0.0161022775721,0.0140474799957,-0.0169231757609,-0.0177504007727
2012-03-14,-0.0011969781784,-0.0010717031905,0.004033951713,0.0371126838406,-0.00745703246875,0.00105449830399,-0.0169637517146,-0.0255183677431
2012-03-15,0.00594946620969,0.0057731610176,0.00439484719728,-0.00684115484311,0.0104246628297,-0.00540139676887,0.00941840710921,0.00153010701147
2012-03-16,0.00111877222044,0.00138371199189,0.00407527683598,1.66723430671e-05,0.00295817419973,0.00141214375535,0.0013648553306,0.00197591222986
2012-03-19,0.00396597147512,0.00391235789637,-0.00472631031924,0.0261754933211,-0.00518305616333,0.00877941851685,0.0017962345001,-0.0120074546314
2012-03-20,-0.00300502840088,-0.0029150681579,-0.0132374206567,0.00805278968819,-0.0240431825959,-0.015594936422,-0.00907622167113,0.00398818060539
2012-03-21,-0.00187294998668,-0.00163925203156,-0.000980408937563,-0.00572618331962,0.00493078175257,-0.0019213774151,0.00049948179226,0.011244964706
2012-03-22,-0.00723263469065,-0.00722897474003,-0.0156893186691,-0.00525875835172,-0.0252887488192,-0.012945610984,-0.00400275706105,0.00321562643515
2012-03-23,0.00310403596907,0.00322689055456,0.00107070488978,-0.00550456769737,-0.00388800642896,-0.007823941141,0.0122081364446,0.00940704415183
2012-03-26,0.0137903003812,0.013937800227,0.00739454695393,0.0181711631439,0.0104632521619,0.00648364724805,0.0176115683909,-0.00513579036342
2012-03-27,-0.00282074958785,-0.00311185423407,-0.00929206039255,0.0122809115682,0.00461553566105,-0.0614785980293,-0.00708090495838,0.00716523971672
2012-03-28,-0.00495375905961,-0.00497131633269,-0.0114324932916,0.005096878046,-0.00268984700836,-0.0141028468812,-0.0106545118748,-0.00141145713644
2012-03-29,-0.00160922411048,-0.00170954186751,-0.0143969132722,-0.0126440284467,-0.0296784210932,-0.00500993627716,-0.00142505060998,0.0074755248023
2012-03-30,0.00369161404396,0.00412715784554,0.0125469331602,-0.017049643435,0.0211774867075,0.0107795855403,0.00519479223615,-0.0170550669873
2012-04-02,0.00747662586616,0.00728820669334,0.0113552673257,0.0313277147653,0.0245318835671,0.022879474297,0.0050452762382,0.00552454273532
2012-04-03,-0.00399661169318,-0.00409711706117,-0.0163416784753,0.0171323577856,-0.0156464823679,-0.0188347573729,-0.0188959746139,-0.0174804461911
2012-04-04,-0.0102549268908,-0.00996039092661,-0.0277716022858,-0.00799228334282,-0.0241348672852,-0.0127119038712,-0.0169035368132,0.0136517240056
2012-04-05,-0.000629240236214,-0.000500941359438,0.00191160026472,0.0148966666023,0.0164130208977,0.00788207933459,0.00697258772239,0.00720016478988
2012-04-10,-0.0286524631054,-0.0282216197216,-0.0312717996535,-0.00830361821234,-0.0259143336366,-0.0285374200937,0.0174702039746,0.0343853987194
2012-04-11,0.00742128971353,0.00806130697572,0.00622432384571,-0.00357066527427,0.0118621515416,0.000403778527594,-0.000186230864924,-0.0120523360415
2012-04-12,0.013685314982,0.0129814707566,0.0098656802514,-0.00549253749245,0.021004569488,-0.00296512460293,0.0100688992242,-0.00416616599135
2012-04-13,-0.0125534667457,-0.011959880989,-0.0249901373539,-0.0285687204442,-0.0213971780395,-0.0168801937308,-0.0114357047993,0.016047100543
2012-04-16,-0.000503727622278,-0.000656544326817,0.00506382186184,-0.0423560591917,0.0244720172289,0.0152591734944,-0.00242755703678,-0.00145587685102
2012-04-17,0.0153679791556,0.0147036725752,0.0268507357749,0.0497144281659,0.00153360715529,0.0130297632657,-0.00130963814931,-0.000599658636563
2012-04-18,-0.00406353329448,-0.00338515037985,-0.0159873508661,-0.00223281665419,-0.0335054302946,-0.00387767274924,-0.00588311877012,0.00291148225313
2012-04-19,-0.0059520756913,-0.00644139049128,-0.0206639144248,-0.0349603678388,-0.0248709482086,-0.0267481746697,0.000752933482193,0.00094076625593
2012-04-20,0.00116858236626,0.00166837216141,0.00457677150578,-0.0249227102135,0.0171645417388,0.00316021171682,0.000689720093982,0.000170327635266
2012-04-23,-0.00844311318473,-0.00844425640239,-0.0286994965719,-0.00223676494432,-0.0296074015498,-0.0247197807195,-0.00295022969079,0.00723413857595
2012-04-24,0.00367302015521,0.00379418663566,0.0226408707765,-0.0201777215762,0.0202444334401,0.00979398665815,0.00144483483234,-0.00706317602195
2012-04-25,0.0135523423902,0.013598869931,0.0200356839771,0.0850224760054,0.0166296444409,0.00873359553818,0.00200672337507,-0.00513793772416
2012-04-26,0.0066579520908,0.00694463916183,-0.00128114945818,-0.00377782933779,0.0048157642809,0.00783702126569,0.00879471769641,0.00599176379965
2012-04-27,0.00241141401333,0.00163970809886,0.0113770573751,-0.00776396209771,0.0107502246068,-0.000273656034047,0.00217118658325,0.000852524107558
2012-04-30,-0.0038910621534,-0.00371106628426,-0.0165058208604,-0.032050161681,-0.00875090951496,-0.011851530155,0.00309348749161,0.00025620046392
2012-05-02,0.00314263056127,0.00321215359257,0.00420244618309,0.00341839386981,0.0256373615778,0.00207758940527,-0.00800084272949,0.00181780862404
2012-05-03,-0.00768835160093,-0.00765472297503,-0.000920965542447,-0.00712459253876,0.00737168287764,0.000415152665616,-0.010138996702,-0.000255925947078
2012-05-04,-0.0162789952114,-0.0162900610645,-0.0192290850626,-0.0288925084616,-0.0282263880289,-0.0179986546179,0.00314031156738,0.00781797114991
2012-05-07,0.000350519240533,0.000729593125368,0.0163894645745,0.00745544825286,0.0138206471916,0.0121742200421,-0.00244859011887,0.000169295950654
2012-05-08,-0.00428785287734,-0.00401958608926,-0.0282144096579,-0.00228612772716,-0.0343071018953,-0.0294990906122,-0.0195512256622,0.0053181038695
2012-05-09,-0.00672482778985,-0.00594900769096,-0.00197011236976,0.00175900992409,0.0108980846839,-0.0121056709834,-0.00985609804963,0.000672379866552
2012-05-10,0.00251424727417,0.00206063877377,0.00368710680591,0.00235161980103,-0.0174130140118,0.0190997275007,0.00194026056956,-0.00294784613331
2012-05-11,-0.00339309090193,-0.00301930265494,-0.000127765443199,-0.00670065173972,0.00773156227467,-0.000426692719868,-0.0078488126611,0.00823408382604
2012-05-14,-0.0111750730527,-0.0111225724146,-0.023201691694,-0.0150945730581,-0.0188219701359,-0.0191085562538,-0.0146284611933,0.0138779708781
2012-05-15,-0.00576240872092,-0.0057584341008,-0.00614047253671,-0.00908786405358,0.0106818560741,-0.00305056864594,-0.0105624057213,0.00403608302497
2012-05-16,-0.00441354366417,-0.00383192602783,0.00308804277287,-0.0129002344451,0.0052986439838,0.016021133308,-0.00187164485633,0.00287205697165
2012-05-17,-0.0151657978048,-0.0149421799897,-0.0121044177974,-0.0296613640114,-0.00611608840527,-0.00949500814942,0.0221010510285,0.0175494808742
2012-05-18,-0.00741520132812,-0.00859538333322,-0.00132558047136,0.000490113732526,-0.020662017288,0.00173312651468,0.0113877916234,0.000240690362895
2012-05-21,0.0159086839885,0.017042027073,0.00634614436442,0.0566261201995,0.00375047084242,-0.00187763965636,0.000646772344475,-0.00209553520472
2012-05-22,0.000486219062245,0.00174137931596,0.0186351162362,-0.00770860055291,0.0270842700529,0.0162042056027,-0.0167577490026,-0.0111968180371
2012-05-23,0.00169227015898,0.000529180635213,-0.0265549649793,0.0241071403643,-0.0333431144205,-0.0188101501805,-0.00302935368017,0.00691202252092
2012-05-24,0.00137908064403,0.00196408703008,0.0115799900599,-0.00922701409683,-0.0181631002916,0.0145336969894,-0.00138594221236,-0.00381564662089
2012-05-25,-0.00216798114098,-0.00324999080477,0.00318424146517,-0.00537337093597,0.00848892351977,0.00512948843061,0.00835276659089,0.00373478454043
2012-05-29,0.0110180555392,0.0120390901444,0.0119884587774,0.0175929305994,0.0299774081432,0.000569198502807,-0.0109318771677,-0.00308463350403
2012-05-30,-0.0144386295659,-0.0146160926983,-0.0226621829916,0.0119851666718,-0.0249185176406,-0.0190735176078,0.00587596168911,0.0250454167787
2012-05-31,-0.00227926088168,-0.00220379136598,0.000474069017096,-0.00248947782719,0.00419646760583,0.00663756093842,-0.00191090889997,0.0115079176088
2012-06-01,-0.0249512954215,-0.0254988569729,-0.0223018081706,-0.0294030598577,-0.0581933829213,-0.0222501379864,0.0380481006147,0.0234633310943
2012-06-04,0.000109548470043,-0.000468380911996,0.00136157387945,0.00586493717232,-0.00846888315573,-0.00117738210256,-0.00114346620678,-0.00793316684889
2012-06-05,0.00571051436821,0.00754345733634,0.0106421772474,-0.0025909083344,0.0159861186604,0.0105452610638,-0.00114487067498,-0.013466996876
2012-06-06,0.0227877761372,0.0222199182919,0.0239367417645,0.015216912213,0.0409983180632,0.0138893670661,0.000445414345928,-0.0201862624438
2012-06-07,-0.000106470427508,0.000606142843463,0.00415034898327,0.000454958955085,0.0229891836456,-0.000862815212854,-0.0173884393921,0.0015180562252
2012-06-08,0.00808142084268,0.00792006070428,-0.00635979555029,0.014929918796,-0.0137300967702,-0.00504557118195,0.0014875403123,-0.00023919772963
2012-06-11,-0.012700423459,-0.0127786250007,-0.0029305146363,-0.0158926077996,0.00751260024235,0.00288652674192,0.00406337432958,0.00454139138156
2012-06-12,0.0115833898987,0.0114252858018,0.00136293188155,0.00869845030371,-0.00793150719247,0.00373982105298,0.00705542001713,-0.00918522718688
2012-06-13,-0.00704803020028,-0.0064153863092,-0.00555209981047,-0.0069661716328,-0.00588490472213,-0.000287359901674,0.00420938178654,0.00982128602269
2012-06-14,0.0107565928723,0.0105448071183,0.00079502387003,-0.00110245330388,-0.00889257849142,0.00172193546651,0.00400168863798,-0.00127170553289
2012-06-15,0.0102847454744,0.0101752143997,0.0180297479934,0.004539049988,0.00593730328829,0.0157884249401,0.000570334950918,0.00555321074336
2012-06-18,0.00144370360436,0.00193616901283,-0.00696487620792,0.0200888318376,0.000845095119793,-0.00186642716497,0.000570016186287,0.00536529283195
2012-06-19,0.00976783429319,0.00962657883967,0.0167303585361,0.00277876679789,0.0262677992695,0.0144094976672,-0.0048874324165,-0.0131486792591
2012-06-20,-0.00168778046725,-0.00162261899927,0.00275448351411,-0.00284714630463,-0.0157612785774,-0.00269479135718,-0.0076007326668,0.00493081581003
2012-06-21,-0.0225132077069,-0.0226945752164,-0.00394186104357,-0.0138732476379,0,-0.0105658331968,-0.025651570025,0.00530226100053
2012-06-22,0.0071489894088,0.00767220086963,-0.00751643135653,0.00763927129738,-0.0245462174247,-0.0122753694144,0.00407008369839,-0.0134278868818
2012-06-25,-0.0160835025157,-0.0161650106717,-0.0226625839942,-0.0196562151452,-0.0225315370219,-0.0168513562029,0.00731071155516,0.0144527981308
2012-06-26,0.00476136775748,0.00501377484669,-0.00295970195126,0.00220551317681,0.00785708890104,-0.00607692371554,-0.00744177360339,-0.00394984034691
2012-06-27,0.00894478190807,0.00897611817934,0.0165940495712,0.00430867184066,0.0108107624932,0.0168071082496,0.0013750665258,0.00158190287137
2012-06-28,-0.00211202870369,-0.00285770884853,-0.00374180619358,-0.00953223431423,-0.0142951397289,-0.00468930383834,-0.0117152779325,0.00244725406413
2012-06-29,0.02461479365,0.024621281245,0.046411119429,0.0259330333557,0.0447932893537,0.0419959206957,0.0270392578773,-0.0130932291607
2012-07-02,0.00245629246226,0.00300728957727,0.0135316853794,0.0144836421338,0.00954932126126,0.0135699952537,-0.000644617791076,0.0102647120136
2012-07-03,0.00621277173794,0.00657174112152,0.00952183391743,0.0115614139101,0.0131365725235,0.0293009715564,0.0151659344322,-0.00771448442098
2012-07-05,-0.00469804194746,-0.00452209785009,-0.0128728667687,0.0174144538187,0.00569343655904,-0.0146800386892,-0.0113689287384,0.0050967638399
2012-07-06,-0.00947741840221,-0.00954928581169,-0.018934184461,-0.00667830915509,-0.0208979668956,-0.0125393642664,-0.0127348176965,0.0092510220398
2012-07-09,-0.00164017633769,-0.0012552463559,-0.00379095205112,0.0131333660694,-0.0171231832311,-0.00333335888503,0.00214450772682,0.00877604687265
2012-07-10,-0.0081591216145,-0.00875860993833,0.00587785834465,-0.00929517562838,0.0146353598439,0.000556865490821,-0.0123454265958,0.00202589189801
2012-07-11,-1.49240384226e-05,0.000149007838678,-0.00573533460876,-0.00623482652028,-0.0320565150097,0.00222204905736,0.00550575555295,0.00124518991089
2012-07-12,-0.00499957404874,-0.00485612825751,-0.00701482852891,-0.00919076801005,-0.0159866536803,-0.0114415424622,-0.00261803277156,0.00705149321416
2012-07-13,0.0163627588532,0.0166379475728,0.0144493328719,0.0100843147368,0.0346707121174,0.0113028833321,0.0101067141726,-0.00262867056358
2012-07-16,-0.0023169954131,-0.00235994423831,-0.000286180948917,0.00320132610295,-0.00463847462763,-0.000694336306446,0.000454081399972,0.0046336983402
2012-07-17,0.0073823555903,0.00684356340559,-0.000921815694205,4.94135909675e-05,-0.000845618231831,-0.00403457102693,-0.00481024055928,-0.00789077100608
2012-07-18,0.00665827507372,0.00737946258545,0.0182246343796,-0.00112108259144,0.0192716311613,0.018645802963,-0.00274042971008,0.000543717179912
2012-07-19,0.00271341563504,0.00261723506109,0.00869056649235,0.0132074322097,0.0233356478366,0.00341482266004,0.00215384994263,-0.00256481818944
2012-07-20,-0.0101126208363,-0.00919011258531,-0.0216035279918,-0.0164454473368,-0.0191949483655,-0.0167768215024,0.00188889811685,0.0121447349546
2012-07-23,-0.00894897852475,-0.0101639089182,-0.0293440286506,-0.000778199000172,-0.0191911410442,-0.0186164455297,-0.00417345898406,0.00559725508322
2012-07-24,-0.00908205023596,-0.00862382258342,-0.00869473878691,-0.00483094228525,0.00252420265508,-0.0159502489984,0.0031969036864,0.00784380038157
2012-07-25,-0.000313910762898,0.000224106034759,0.00229356060319,-0.0441437316682,0.0129408125977,0,0.0139074914454,0.0025763219226
2012-07-26,0.0164056629468,0.0163626747215,0.0398790053503,-0.000156840701722,0.0354493896977,0.036367516886,0.00704141939546,-0.0091979052482
2012-07-27,0.01890081436,0.0182652925638,0.0225279549208,0.0177243961116,-0.00401147041081,0.0334862047619,0.00489956124649,-0.0190418113198
2012-07-30,-0.00048347653474,0,0.0122772741809,0.0167266743871,0.000401747076701,0.00267384614557,-0.000698479279687,0.00744381244833
2012-07-31,-0.00432617309986,-0.00701930040206,-0.00878663367546,0.0260919518589,-0.0153846933475,0.00413041985361,-0.00598872843633,0.00200662623639
2012-08-01,-0.00290419290235,-0.000871777322067,0.00904259978406,-0.0064880786912,0.00691197606956,0.010317306133,-0.00866421350907,-0.00501181642758
2012-08-02,-0.00753196341396,-0.00692858876284,-0.0271911246515,0.0016133458248,-0.0146942910929,-0.0173888789265,-0.00653149401816,0.00565318209561
2012-08-03,0.0188612880168,0.0196390419822,0.0429118328353,0.0129309393905,0.0528545071491,0.0415711988615,0.00917080803127,-0.0162700028093
2012-08-06,0.00232656055635,0.00193553975257,0.00807888923497,0.0110636283233,0.0154803812923,-0.000641956357879,0.00481001399124,0.000393108528679
2012-08-07,0.00509376337427,0.00500115558905,0.0150903451572,-0.00263775995691,0.0156222182423,0.0217407527462,-0.00012799283319,-0.0129497800808
2012-08-08,0.000620633723697,0.0012108906916,-0.0043589800531,-0.00169276151423,-0.0129377397287,0.00351532178229,0.00127891693604,-0.00533890974856
2012-08-09,0.000413599905978,0.000853445214154,0.00535172600112,0.00568726316832,0.0272022629725,0.00262841952446,0.00325396017725,-0.000719164350567
2012-08-10,0.00218605046123,0.00163446560174,-0.00611982002691,0.0015612471828,0.00372038157019,-0.00100050705479,0.00120946000171,0.00502438412093
2012-08-13,-0.00125268524522,-0.000497099912961,-0.00268439820047,0.0132623290151,-0.00185834888804,-0.00514323425196,-0.00759966621899,-0.00167247159163
2012-08-14,-0.000128154155744,0.00014233448217,0.00693945450029,0.00267903752093,-0.00111685019055,0.00614374130675,-0.00552842737684,-0.0136391499438
2012-08-15,0.00113899121233,0.00113556824228,-0.00031018875742,-0.00136247494585,-0.00935454970862,0.000750160882637,0.00321792003713,-0.0141560156719
2012-08-16,0.0070754207643,0.00735122467765,0.00903077970905,0.0086965129626,0,0.00548050066508,0.00595788296877,-0.00855670464681
2012-08-17,0.0018703834472,0.00133767239457,0.00226432592798,0.0183272796232,0.00300297251969,0.00322475603669,0.00102146970393,0.00486303926495
2012-08-20,-2.1174844313e-05,7.05939976789e-05,-0.00223844255111,0.0259523330311,0.00187218858428,0.00173191624939,0.0034396747518,0.00205391367873
2012-08-21,-0.00350366685838,-0.00302906993563,0.00935111334286,-0.0137602879356,0.00261534142924,0,0.00993400567025,0.00442189894475
2012-08-22,0.000226377418945,0.000423260429291,-0.0148047566169,0.0193372542237,-0.00937207549921,-0.0160737992577,0.0107086286614,0.0163699098755
2012-08-23,-0.00810499947091,-0.00821289647199,-0.00843897003526,-0.00937238456555,-0.0102217634906,-0.0107345340353,0.00837399697579,0.00417130736049
2012-08-24,0.00643398846531,0.00602453896915,0.000189316566109,0.000889470366319,0.00379825505705,0.000127111174653,0.000494052995907,-0.000960798567292
2012-08-27,-0.000489134791598,0.000212103049366,0.00859052412365,0.0186130764665,0.0120573461033,0.00544365559045,-0.00377323922901,0.00583129261149
2012-08-28,-0.000808508632808,-0.000989805636914,-0.00907412792915,-0.00130316727685,-0.00827376898658,-0.00913248670057,0.00173373418041,0.00238690551879
2012-08-29,0.000843992676176,0.000777702587549,-0.00515969618589,-0.00197311624252,-0.00302583629051,0.00470353634589,-0.00651712585844,-0.00437965497846
2012-08-30,-0.00783642989845,-0.0072340376881,-0.0102399793637,-0.0143570418754,-0.0214403097969,-0.00648867506195,-0.000435937847519,0.00517378256595
2012-08-31,0.00506047006371,0.00475785821031,0.00999980657558,0.00206147428112,0.00463316297393,0.0135659403097,0.0227884280523,0.0140348254874
2012-09-04,-0.00116663957297,-0.000921775863953,-0.0041191491674,0.0145200129288,-0.0155280020434,-0.0072041902448,0.0015819595777,-0.00100465682055
2012-09-05,-0.0010682316536,-0.000850830025666,0.00198388560376,-0.00704689663115,0.00195415485801,-0.00495877014679,-0.00103408265611,-0.00472379598626
2012-09-06,0.0202295368196,0.0200931423862,0.0301048796353,0.00897083688539,0.0326513796721,0.0319874532222,0.0035237035566,-0.0167904274008
2012-09-07,0.0040417951088,0.00388721917891,0.00260926522001,0.00614775288012,0.00414842029307,0.00111075912943,0.0213010363192,-0.00466538223154
2012-09-10,-0.00616680573095,-0.00569749525341,-0.00370101910511,-0.0263570727889,-0.0045266214102,-0.00234600032522,-0.00685082366771,0.00241540435068
2012-09-11,0.00313005242311,0.00278363128038,0.00887367648138,-0.00324914022846,-0.0342273334129,0.0182505910786,0.00363973684825,-0.00629269200457
2012-09-12,0.00209050560201,0.00333000436912,0.00183304879237,0.0138306552284,-0.0201549765269,-0.00352663254069,0.000119135254006,-0.0125433380933
2012-09-13,0.0161781717105,0.015121500022,-0.0118368286518,0.0195016507319,-0.0156913198627,-0.00390527294898,0.0199871054657,-0.0039422523464
2012-09-14,0.00395113577314,0.00442430201158,0.0224441073491,0.0120795285809,0.0279906567413,0.0229676415032,0.00285625794469,-0.0269374859977
2012-09-17,-0.00312958345809,-0.00340144884748,-0.00781758194624,0.0122210265435,-0.0175023065048,-0.0100889471453,-0.00818244782837,0.0119323299329
2012-09-18,-0.00128059505217,-0.000818299682189,-0.011604374737,0.00303885619465,-0.00200854788063,-0.0101919924703,0.00771666999585,0.00499948829197
2012-09-19,0.00118485206009,0.000544964409466,0.00543122914184,0.000270547689522,0.00800955703336,0.011398540935,0.000116485178322,0.00654483211432
2012-09-20,-0.000540879949957,6.84972435038e-05,-0.00622011509669,-0.00485436242856,-0.0108281546269,-0.0160433092372,-0.00157340433543,0.00247329924949
2012-09-21,-7.53222997945e-05,-0.000417782735972,0.0059085849665,0.00198767628487,-0.0117623666202,-0.000245304691088,0.00285360231254,0.00115240413999
2012-09-24,-0.00223514954449,-0.00150949073146,-0.00953344906226,-0.0133729390419,0.00244491432044,0.00792318378922,-0.00530600337288,0.00778586324614
2012-09-25,-0.0105573895352,-0.0106989393342,0.0047325767807,-0.0252888618269,0.0016266601296,0.00467454945097,-0.00163828363988,0.0098282026905
2012-09-26,-0.00575325353806,-0.0056370631038,-0.0285702700854,-0.0124893037852,-0.0159742015379,-0.0281288927906,-0.00563749214212,0.0106937826655
2012-09-27,0.00960272762379,0.00937740002474,0.00714313162584,0.0239742095467,-0.013300374718,0.00176575565313,0.0147890934213,-0.00714334316155
2012-09-28,-0.00448780791268,-0.00464245625719,-0.0248756592109,-0.0210920332853,-0.0211423134197,-0.0275952459764,-0.0026145150793,0.000563472798249
2012-10-01,0.00264799746778,0.00263564385067,0.0236129594317,-0.0116247767153,0.0303053288376,0.0174639535208,0.00232433139275,0.00370441019184
2012-10-02,0.00087190688952,0.00103868988543,-0.00605911151907,0.002907246325,0.00124318135035,-0.00561729775331,-0.0011033248342,-0.00136699420964
2012-10-03,0.00361785713151,0.00407435436644,-0.00240752581373,0.0152169496745,-0.0158602799599,-0.00835541796118,0.00179964630733,0.000321187364524
2012-10-04,0.00714882160989,0.00714276412016,-0.001416163963,-0.00694900772271,0.0121265891415,-0.0105102034963,0.00693602562562,-0.0125487990934
2012-10-05,-0.00032164060288,6.81909925309e-05,0.0162844467571,-0.0215410513878,0.0148515855655,0.0103813283318,-0.00571879218774,-0.0130387022862
2012-10-08,-0.0034627239648,-0.00342700495542,-0.014718556481,-0.0223445759417,-0.0148515855655,-0.0114256167484,-0.00330746814587,0.00838406380321
2012-10-09,-0.00994018254082,-0.00993657081733,-0.0069963211797,-0.0036423188256,-0.0146539926257,0.00260795451015,-0.0061800451783,-0.00180265619326
2012-10-10,-0.00620725495771,-0.0064004965995,-0.00501135694498,0.00792664147346,-0.00126625561672,-0.00496129252625,-0.000877681942432,0.00702777626445
2012-10-11,0.000195370278808,0.000557817912112,0.014116089008,-0.0201900013815,0.0377091970871,0.0142953895516,0.00280577104684,0.00689688095374
2012-10-12,-0.00297054495564,-0.00328358204315,-0.00724407613747,0.00256036376239,-0.00081353866814,-0.0159985999027,-0.00738188940929,0.00250321157636
2012-10-15,0.00804547070826,0.00829345815532,0.00916390640229,0.00798736115855,0.00770310632329,0.00952611262073,-0.01010612295,-0.00226068779142
2012-10-16,0.0102175557734,0.0100818968607,0.0233090594654,0.0234024239334,0.0353142366866,0.026907205848,0.0063356459513,-0.0139207004417
2012-10-17,0.00410860596537,0.00452480490742,0.00755791773236,-0.0080036948715,0.00505542932274,0.0113135705552,0.000708018693644,-0.00930744978971
2012-10-18,-0.0024467196306,-0.00260251967421,0.00217479344978,-0.0187439716717,-0.0164258680539,-0.00400757720374,-0.00443354866288,-0.00614166038589
2012-10-19,-0.0167101450068,-0.0168045918676,-0.00869920370309,-0.0367048301067,-0.00791760090145,-0.00604265299765,-0.0108411356792,0.0134794900273
2012-10-22,0.000439485760406,0.000139257299141,-0.00609922847996,0.0388993054303,-0.00558014203249,-0.00658696959766,0.00364669956977,-0.00642811706844
2012-10-23,-0.0145492350179,-0.0139732893464,-0.02228039478,-0.0331441076767,-0.0218190714968,-0.0227531639984,-0.0129127588148,0.0142008221786
2012-10-24,-0.0030901522348,-0.00283233513705,0.00585103945957,0.00564136519091,0.00366991015196,0.00570426888421,-0.00345146735412,-0.00991079050208
2012-10-25,0.0029910651585,0.0029029406321,-0.00437553117017,-0.0118890851623,-0.00366991015196,-0.00635472130906,0.00701165216954,-0.0051175783405
2012-10-26,-0.000729248066476,-0.000565566752038,0.00688227230141,-0.00912995064979,0.021019363366,0.00725944817434,-0.000542316632141,0.0146209306325
2012-10-31,0.000155867711762,0,-0.00169573545183,-0.0144749948294,0.00319508578325,0.00283752870824,0.0054093713676,0.00585353717642
2012-11-01,0.0108672128541,0.0104159104085,0.0133621357373,0.00204708568018,0.0251982773485,0.00757134824397,-0.00456591348627,-0.00822095191192
2012-11-02,-0.0094237184903,-0.00893182370029,0.00489679569484,-0.0336504747758,0.0108272788982,0.00827395221809,-0.0211161943555,-0.000735612478857
2012-11-05,0.00216147163196,0.00204701343869,-0.0126669939135,0.0134659307645,-0.0077218014934,-0.0153295468843,0.00386699064657,0.00562776372361
2012-11-06,0.00782250920348,0.00779474790919,0.00870778297515,-0.00303252395556,0.000387656723433,0.00449501626347,0.0186331795779,-0.00948001429262
2012-11-07,-0.0239904846382,-0.0229246380415,-0.0200550615922,-0.0390133146665,-0.0247122612981,-0.0296543503292,0.00114187335002,0.0179838412711
2012-11-08,-0.0122799329305,-0.0120970538404,-0.000560387382159,-0.0369655217495,-0.00278383844784,-0.00476427597878,0.0089692059972,0.0147295705638
2012-11-09,0.00169725140976,0.000868868444425,0.00465219825335,0.0171652973792,0.00753839196423,0.00805883479365,-0.00101246543252,0.00111175798777
2012-11-12,0.000130478861349,0.000795982763457,-0.00348786963305,-0.00776239319141,-0.00277078128151,-0.004615886427,-0.00220723682886,0.00166590762418
2012-11-13,-0.00399338347561,-0.00347740449076,0.00553918504976,0.000129234391411,0.0133859800832,0.00408931477143,-0.00209230981643,0.00332226539196
2012-11-14,-0.0139488704013,-0.0135907849082,-0.00895388171994,-0.0111512111609,-0.0173569064824,-0.012318752932,0.000239307082292,0.000947146677046
2012-11-15,-0.00159481582452,-0.0016935447211,-0.0051958321198,-0.0211956359978,0.00159003495765,-0.00226834651788,-0.0063019925627,-0.00197423656692
2012-11-16,0.00482827486176,0.00492497778254,-0.012159688448,0.00391126899805,-0.0172313299324,-0.012230501565,-0.00126512050713,-0.00086998072523
2012-11-19,0.0196673769069,0.0200371330409,0.028923594313,0.0696266015014,0.0318243444193,0.0329859919288,0.0119251750289,-0.00563442602047
2012-11-20,0.000663166475065,0.000431539607171,0.00651441108297,-0.00855643070926,0.0101287092944,0.000130728267565,-0.00286342740891,-0.0100777952492
2012-11-21,0.00231749315482,0.00186559161986,0.00440961130066,0.00140740899547,0,0,0.00101507100236,-0.000562286276974
2012-11-23,0.0129422019886,0.0135334846876,0.0146844677254,0.0172975524158,0.0119438438608,0.00989322693675,0.0121602056368,-0.000966614161897
2012-11-26,-0.00203164401993,-0.00212471093716,-0.00792639668186,0.0310606764315,0.00229534387259,-0.00467412183149,-0.00106186892461,0.00473994429589
2012-11-27,-0.00524029393118,-0.00511735638043,0.00033983439873,-0.00809004642197,0.00571541978048,-0.0117814676042,-0.00425851474582,0.00391749633854
2012-11-28,0.00782533125554,0.00801981509564,0.00372223966031,-0.00315124680545,0.0162053406348,0.00734730432226,-0.0128857234569,-0.00143712402524
2012-11-29,0.00426055324048,0.004654933055,0.0151582272243,0.0109525372839,0.00413766058944,0.00820132505038,0.00377545174767,0.000160169042608
2012-11-30,0.000162494659567,0.000210883299163,-0.0032555722545,-0.00694678190273,0.0126819824452,-0.00233676869845,-0.00678206851037,-0.00272146117699
2012-12-03,-0.00475651932603,-0.00493667582906,0.00261376587373,0.00155374697957,0.00885612966812,0.00259623958183,0.000481678605696,0.000923537060561
2012-12-04,-0.00171127571324,-0.00141468963991,0.00388688213633,-0.0177969871374,0.0022018648387,-0.00129716170153,-0.0103465269353,0.00575853635754
2012-12-05,0.00158360732178,0.00176825569027,0.00279460451686,-0.0665209359847,0.0025625907539,0.00116711733279,-0.00182628045155,-0.000478601745253
2012-12-06,0.00330113578205,0.0033866614926,0.00310057801477,0.0155612233794,0.011270827813,0.00116621780927,0.00231273309695,0.00215267444443
2012-12-07,0.00291666208283,0.00302384298395,0.00109894894693,-0.0258967577428,-0.0010850610805,-0.00884363161561,0.0040041550314,-0.00927982669058
2012-12-10,0.00033850357498,0.000421335365822,0.0017983522654,-0.00645308698181,0.00253031059147,0.00936097038334,0.00386753555846,0.00441092117165
2012-12-11,0.00652753131998,0.00678520826525,0.00938244171362,0.0216024196811,0.0107720431434,0.017193745341,-0.000905168270327,-0.00763054129205
2012-12-12,0.000448138879965,0.000487751275033,0.000139866529867,-0.00442471472431,-0.0104111644012,0.00899086920887,0.000724217041636,-0.0116780687812
2012-12-13,-0.00634148976995,-0.00615055909436,-0.00096848588922,-0.0174234278594,-0.00579111918227,0.00151222152531,-0.00848135576734,0.000733754054615
2012-12-14,-0.00414397559709,-0.00372274042684,4.12126141226e-05,-0.0382925826976,0.00108827628052,-0.00656756601755,-0.00146112659176,0.00747148674775
2012-12-17,0.0118006878307,0.0116837277583,-0.00142278847786,0.0175767434855,-0.00581777964018,0.00692227322733,0.00188694698467,-0.0150809784113
2012-12-18,0.0114211858694,0.0110673155713,0.00289012831735,0.0286326664739,0.006905098033,-0.00217391353395,-0.0144557213522,-0.0102369575945
2012-12-19,-0.00761814523668,-0.00745707105324,0.00436476145983,-0.0143181561324,0.00901421421739,0.00370551810726,-0.00240911871889,0.00331360454034
2012-12-20,0.00547310412923,0.00573619214531,0.00058376719088,-0.00874033121144,0.00358293408278,-0.00601276948719,-0.0121960693615,0.000165881955509
2012-12-21,-0.00942294445827,-0.00911893369504,-0.00145469008485,-0.00461008235245,0.00142954060994,0.0061409916601,0.00374933891541,0.0108557668129
2012-12-27,-0.00846142009595,-0.00865163128359,0.0035061933974,-0.00825635512544,-0.0025031662963,0.00787561920957,0.00516348146818,0.0051391536256
2012-12-28,-0.0111114457608,-0.0108667698531,-0.0148086703399,-0.010677072332,-0.0133359167465,-0.0154292229397,-0.00385459604261,0.00569296992162
2013-01-02,0.0418861430599,0.0421610697908,0.0309181958535,0.0745464994197,0.0310797279706,0.0270031683721,0.0162495007452,-0.0308833845962
2013-01-03,-0.00208779554122,-0.00226250597293,-0.00342316607694,-0.0127022049763,-0.0070600655924,-0.003006420994,-0.0121467783837,-0.0136423506523
2013-01-04,0.00485330026172,0.0043826107827,0.00237548693044,-0.0282502925234,0.00494715139246,-0.000878295932445,-0.00472575809453,0.00389307903139
2013-01-07,-0.00312800322108,-0.0027366687157,-0.00682754178102,-0.00589913645247,-0.0120569263303,-0.0168412034249,-0.00631514285471,0.000421786143159
2013-01-08,-0.00324763970538,-0.00288151925131,0.000334656690503,0.00268716275674,-0.00536599902876,0.00585666999549,0.00706278151882,0.00656359593545
2013-01-09,0.00265234596368,0.00253883187873,0.00311722033849,-0.0157523003564,-0.00973149427899,0.0036745829054,-0.000436025544027,-0.000922930901413
2013-01-10,0.00756869970877,0.00791827837609,-0.00386219702296,0.0123201493009,-0.0105585041711,0.000505960683246,0.00924117963878,-0.00277374134666
2013-01-11,-4.7514918614e-05,-6.76718279279e-05,0.000782790740749,-0.00615052810667,0.00910903777683,-0.00164455957071,-0.00569589217677,0.00888367063753
2013-01-14,-0.000931104825129,-0.00068044023771,0.000601537322279,-0.0363040446781,-0.00618545006271,0.00316101814143,0.00297579273156,-0.00275794125817
2013-01-15,0.0011280332208,0.00068044023771,-0.00294369388752,-0.0320580505135,0.0144932199834,0.00302465617758,0.00629440540574,0.00459145455745
2013-01-16,0.000196972467491,-0.000136273655212,0.00300840965224,0.0406702188593,0.0107332986529,0.0041444258733,0.000553463943367,0.00208066229861
2013-01-17,0.00562706018746,0.00643943612353,0.00955918411755,-0.00676010584427,0.0120269995331,-0.00464820397125,0.00429455874769,-0.0100241048888
2013-01-18,0.00339749233702,0.00222764662953,-0.000675964148612,-0.00534597355173,-0.0052882995291,-0.0101240419106,-0.00159300363553,0.00769371385715
2013-01-22,0.00441833221534,0.0053786121777,-0.000152371837665,0.00949505108117,-0.0153160879661,0.00456860969231,0.00355002215559,0.00191376897233
2013-01-23,0.00150634192388,0.00160767866219,-0.00397475557652,0.0181396282417,-0.00648207248835,-0.00177445554102,-0.00281443524595,-0.00149793986418
2013-01-24,6.61419639457e-06,0.000268170112322,0.00695344295697,-0.131884525619,0.00863313183346,0.00795968107576,-0.0110281065459,-0.00350298998859
2013-01-25,0.00543070889683,0.0056065673367,0.00690277684275,-0.0238561820404,0.0089142967516,0.00226220496181,-0.00478160329259,-0.0137989929579
2013-01-28,-0.00185133412369,-0.00119928175215,0.000722308012017,0.022367795456,-0.00533890907109,-0.00832092698003,-0.00224341724665,-0.00365004521388
2013-01-29,0.00509300370769,0.00392422745833,0.00130312268425,0.0185888644897,0.00427336463453,0.0160749608462,0.00435765134509,-0.00554254201761
2013-01-30,-0.00390724474931,-0.00392422745833,-0.0053765548009,-0.00314724646708,-0.00856499503957,0.0120114773697,0.00742621751878,-0.00171150823933
2013-01-31,-0.00256659223467,-0.00246834383632,-0.0087809032141,-0.00293743489556,-0.00467046079551,-0.0171326598917,-0.00612268836871,0.00487045699727
2013-02-01,0.0100025134948,0.0102350122698,0.0109058425531,-0.00411394023499,0.00717588877873,0.00574398116523,0.00154966716057,-0.0130697605656
2013-02-04,-0.011605832704,-0.0113042931965,-0.0305723776725,-0.0252265181521,-0.0427303922933,-0.0293098388273,0.0034008566097,0.0127283336582
2013-02-05,0.0103626321389,0.0100471693698,0.00946081414071,0.0344864135376,0.00743486171213,0.0114721932092,-0.000246900847876,-0.00892682425365
2013-02-06,0.000549019822991,0.000727912135452,-0.0141193061993,-0.00107075289003,-0.0224727455204,-0.0141683060308,0.00265140893447,0.00815722162513
2013-02-07,-0.00180703074544,-0.00132410149546,-0.0115545576347,0.0293004090024,-0.00951495873678,-0.0126781894886,-0.00339267517526,-0.00222643521992
2013-02-08,0.00564199454256,0.00554891210554,0.0133646887001,0.0143340449108,0.0178138152342,-0.000651154028467,-0.00166963953011,0.00385025052014
2013-02-11,-0.000606301283572,-0.000197860682833,0.000295908536986,0.0103679094222,-0.0132351834918,-0.00574850105647,-0.0116414921779,-0.000768757308523
2013-02-12,0.00159400117335,0.00164621933069,0.00981313972361,-0.0253853911195,0.0124834238851,0.005226998074,0.00118903610728,-0.00248161484288
2013-02-13,0.000592087548576,0.000854868570251,0.00323623108021,-0.00190424499929,0.00412687247676,0.00377349682896,-0.00526743548588,-0.00817112487192
2013-02-14,0.000690433378052,0.000919304850612,-0.00785276024362,-0.000899639513191,-0.0120531317408,-0.0202000954252,-0.00441082618175,0.00902787539877
2013-02-15,-0.00104562791416,-0.00118252077025,-0.00251842384284,-0.0138768412253,0.00792625926403,-0.0115948253065,-0.0164914819121,-0.00291442607379
2013-02-19,0.00730969421713,0.00746708509749,0.0204030903727,-0.000369742201948,0.00599695687924,0.0264563686715,-0.00276443008765,-0.00499139836162
2013-02-20,-0.0124817112783,-0.0125418426331,-0.0069678579912,-0.0245156825191,-0.00976334640728,-0.00904848733786,-0.025362378768,0.00301453554487
2013-02-21,-0.00632300531559,-0.00609777271398,-0.0232003716566,-0.00623538805349,-0.0148262694075,-0.0192865005323,0.00776161899276,0.00583176659992
2013-02-22,0.00873421362358,0.00972528589348,0.022229558102,0.0105926570392,0.0144489096931,0.0220490054044,0.00229069117202,0.000684386606652
2013-02-25,-0.0184792755797,-0.0192103482275,0.00405246623875,-0.0179279578601,0.00864501930532,0.00915371484522,0.00891610484025,0.0194627337654
2013-02-26,0.00609087631288,0.00682218350847,-0.0270769017924,0.0138379198911,-0.0215633256904,-0.0321433254939,0.0121073414707,-0.00579970111244
2013-02-27,0.0126456992358,0.0125197149801,0.0190259174414,-0.00984877977491,0.00495884550805,0.0215435003874,-0.0106181631322,-0.00295486987907
2013-02-28,-0.000864453116015,-0.00197636067568,0.00849962701201,-0.0071557317236,0.00379831239239,0.00760118397028,-0.0102091920587,0.00185864468836
2013-03-01,0.00232115914548,0.00329205477067,-0.00622132364493,-0.0250738887457,-0.00379831239239,0.00052250238046,-0.00366683226686,0.00543065551396
2013-03-04,0.00460012654887,0.00531102477856,0.00265871594984,-0.0245039197533,0,-0.00379161419095,-0.000918809526495,-0.00531219005097
2013-03-05,0.0095205519446,0.00891888203607,0.0206571165266,0.0260590531838,0.0181001669987,0.0215120351197,0.000525154258488,-0.00287901243445
2013-03-06,0.00108392513655,0.00136020880777,-0.00355244915275,-0.0127917991178,0.00335771723605,0.0019211858362,0.00556260062797,-0.00911450382715
2013-03-07,0.00181484372843,0.0018107005148,0.00529103661215,0.0114921966346,0.00371745171718,0.00217308163694,-0.00353029919168,-0.00773138576735
2013-03-08,0.00447112874753,0.0042552700379,0.0121485116354,0.00264399654268,0.0143676090004,0.000765060800108,0.000131008509752,-0.0104891479847
2013-03-11,0.00324381887029,0.00378829034087,-0.00101085724069,0.0141449610027,-0.00439890159308,0.00318488787981,0.00183184865756,0.000957585588348
2013-03-12,-0.0024061458895,-0.00224595376415,0.000964000940791,-0.0217947395366,-0.00110275317046,0.000889517133367,0.00781302869311,0.00719992513091
2013-03-13,0.00131318976065,0.00141247302402,-0.00102395185474,-0.000186815825559,0.000735376868769,-0.00356383220259,-0.00344322568328,-0.0010374470566
2013-03-14,0.00558735155757,0.00530962884059,0.00922211794112,0.00964177748132,-0.00331292324919,0.00901293437458,0.00013007744012,-0.00303299020345
2013-03-15,-0.00161977356026,-0.00132114028149,-0.00714140961115,0.0254760016947,-0.010378376563,-0.0101611104854,0.00208012950252,0.00467536346692
2013-03-18,-0.00552556995812,-0.00553358110625,-0.0048399750261,0.0268201336645,0.00148951553659,0.00388053456436,0.00892115928782,0.00757348991015
2013-03-19,-0.0024254698776,-0.0023260973784,-0.0130822895018,-0.00270275747091,-0.0172613954741,-0.0085578834675,0.00449494742735,0.00675055824408
2013-03-20,0.00667516373986,0.00696118855908,0.0141508910287,-0.00531659887132,0.00904285165429,0.00868706111646,-0.00455937220613,-0.0112184746441
2013-03-21,-0.00831692368491,-0.00857932779114,-0.0143892567195,0.00143667727076,-0.0200802329349,-0.0124704962296,0.00564795169385,0.00959860442157
2013-03-22,0.00714864391792,0.00800071008828,-0.00120874085104,0.0200744217732,0.00152980902769,-0.0039292136913,-0.00449004598646,0.000767832265029
2013-03-25,-0.00334562978857,-0.00418578534704,-0.0112854052852,0.00360873550318,-0.00921317804585,-0.00790584875672,-0.00199490392115,-0.000938752566422
2013-03-26,0.0077549637562,0.00797091300262,0.00552655235526,-0.00527723534584,0.0126463850454,-0.00264856545292,-0.00335530054063,0.00119418335714
2013-03-27,-0.00058852308738,0,-0.00991928035853,-0.0198425992013,0.0106057930837,-0.00692059556885,0.00412797281141,0.00848475097479
2013-03-28,0.00404846287236,0.00306844081671,0.00531503872238,-0.0210569198638,0.00900229589112,-0.00227250262552,-0.00587461103885,-0.00508278333161
2013-04-02,0.000675317292389,0.000956723255167,0.0196244204488,-0.0295055831085,0.020695733923,0.022368589818,-0.0131649715898,0.00344136417734
2013-04-03,-0.0106021334803,-0.0101906630976,-0.0133356354955,0.00510576608655,-0.00807920114395,-0.0183613998236,-0.0112152980661,0.00894944767122
2013-04-04,0.00404027897373,0.00404993514695,-0.00769943317687,-0.00993364700484,-0.00888886102643,-0.00494463367203,-0.00292341591554,0.0118654097257
2013-04-05,-0.00430414505955,-0.00450093669515,-0.0169646792494,-0.0106236618995,-0.0340561608112,-0.0155273395484,0.0166285921596,0.0199833777157
2013-04-08,0.00628295877147,0.00674441670659,0.000900390768921,0.00708739090938,0.0141416245528,0.000135844083165,-0.00426268144382,-0.00768306600927
2013-04-09,0.00353806576739,0.00345106000881,0.00107391955807,0.00180450047888,-0.0149114517279,0.00974824509156,0.00772502695973,-0.00246538646171
2013-04-10,0.0121154432584,0.0121743833758,0.0196892677225,0.0201941034294,0.0168072184331,0.00938724503923,-0.0170348164376,-0.0138297981219
2013-04-11,0.00354595640126,0.00327136818699,0.00849809061619,-0.00312648054493,0.00754709689074,0.00120063900646,0.00198809208636,0.00191607940893
2013-04-12,-0.0028407979844,-0.00245250453239,-0.0123546169263,-0.0104846670658,-0.0162972950645,-0.00843443922877,-0.048144931476,0.0147893807043
2013-04-15,-0.0232341250374,-0.0234463686344,-0.0050593187086,-0.0234221267244,0.00305223996871,-0.0173583462372,-0.0919050715778,0.00865573157267
2013-04-16,0.014205840871,0.0146545588021,-0.00667634703614,0.0151050145504,-0.0388400274554,-0.0100367042733,0.0112833349929,-0.00824554051429
2013-04-17,-0.0144313133514,-0.0147192956057,-0.0237649677392,-0.0565625607281,-0.0362941381729,-0.0261793270482,0.000526909339754,0.00661859014552
2013-04-18,-0.00672355634861,-0.00627322736594,3.61534685103e-05,-0.0270509101418,-0.0078335082488,0.000850981994453,0.0107049568948,0.00244002708823
2013-04-19,0.0088089892791,0.00865580909488,0.0145079174836,-0.00388470306884,0.0204841044346,0.0073423263301,0.00867409510711,-0.00211530479343
2013-04-22,0.00465079821543,0.00442782217665,4.65279052312e-05,0.0206295488972,0.00287634448245,0.00701001214485,0.0177785203151,0.00073357160242
2013-04-23,0.0103653126175,0.0102573686008,0.0352200485433,0.0185389496321,0.0263227477122,0.0317615348986,-0.00742407517718,-0.00350500445624
2013-04-24,6.34031852626e-06,0.00063272908967,0.0157071077659,-0.00165073595329,0.0244781343589,0.0219526608362,0.010826554434,0.00252772862153
2013-04-25,0.00402661449122,0.00404569489052,-0.000642935913448,0.00717570709106,0.01278838106,0.00883162299292,0.0232868379833,-0.00432529784532
2013-04-26,-0.00184381183629,-0.00176772831224,-0.00795242211925,0.0213677073942,-0.00540546837759,-0.014541008208,-0.00509664143563,0.00911839471605
2013-04-29,0.00716031529693,0.00667638523792,0.0152710207377,0.0304987202813,0.0172714505604,0.0151969785428,0.0098161090841,-0.00365353531155
2013-04-30,0.00248181745825,0.00238240290025,-0.00308848610059,0.0290087092269,0.000760909373713,0.00379604166884,0.00329744564019,0.000569027117917
2013-05-02,1.25314541692e-05,0.000437704429863,0.000521031025264,0.00616880701705,0.0037951611132,-0.00971538016978,-0.0059714673494,0.00892935112312
2013-05-03,0.0104795638696,0.0100898805673,0.0139456617692,0.00996122318161,0.0239530469588,0.0140175073862,0.00119712702999,-0.0238590390052
2013-05-06,0.00190596109461,0.00253783517203,-0.00151148866756,0.0235656102403,-0.00854220882954,0.00064974954077,0.000422164389262,-0.00248391973321
2013-05-07,0.00521663919828,0.00505606749824,0.00364828511814,-0.00445967089577,-0.00448586636055,0.00168900098923,-0.0125297289682,-0.00390397181957
2013-05-08,0.00413053857944,0.00454028722819,0.00887584799516,0.0112304179699,0.0003745343805,0.00517764252185,0.0147082407669,0.00157995956884
2013-05-09,-0.00369391774633,-0.0028196875146,-0.00702613986259,-0.00876220741338,0.00224450372891,0.000903391966446,-0.0116498579611,-0.00257905323283
2013-05-10,0.00431234363276,0.00324845333909,0.00640669182831,-0.0083542548456,0.00410242780013,0.00231983105786,-0.00863021641747,-0.0108039806122
2013-05-13,4.28888409886e-05,0.000795120686402,-0.00218511143829,0.00390006956476,-0.00897200619219,-0.00103024805571,-0.00841650117565,-0.00769343399955
2013-05-14,0.0100910667911,0.0102810161615,0.00527353577489,-0.0242167886288,0.0193384981171,0.00424272749725,-0.00448882175825,-0.0109207883038
2013-05-15,0.00510110320236,0.00537206584435,0.00406878541886,-0.0344022522582,0.0157137530312,-0.00192621569436,-0.0233455982444,0.00666894062013
2013-05-16,-0.00502233162657,-0.00470671959611,-0.000793818131934,0.0132729958586,0.0179668957919,-0.00903878506956,-0.00401912566913,0.0103437479395
2013-05-17,0.0102474119847,0.00963067916079,0.00556367498649,-0.00304214052349,0.00886358340844,0.0116059722181,-0.0227796014228,-0.0127325387177
2013-05-20,-0.000707868620255,-5.99352736023e-05,0.00537881529976,0.0220741181386,0.00457852229625,0.00855276384649,0.0304316504574,-0.00119743585753
2013-05-21,0.00172090461286,0.0014364286505,0.00330805223614,-0.00741011255158,0.00630447890126,0.00860660672925,-0.0167167325624,0.0078380743194
2013-05-22,-0.00830807390799,-0.0074450194498,0.00369226079185,0.00383651866964,-0.00982458814692,0,-0.00709921397984,-0.0149619157707
2013-05-23,-0.00292811521274,-0.0028972416538,-0.0209430159906,0.00178843027615,-0.0315210312126,-0.00809778629539,0.0200344271317,0.00472703283012
2013-05-24,-0.000551517389983,-0.000846218054752,-0.00261482771953,0.00678461638776,0.000727276034572,0.00304410652842,-0.00633460412886,0.00137067536067
2013-05-28,0.00632096210287,0.00597067711659,0.0234220573871,-0.00836904983061,0.0205156251478,0.0149604332693,-0.00202050583238,-0.0256690812602
2013-05-29,-0.00707293670117,-0.00651549995033,-0.0190517883406,0.00791969161101,-0.0234286716172,-0.0168619547469,0.00998813435585,0.0111814223358
2013-05-30,0.00366362521898,0.003685397475,0.00556808072852,0.014790715081,0.0090762498553,-0.00012703559765,0.0137739813046,-0.0024354822654
2013-05-31,-0.014410576957,-0.0144558837569,-0.0120128746705,-0.00410534426022,-0.0123639270436,-0.0207752790853,-0.0205461299772,-0.00340140616254
2013-06-03,0.0059184400368,0.00549117523056,-0.00709603777776,0.00219915689022,-0.0084514535264,0.0019418145618,0.0191552435807,0.00528425008806
2013-06-04,-0.00552604796711,-0.00481846306935,0.00131527604509,-0.0031332071053,-0.00703563701618,0.00103413191265,-0.0094208324815,-0.00927804574204
2013-06-05,-0.0138755548731,-0.0141002212392,-0.0188711152419,-0.00939167080807,-0.026738629987,-0.0182534273892,0.00214225751365,0.0137115266969
2013-06-06,0.00845445465196,0.0090121909636,-0.00995477264805,-0.0150529398545,-0.00152776434624,-0.0149798724042,0.00742510295258,-0.000607474670688
2013-06-07,0.0127499143479,0.0126405219506,0.0151716307377,0.00761102492673,0.0140445764023,0.0123449243127,-0.0240921924567,-0.0180400501538
2013-06-10,-0.000346873427656,0,-0.00212744916192,-0.00663090195835,0.000376725408393,-0.00184836944118,0.00493978249843,-0.00478391910612
2013-06-11,-0.01020526436,-0.010369087266,-0.0140199319528,-0.00294370432526,-0.0236381657095,-0.0079620959987,-0.00516489036801,0.0118282810143
2013-06-12,-0.00840477668942,-0.00831140891457,-0.00443439219745,-0.0124395420264,-0.0147689755423,-0.00910092803246,0.00747667034302,-0.0144067831819
2013-06-13,0.0146760685918,0.0150941103368,0.00112755792983,0.00868473282713,-0.0134019945575,0.00322161286918,-0.00380607937717,0.0155469252189
2013-06-14,-0.00590240113577,-0.00629221901327,0.00188867605655,-0.0136488393978,-0.00158829634464,0.00361169223735,0.00514591138265,-0.00237024041773
2013-06-17,0.00753887581274,0.00769204585628,0.0152568807466,0.00452392492631,0.0106741577871,0.022576759269,-0.00492162818488,-0.00528515389572
2013-06-18,0.00776096371286,0.00787458632189,-0.000805224918467,-0.000532173225467,-0.00236226172832,0.000652489885126,-0.0123356129419,0.000530407962422
2013-06-19,-0.013948301397,-0.0139132311573,-0.00550917331751,-0.0205210828275,0.00589521413395,-0.00588779262222,-0.0117237106655,-0.0103820845341
2013-06-20,-0.0253284248255,-0.0250904564009,-0.037256929494,-0.0146696191296,-0.0371228810429,-0.0321386587663,-0.0550120847597,-0.0165487533339
2013-06-21,0.00266621949084,0.00320508713292,-0.0111160747466,-0.00804496451899,-0.0151609764827,-0.0106262415163,0.0116631524717,-0.0171033959947
2013-06-24,-0.0122193690269,-0.0127167690794,-0.0172083088337,-0.0268629645441,-0.0153946209367,-0.00544460998152,-0.00899679123725,0.00414201528592
2013-06-25,0.00945245625813,0.009568503067,0.0149586832672,0.00022333735615,0.0227989388922,0.0159687267858,-0.003718670398,-0.00895130348938
2013-06-26,0.00954478999932,0.00985240893321,0.0206681480208,-0.0113901467709,0.0258913590857,0.00836862717075,-0.042943533149,0.00646804923089
2013-06-27,0.00618069104757,0.00585281466057,0.00965520100995,-0.0108355676509,0.0103300036285,0.0147809913062,-0.0199818533679,0.0101707487422
2013-06-28,-0.00429878905875,-0.00410633458816,-0.00620711740976,0.00695948795221,-0.0159367881319,0.0096453603884,0.0269746111265,0.00681447571678
2013-07-01,0.00538919983291,0.00584287111211,0.00761223607389,0.0315014543471,0.0226335989131,-0.000133733416031,0.0168168799735,0.00201230736728
2013-07-02,-0.000545056762633,-0.000930272363641,-0.00663377825491,0.0223996837738,-0.0098637891512,-0.00951162697237,-0.00895597660508,-0.000633279519653
2013-07-03,0.000823707817224,0.000434393567072,-0.0108966412894,0.00550473529718,-0.0107635181116,-0.00323577162681,0.00573110914691,-0.00299614695472
2013-07-05,0.0101500460299,0.0107308363726,0.0139060880023,-0.00806445717579,0.00240174457178,0.00431198250281,-0.022192445063,-0.0346821078185
2013-07-08,0.0052378050365,0.00568890329324,0.0184705524387,-0.00569428777621,0.0291590699752,0.0227328231004,0.0119530548731,0.00964639829717
2013-07-09,0.00720366172182,0.00717133224638,0.00514647727458,0.0174355460843,0.0203731972803,0.00341166976572,0.00924506628055,0.00102456783103
2013-07-10,0.000181576068661,0.000363028110215,-0.000788650346976,-0.00384303718941,0.0075818533893,0.00183244832793,0.00273207935806,-0.00785203075022
2013-07-11,0.0134632131161,0.0135292422384,0.00738051578129,0.0154714770068,0.00939663825895,0.00677595610183,0.0268379504902,0.0116626850146
2013-07-12,0.00308172969899,0.000417660859792,-0.00359652536807,-0.00182685310985,-0.00299736480087,0.00259378231477,-0.000885783382911,-0.000835470567944
2013-07-15,0.00137393539334,0.00381292749623,0.00607475150416,0.00217785646185,0.00523957152544,0.0101818343882,0.000402746577101,0.00527796960166
2013-07-16,-0.00371565527789,-0.00375317912292,-0.00712847486014,0.00643647781199,-0.0173198729778,-0.00372570363962,0.0057012159312,0.00341078094255
2013-07-17,0.00277020640168,0.00256358127839,0.00543568733826,0.00025560752456,0.0109540808286,0.00500694523467,-0.01265073885,0.00183915818769
2013-07-18,0.00502034174954,0.00546254278927,0.014300596815,0.00336374090642,0.00673900497271,0.0209087075568,0.00557962062446,-0.0125725109616
2013-07-19,0.00160875575521,0.00177505288401,-0.000629042773574,-0.0158982789462,-0.0078665625979,-0.00251105764109,0.00883113467986,0.0156904442106
2013-07-22,0.00203096226114,0.00194851017959,0.00371250484088,0.00319528780636,-0.0102061083939,0.0102562930547,0.0293779350945,0.00146442901345
2013-07-23,-0.00185365348551,-0.0021256857413,-0.00428076771595,-0.0173195217929,-0.0118479848291,-0.00774523541364,0.00672994990238,-0.00421554604925
2013-07-24,-0.00381850317841,-0.00367255900311,0.010058597674,0.0500859321107,0.00268764262126,0.00824297120709,-0.0173417302369,-0.0127532715961
2013-07-25,0.00255321022615,0.00242990012012,-0.00169975428086,-0.0045734450905,0,-0.00486263481697,0.00929145857102,-0.000371214838633
2013-07-26,0.000827951193141,0.00106478087775,0.00323540832482,0.005662575101,0.0350382512881,0.00149925367853,0.000854542691597,0.00612182128877
2013-07-29,-0.00374303396305,-0.00307913388664,1.75928947125e-05,0.0153022736839,-0.00445272773441,-0.00525565243794,-0.00241009251742,-0.00733276461601
2013-07-30,0.000373747154854,0,0.00444979691185,0.0122737179039,0.00999090940659,0.00874367979251,-0.00272813611239,-0.000372627043583
2013-07-31,-0.000136418831139,0.000711378928749,0.00152390188112,-0.00174406809,0.00623983557954,-0.0026152765614,-0.00124957844867,0.00362813343103
2013-08-01,0.0124625884398,0.0114921490535,0.0124550269615,0.00912888025384,0.0242194186147,0.00992577910104,-0.0106062038359,-0.0194567694149
2013-08-02,0.00163911418859,0.0016976784697,0.000722004200951,0.012750059544,0.0046320766357,0.000740535827533,-0.00197651958265,0.0109499031544
2013-08-05,-0.00148093070361,-0.00146356240565,0.00106726093315,0.0148287326944,-0.00391802899027,-0.00135838310177,-0.00523689211793,-0.00772786387368
2013-08-06,-0.00573947310553,-0.0056990703871,-0.00430555983534,-0.00898666097976,-0.000714047645433,-0.00855980002964,-0.0138584828133,0.00292796223636
2013-08-07,-0.00381312569917,-0.00324533466021,0.00146695056636,-0.000580498592729,-0.00752829850025,-0.000997456869767,0.0014509191472,0.00742463372015
2013-08-08,0.00387792090417,0.0036583754559,0.0063756068107,-0.00199373984728,-0.00108019812191,0.00522439793203,0.0215935960247,0.00271195578598
2013-08-09,-0.00357634773295,-0.00289035963239,0.00300459042456,-0.0143320888639,0.00179957542548,-0.0012413705361,0,0.00158604202112
2013-08-12,-0.00115358571714,-0.00118212093589,-0.00119538049154,0.028011969286,0.00645170608389,0.00297689389873,0.0177355634908,-0.00682835767569
2013-08-13,0.00277220972548,0.00295267529016,0.00510035626534,0.0464281950885,0.00107126275823,0.00691186766746,-0.0108227551026,-0.0145624984436
2013-08-14,-0.0051900629132,-0.00514280312795,0.0052884216699,0.0180760730185,0.0134706244539,0.00343833512613,0.00981547188503,0.00152328068629
2013-08-15,-0.0143845653306,-0.0140846818075,-0.00511740367367,-0.00118466247177,-0.0141846720994,0.00975827776353,0.0206382865476,-0.0135965360031
2013-08-16,-0.00331006748251,-0.00331101096857,0.00746987762777,0.00883764584299,0.00640785777724,0.00882260467911,0.00673556098917,-0.00347654471979
2013-08-19,-0.00591777767733,-0.00641244419446,-0.00972492765356,0.0107122547272,-0.000354996471656,-0.0118617560835,-0.00430861248173,-0.00874479368494
2013-08-20,0.00381391310216,0.00490377325892,-0.0135711830915,-0.0132234127736,-0.00855611488006,-0.00954216892296,0.00332755365127,0.00767972343776
2013-08-21,-0.00579636961331,-0.00617930456366,-0.00344103013709,0.00257142091486,-0.00358660566549,0.000368169051345,-0.00287305501011,-0.0110037075118
2013-08-22,0.00858244167651,0.00907371709435,0.0109064451707,0.00119376351411,0.00537537434909,0.0134266733213,0.00558738229514,0.0101313513654
2013-08-23,0.00393924187249,0.00336696868447,0.0025465325428,-0.00386480150685,-0.00645381694831,0.0184988181194,0.0156141983833,0.0107976377195
2013-08-26,-0.00404783940925,-0.00372821477106,-0.000575200478457,0.00388477816003,0.00573881207436,-0.00023813978402,0.00406882764639,0.00497385294397
2013-08-27,-0.0160015393375,-0.0162149693224,-0.0244914230034,-0.0290073100691,-0.0290297644294,-0.00656915582658,0.00955189491938,0.012515517254
2013-08-28,0.00274387763469,0.00354516742958,-0.00208596894772,0.0047167413671,-0.0197068289841,0.0257880944664,-0.000292496154914,-0.00813599737262
2013-08-29,0.00196147664425,0.00158464803055,0.00651587955633,0.00162866507071,0.010831056472,-0.00714958868832,-0.00616343571083,0.00794745937288
2013-08-30,-0.00317936704422,-0.00317239790941,-0.0132752467951,-0.00915349144388,-0.0153474660944,-0.0140949441847,-0.00924255199537,-0.00113125178079
2013-09-03,0.00415557533102,0.00451160815159,0.0101899725294,0.00278785315572,0.0175737891479,-0.00179115671407,0.013282390125,-0.0142047818969
2013-09-04,0.00808418760961,0.00823893906237,0.00159654619134,0.0204810909255,-0.00259780550449,0.00298289075298,-0.0129852347444,-0.00220937979195
2013-09-05,0.00120913153951,0.00126614639826,0.00660560821372,-0.00688167416817,0.00444920782703,0.00416155854233,-0.0184372080969,-0.0140415428122
2013-09-06,5.44297258649e-05,0.000481665830689,0.0105239165603,0.00593884217972,0.0154190795162,0.00626860640444,0.0146426274209,0.00496128719804
2013-09-09,0.00994328214332,0.00953049050377,-0.00219045543412,0.0158308252084,0.00798273024291,-0.00579371332394,-0.0017905697673,0.000485125359608
2013-09-10,0.00731894030824,0.00737002761324,0.0187109388208,-0.0230422577019,0.0260401636705,0.00544028646259,-0.0163376412122,-0.00700803063429
2013-09-11,0.00304763482237,0.00313345384412,0.000599757417122,-0.055981431702,-0.00352748724709,0.00447219336645,-0.000303735195899,0.00884864012122
2013-09-12,-0.00338614186469,-0.00265963585913,-0.00303437501333,0.0105909488941,-0.0053143592736,-0.000117144560563,-0.0310777918033,-0.00135615292934
2013-09-13,0.00271100148177,0.00224629687722,0.00191460772817,-0.0166172745674,0.0063738215917,0.00632176910815,0.00117423005526,0.00387082093476
2013-09-16,0.00567700867858,0.0057714903829,0.00912586268827,-0.032308315472,0.0230299343333,0.0024474795379,-0.010776074831,-0.006685947221
2013-09-17,0.00420886949012,0.00445213774687,-0.00161741837304,0.0114860834232,-0.00900933632444,-0.0133602019761,0.000395358776393,0.00822951688803
2013-09-18,0.0121041216926,0.011507815499,0.00598616659395,0.0203488875407,0.0148562277056,-0.00532339901273,0.0426353312492,0.0122670853541
2013-09-19,-0.00184465431581,-0.00167739868872,0.00850966575834,0.0162652792178,0.0233867945217,0.0108531685544,-0.00197145199528,-0.00592309810974
2013-09-20,-0.00724305417226,-0.00701555360859,-0.000565985233325,-0.0104075772322,-0.00807268337755,-0.00564776774091,-0.0291884801551,0.00525601142219
2013-09-23,-0.00473075873128,-0.00463849359942,-0.00754088039202,0.0485038974689,-0.0118906728334,0.00787445864743,-0.00320923915837,0.0073118721031
2013-09-24,-0.0026005215711,-0.00235670835939,0.00562397679281,-0.00314357741526,0.0149253218793,0.0252020484204,0.000862043053131,0.010728345656
2013-09-25,-0.00274322490968,-0.00289446681076,-6.19154426407e-05,-0.0155987170592,-0.00743521817268,0.00242823798946,0.00881260539139,0.00205714482372
2013-09-26,0.00347936560328,0.0038377480031,-0.00205912995882,0.00969306384973,-0.00203666408588,-0.00370208991229,-0.00779481710658,-0.00702985929501
2013-09-27,-0.00408212169564,-0.0046069535574,1.18958758183e-05,-0.00716257940417,-0.00716355833556,0.0123251521279,0.00919152748409,0.0024420982599
2013-09-30,-0.00604747987898,-0.00534292964949,-0.0104032119219,-0.0125063773793,-0.00308582547218,-0.018020437211,-0.00614435546467,-0.00150287891246
2013-10-01,0.00796672458119,0.00788531106699,0.0127483505396,0.0232410951022,0.0166866170204,0.00604301466059,-0.0284071572599,-0.00303837717309
2013-10-02,-0.000666891939524,-0.000945679053206,-0.00920199074014,0.00327339524888,-0.0225420384873,-0.00592668974259,0.0196310858923,0.00151137324588
2013-10-03,-0.00901997253841,-0.00926343051425,-0.00728452788926,-0.0126417760342,0.00688479354661,-0.0112518756923,0.00094400574147,-0.00160642936677
2013-10-04,0.00702846681133,0.00754833799624,0.00874800901378,-0.000786093837983,0.00649687456358,0.0110189192622,-0.00512397954135,-0.000756364207583
2013-10-07,-0.00854274760674,-0.00868263547431,0.000319352975715,0.00972370451428,-0.0106221690768,0.00232883135451,0.0087343672776,0.00405963557411
2013-10-08,-0.012408749965,-0.0117146400576,-0.00772382890833,-0.0140603295182,-0.00587328596996,-0.000116373770068,-0.00188203473886,0.000282628927473
2013-10-09,0.000573741584452,0.000725231051819,-0.00156889265664,0.0116791174529,-0.0048625083229,0.00185982203519,-0.0101772089393,-0.00803854032134
2013-10-10,0.0215956233728,0.0213280344469,0.021824309162,0.00624868988104,0.0158896735472,0.0131486578922,-0.0146979562204,0.00161379698801
2013-10-11,0.00626659527639,0.00642286402536,0.000443256013011,0.00645338774501,0.00205421046725,-0.000458404549891,-0.013529586488,-0.000284969323117
2013-10-14,0.00406644145178,0.00398601115327,0.000705910771501,0.00653289348281,-0.0096220848115,0.000343751088412,0.00187429464477,-0.00809246489814
2013-10-15,-0.00708878958009,-0.00728070969915,0.00779816124331,0.00530772216646,0.00034532293393,0.015014068763,0.00730049463856,-0.000669123704242
2013-10-16,0.0137328040316,0.0138692818125,-0.00289416223211,0.0048611245458,-0.0433854689367,0.00202959752289,-0.00153679810993,0.0124528698626
2013-10-17,0.00672131421113,0.00666155738367,-0.000961901450675,0.00674219331942,-0.00469762994109,0.000901136767628,0.0309237026299,0.0090279095425
2013-10-18,0.00652740570253,0.00673105535898,0.0108824541044,0.00866398848412,0.021144208387,0.00840627302043,-0.00448343071358,0.0021516541292
2013-10-21,9.17321066118e-05,5.77675522525e-05,-0.00212774026442,0.0242094010432,-0.0124889333719,-0.00896944141743,0.00102434708943,-0.00318152058749
2013-10-22,0.00572111637379,0.00577463404179,0.00431860168026,-0.0028618095013,0.00822451520555,-0.00440176502016,0.0184149477241,0.0110909977025
2013-10-23,-0.0047357532041,-0.0048002971215,-0.00812759334068,0.00974300596024,-0.00535631733641,-0.00886261257768,-0.00503813804541,0.00388553625171
2013-10-24,0.00325283831227,0.00331700468405,0.00352136460197,0.0131518981836,0.00107376380965,0.00409975565014,0.00935845044038,-0.00388553625171
2013-10-25,0.00438521482413,0.00455705891145,-0.000790800696335,-0.0112489105904,-0.00466036947514,0.0132111700555,0.00430184253707,0.00370075142181
2013-10-28,0.00132881605335,0.00158959614174,-0.00485697587094,0.0074252397293,0.00322849507222,0.00280016136811,0.000766155872928,-0.00342219951468
2013-10-29,0.00556866131661,0.00532011076869,0.00620890933508,-0.0252266355093,0.00428908650855,0.00979526885622,-0.00606919232427,0.00129591455079
2013-10-30,-0.00488784936718,-0.00497911611811,-0.000930750315399,0.0157838113851,0.00355958327893,0.00199211297337,-0.00131085335843,-0.00603285266118
2013-10-31,-0.00384677083391,-0.00284040910521,0.00601361131142,-0.00420006995309,0.00778775460123,0.00077341900155,-0.0144558977378,0.00213872314914
2013-11-01,0.00289921464736,0.00238616037349,-0.00622886572502,-0.00512134259131,-0.00424003776069,-0.011330816288,-0.0062036479573,-0.0108834445595
2013-11-04,0.00356419934204,0.00351226674764,0.00359736409818,0.0128399193591,0.00459265629756,-0.00571391995828,-0.00110339704416,0.000942223077772
2013-11-05,-0.00280953084345,-0.00317177558457,-0.00825345124304,-0.0024708995354,-0.0156309323323,-0.00416635701794,-0.00197339925862,-0.0120213114351
2013-11-06,0.00425646841151,0.00509287368676,0.00786638013438,-0.00283751633838,0.00143101529911,0.00585013106496,0.00504413910455,0.000475794932675
2013-11-07,-0.0132704361042,-0.0127239365271,-0.00138655418524,-0.0163149305778,-0.000715324735278,-0.00562428663366,-0.00820965296056,0.00843535818247
2013-11-08,0.0133382088307,0.0134011148435,-0.00481191843326,0.0156241022766,-0.00250745409685,-0.0119152343094,-0.0150138978821,-0.0243600393455
2013-11-11,0.000722670461938,0.00016917046223,0.00694697088952,-0.00290492039998,0.00679194729824,0.00761914610018,-0.00330442369345,-0.0037792512724
2013-11-12,-0.00237320587385,-0.00203257499886,-0.00616335801274,0.00184782678182,-0.00643346945952,-0.00556629292129,-0.0115298938867,0.00464885284501
2013-11-13,0.00806275295032,0.00799278546965,-0.00560693607598,0.00119153461719,-0.00828070520161,-0.000911975739272,0.00326132378879,0.00366479662208
2013-11-14,0.00482559675501,0.00497711289778,0.0103170760917,0.0143596693888,0.0097139908959,0.00386938079823,0.0114925109897,0.00614286536998
2013-11-15,0.00421314650008,0.00434119090093,0.00194022636712,-0.00602032766497,0.00500018376523,0.00498580152581,0.000402292942418,0.00200595489253
2013-11-18,-0.00370505274997,-0.00350496004427,0.0066064312666,-0.0121882646029,0.0155532417613,0.00944827360848,-0.011487853774,0.0059983968157
2013-11-19,-0.00204505517744,-0.00217607234402,-0.0112628456329,0.00177179583528,-0.00986960850627,-0.0102401401445,0.000406711416657,-0.00762239062509
2013-11-20,-0.0036422359964,-0.00313284146333,-0.000917943625821,-0.00879587482383,-0.00141789855898,0.00327453163463,-0.0232864761719,-0.0171694891405
2013-11-21,0.00809570571711,0.00803625790055,-0.00339586257499,0.0118518579243,-0.0106992041555,0.00247741199006,-0.00149963367479,0.00165135569826
2013-11-22,0.00494919039933,0.00498966940846,0.00577325622688,-0.00257412454294,0.00393653926877,0.00940244471109,-0.000166797298811,0.00928247142115
2013-11-25,-0.00126414117716,-0.000995842443872,0.00546366489394,0.0075506874696,0.0152406122348,-0.00223018170265,0.00449290219751,0.00288201464428
2013-11-26,0.000149793495562,0.000276514049008,-0.00568805709317,0.0182765658703,-0.00847794734803,-0.00447651502407,-0.00532712265829,0.00373617603
2013-11-27,0.00248199841809,0.00243216732971,0.0036147289238,0.0232737949827,0.00495398228361,0.00224022321111,-0.00300903772262,-0.00172215451705
2013-11-29,-0.000785997972773,-0.00066275124622,0.000500660095665,0.0183484431906,-0.0121774664081,-0.00190405283313,0.0103265243153,0.000286927241193
2013-12-02,-0.0027227239896,-0.00259971015219,-0.00219085976678,-0.00874185931746,-0.00324874105963,-0.00348200348316,-0.0261891332647,-0.00780769140984
2013-12-03,-0.00319795599263,-0.00432983024797,-0.0268085970153,0.0270070683999,-0.0282328960277,-0.0162198360675,0.00322660548582,0.0036703534651
2013-12-04,-0.00130434301253,-0.000111567737583,-0.00574933349065,-0.00233350461435,-0.0157423195501,-0.011616680684,0.0168127700751,-0.0095918998421
2013-12-05,-0.00434901620599,-0.00440502114923,-0.0117865886518,0.00511964211381,-0.00834590728624,-0.0153882584308,-0.0139345492011,-0.00282684797644
2013-12-06,0.0111751951427,0.0111148460732,0.00715982099848,-0.013973235128,-0.00726445473871,0.00842316745782,0.0021110414736,0.00477171780975
2013-12-09,0.0018154510836,0.00253860663276,0.00114479302121,0.0113812204121,0.00535771211712,0.000931288209465,0.00982085352013,0.00232972731833
2013-12-10,-0.00318472489586,-0.00358904243824,-0.0104460406497,-0.00155461004968,-0.0184903248204,-0.0166649195777,0.017388854071,0.0071476051927
2013-12-11,-0.011381397443,-0.0112946250826,-0.00104665844723,-0.00743673086999,0.00116562557202,-0.00736460030509,-0.00791168620089,-0.00772913286571
2013-12-12,-0.00377768854573,-0.00330655273194,-0.00435018660882,-0.00146127054627,-0.0113262523715,-0.00394161210429,-0.021493614196,-0.00379063312883
2013-12-13,-0.000101415449329,-0.000112477929878,-0.00231525572886,-0.0109601963108,-0.000392872155057,-0.00515999419202,0.00917241259922,0.00485637037281
2013-12-16,0.00630015225724,0.00621261968303,0.0147124754403,0.00552181709313,0.0128834813549,0.0283942610546,0.00259342598445,-0.00368912846851
2013-12-17,-0.00310580590139,-0.00318527387436,-0.0125152433445,-0.00451249260178,0.000775449415805,-0.00511372603077,-0.00872708385704,0.00446397208092
2013-12-18,0.0165109057805,0.0169280153611,0.00999497806811,-0.0076325353083,0.00193612900718,0.013147930058,-0.00880392537245,-0.00504642032459
2013-12-19,-0.000580096970898,-0.00115600628577,0.0108329827003,-0.0115232335206,0.00617053998078,0.0159929350858,-0.0240083896261,-0.0009741679688
2013-12-20,0.0048071550529,0.00580001247882,0.00946336974828,0.00834087911854,-0.00192435360501,0.0132299895362,0.0097071484224,0.0152723192469
2013-12-23,0.00530402891696,0.00532813850123,0.00511830474014,0.0376592326904,0.00346111831795,0.00547035464981,-0.00319642617454,-0.00567565953064
2013-12-24,0.00291150427485,0.00218918663493,0.000739916542017,-0.00425417524516,-0.00230610663125,0.000228038193302,0.00457546448997,-0.00804004350376
2013-12-27,0.00439766354333,0.00501680677328,0.0139454536926,-0.0134426475572,0.0183002158424,0.0112992187956,0.00874720435044,-0.00670509505719
2013-12-30,-0.00017926989416,-0.000163408290418,-0.000453609123043,-0.00999458702644,-0.00113398806674,-0.00394041832787,-0.0148813892874,0.00685210098457
2013-12-31,0.00395185631592,0.00472176417102,0.00472260244801,0.0116537176102,0.0030211470423,0.00461398999142,0.00630647845146,-0.00636071806607
2014-01-02,-0.0089014130823,-0.00962993904671,-0.0161140544333,-0.0141635797834,-0.0102330662618,-0.0176711833022,0.0160604594739,0.00303884319026
2014-01-03,-0.000333020328279,-0.000163618311547,0.00480715639649,-0.0222106014137,-0.00190674262159,0.00296692087034,0.0108728872111,0
2014-01-06,-0.00251492693317,-0.00290264792981,-0.00474559293198,0.00543835924538,-0.0188793722506,-0.00869754430642,0.00175885969478,0.00419864755102
2014-01-07,0.00606334518255,0.00612284978041,0.00827783891766,-0.00717803906626,-0.00702596601768,0.0107463425305,-0.00570662844397,0.00253164715022
2014-01-08,-0.000212231694765,0.00021759175214,-0.000403633892493,0.00631356279811,-0.0145985677625,-0.00971277841729,-0.00590866065397,-0.00272541656813
2014-01-09,0.00034824873482,0.000654124589336,-0.00844204907333,-0.0128523241167,-0.0229157892577,-0.00460339490466,0.00287426013353,0.00583187813407
2014-01-10,0.00230403036309,0.002719629154,0.00600774371824,-0.00669510296882,0.0229157892577,0.00552165958228,0.0150807398349,0.0118500754488
2014-01-13,-0.0126559664897,-0.0133952856114,0.00297630364977,0.00522134244538,0.0043621517308,-0.0122348384165,0.00629971416283,0.00496821469297
2014-01-14,0.0107598762781,0.0108394265375,0.00256051984874,0.0197026561728,-0.000791719963737,0.0141832906028,-0.0093811490263,-0.00458480022874
2014-01-15,0.00515288913435,0.00537541124206,0.0134484512025,0.0198788021927,0.0192203382169,0.00536694930459,-0.00192022598865,-0.00105433367211
2014-01-16,-0.00134802835937,-0.00130072753774,-0.00295903607309,-0.0055956450474,-0.0160567327392,-0.00468039088592,0.00108579670125,0.00668702595757
2014-01-17,-0.00390278060395,-0.0042384537844,0.00190359694226,-0.0248068506973,0.000394732913688,0.00922515580882,0.009471647706,0.0041794726172
2014-01-21,0.00276991242951,0.00293613267395,-0.000839146438983,0.0154167312232,0.017990242868,0.00113295952956,-0.0102232782959,0.000758705222882
2014-01-22,0.000574699765987,0.000651781088361,0.000256649842151,0.00443419613053,-0.00817291465735,0.00316598776991,-0.00426971222672,-0.00246598654919
2014-01-23,-0.00892932453983,-0.00822710787807,-0.0102302370736,0.00843175237048,-0.019732144039,-0.00850242311551,0.0215793830353,0.0140510423915
2014-01-24,-0.0210964214964,-0.0215670989772,-0.0283088454944,-0.0183447222985,-0.0100142676776,-0.0239639362035,0.00409702306869,0.00643995500216
2014-01-27,-0.0048882215904,-0.0049308853727,-0.00407178370546,0.00807981562712,-0.00767824387313,-0.0118469366732,-0.0109353772145,-0.00700170977192
2014-01-28,0.0061218753944,0.00593655193442,0.00977936076263,-0.0833027225602,0.00687281325186,0.00869356662051,-8.26919116289e-05,0.00243287902357
2014-01-29,-0.0102617040054,-0.00965168936537,-0.0067871616747,-0.0114172601121,-0.00606181998273,-0.00904759377814,0.0124888979461,0.00819125969478
2014-01-30,0.0112040442427,0.0105451740169,0.00552719171303,-0.00193908372376,-0.0069149839472,0.012317459337,-0.0222928982871,-0.00287834059852
2014-01-31,-0.00648628988702,-0.00587584280165,-0.00342685456084,0.00163968145101,0.075826817846,-0.012789983251,0.00266821645283,0.006671496402
2014-02-03,-0.0230966046035,-0.0227625182783,-0.0140137480882,0.00185585625425,-0.0194850287366,-0.0136736007805,0.0101902544561,0.0121116428537
2014-02-04,0.00761204338333,0.00698042367437,0.0023586537147,0.0143716356698,0.0042350454417,-0.00311735227504,-0.00272380179729,-0.0106675126739
2014-02-05,-0.00203028211003,-0.00125512053804,8.25340829257e-05,0.00744117133339,0.00153550724194,0.00586722852933,0.0024764995424,-0.00928893262208
2014-02-06,0.0123630544157,0.0131010004924,0.0169305727214,0.0058119416574,0.0253750676009,0.019039302144,-0.000412344872096,-0.00430253997573
2014-02-07,0.0132141936021,0.0123195213124,0.00952448817917,0.0138926891817,0.00373291179505,0.0114139608419,0.00764146535194,0.000843754662133
2014-02-10,0.00156800464224,0.00183473542299,0.00211444359912,0.01775667677,-0.00522977463346,-0.0053414163618,0.0061202199462,0.00280493641635
2014-02-11,0.0110013758444,0.0108843583373,0.0108422430911,0.0130900282094,0.00746292097017,0.0147926112528,0.0116468722402,-0.00580600778629
2014-02-12,-0.000269298518891,0.000494577530083,0.0051649064159,-7.44710442592e-05,-0.0048444352051,0.00947718748834,0.000562715555816,-0.00517861036854
2014-02-13,0.00579321182006,0.00514954102048,0.00169402478699,0.0157543588532,-0.00336772030264,0,0.00848274939715,0.00564749421487
2014-02-14,0.00479768947917,0.00550374741141,0.00631933728128,-0.000808445407614,0.0104400443773,0.00994996931108,0.0131414494129,0.000564084284117
2014-02-18,0.00115780345615,0.00119510278745,-0.00217514536902,0.00366968409713,0.00702266668247,0,0.00196425123907,0.00224907237335
2014-02-19,-0.00654586190052,-0.00664420864391,0.0023963029405,-0.0159138482306,0.00367678232486,-0.000225082998272,-0.00890931114467,-0.00422157823213
2014-02-20,0.00601334166557,0.00588367598778,0.00330937725799,-0.0116421161659,0.00658359554943,0.0102998974656,0.0104779075447,-0.0024471866628
2014-02-21,-0.00192056651182,-0.00114111271044,0.00585354565653,-0.011170378865,0.00218502708015,0.0156927010147,-0.000156720746461,0.00526307578123
2014-02-24,0.00616745536205,0.00553105575371,0.0086520999522,0.00436958616627,0.00941363244239,0.0138295771509,0.0109912862495,-0.00253413163018
2014-02-25,-0.00134859055001,-0.000378248789281,-0.00103695822628,-0.0104617806311,-0.0101416778579,0.0036701636107,0.00170412116976,0.00888880733541
2014-02-26,2.16997082536e-05,5.43075762297e-05,-0.00400380246686,-0.00906222265753,-0.0161471162448,0.00322712412689,-0.00854976423537,0.00529576815376
2014-02-27,0.00493588147209,0.00523354720653,-0.000118276183749,0.019751248228,0.00332447543871,-0.00462914778248,0.000702243411499,0.00545232277132
2014-02-28,0.00277882422261,0.00252622527359,0.00265545741738,-0.00271380450365,-0.00554651358639,0.0147805424399,-0.00453439913815,0.000552641283645
2014-03-03,-0.00740586636199,-0.00705741188523,-0.0269497013517,0.00288443266293,-0.0285841463939,-0.0173732376471,0.020705559541,0.00665351057655
2014-03-04,0.0151523228342,0.0139582345097,0.0241827291871,0.00657200646285,0.0158973896123,0.01716033197,-0.0124340335162,-0.0151566628801
2014-03-05,-5.33524369712e-05,0.000905837007238,-0.00105834143855,0.00210607627118,-0.0067822677846,-0.00202257941054,0.00163067168582,0.00213962723007
2014-03-06,0.00171693312189,0.00228762630585,0.00585587272524,-0.00302874880667,-0.00454739154887,0.00287331591215,0.00988195345571,-0.00989797909932
2014-03-07,0.000537944701998,0.000424670262886,-0.0115263637929,-0.000583963867767,0,-0.0197432441334,-0.00833146858136,-0.00630734958606
2014-03-10,-0.000463353578807,-0.000530861093628,0.00101174109398,0.000904387369519,-0.00228103553074,0.00777193683394,0.000309883046745,0.00141576619928
2014-03-11,-0.0050950969416,-0.00495501960899,-0.00484364998294,0.00969086185381,-0.00343207365351,-0.00247650228677,0.00563726720171,0.00263626481732
2014-03-12,0.000305124168463,0.000266830384332,-0.0100418009975,0.00096906117941,-0.0146211419997,-0.00313066105097,0.0145250931407,0.00693652192563
2014-03-13,-0.0117700915066,-0.0112764194583,-0.0130308029591,-0.0111691496509,-0.00583081297558,-0.0114187645396,0.00340957254647,0.0133613176687
2014-03-14,-0.00282576645112,-0.00281193124701,-0.00806432463658,-0.0112947587687,-0.0117647828431,0.00621515321577,0.00670915001188,0.00018418440578
2014-03-17,0.00956771760197,0.00900305277248,0.0130981331408,0.00389910131124,0.00981339444793,0.0102728893641,-0.0110298540013,-0.00749279767215
2014-03-18,0.00719368227489,0.00711244030351,0.00962121527433,0.0088084542672,0.00855728518585,0.0181246604282,-0.00777861028313,0.00361440947157
2014-03-19,-0.00615052484482,-0.00534312772648,-0.0012062439942,-0.000263756903186,-0.00621624529675,-0.00074010869801,-0.0195591955805,-0.00780117717779
2014-03-20,0.00602233396081,0.00582273910534,0.00459708207966,-0.00483030656389,0.0077641529917,-0.00105798694468,-0.00179718745537,-0.00177301238038
2014-03-21,-0.00293697999067,-0.00388614551092,0.00170136654694,0.00785639406811,-0.00271083241997,0.00685590583593,0.0047594986678,0.0107767947066
2014-03-24,-0.00487658142921,-0.00414417435468,-0.0136886820096,0.011790367284,-0.00388488215596,-0.0138254788267,-0.0179859628848,0.0070886919328
2014-03-25,0.00439427100472,0.00473462828329,0.0157257664064,0.0106994344217,0.0219451826537,0.010093508678,0.00182116520787,-0.00376824298544
2014-03-26,-0.00702493667277,-0.0072183280184,0.00940057692415,-0.00960555349878,0.00947508575952,0.0148463237967,-0.00794222241919,0.00779670824386
2014-03-27,-0.00190189159707,-0.00211058616806,-0.00138970745959,-0.00430696346788,0.0026370753789,0.00817711589883,-0.00656008752588,0.00501305075624
2014-03-28,0.00462948921413,0.00491782267092,0.00732620693285,-0.00111734030936,0.00637535854286,0.00291910753796,-0.000240802736242,-0.00565261749815
2014-03-31,0.00789287154385,0.00816129971388,-0.00448945551481,-0.000223653876685,-0.0135495961207,-0.00899341336663,-0.00765605547953,-0.0024719505901
2014-04-01,0.00701468819685,0.00660900002092,0.00798809769403,0.00910637447066,0.0176532223832,0.00596983185746,-0.00178139318363,-0.00858358671218
2014-04-02,0.00284926336426,0.00334080826464,0.000934713153015,0.0016601155555,-0.000744845267666,-0.000940544069554,0.00750882381328,-0.00576282885489
2014-04-03,-0.00112708474586,-0.00132450469056,0.00415987535348,-0.00695428106688,-0.00485529196128,0.00333962601928,-0.00322270665017,0.00437220866552
2014-04-04,-0.0126165430771,-0.0118927418283,0.00788457197058,-0.0130208225043,0.00074845967763,0.0141694699754,0.0132271920317,0.00666054765396
2014-04-07,-0.0108083124624,-0.0111131603839,-0.0108669913724,-0.0158254220821,-0.00149748944955,-0.0160464188939,-0.005269862,0.00597525655957
2014-04-08,0.0037435380478,0.0041145359878,-0.0025392439031,-5.69091848355e-05,0.0119181172631,0.00810746172087,0.00940239596089,0.00238008177146
2014-04-09,0.0108590394626,0.0106934101546,0.00402596029748,0.0130578838638,0.0103132871175,0.00701421077109,0.00182246398562,-0.0049496858676
2014-04-10,-0.0211059679216,-0.0212294367197,-0.00659202484869,-0.0129822512215,0.0317370613299,-0.015539331552,0.00544746931563,0.00923724570547
2014-04-11,-0.00953205993381,-0.00904932476279,-0.0108506524499,-0.00741971686138,0.00248214897325,-0.00345128038097,-0.000630085862934,0.00807068484127
2014-04-14,0.00818370818244,0.00784753225261,0.00427413190108,0.0039757073659,0.0202529885043,0.0284034605205,0.00722193269378,-0.00262260637382
2014-04-15,0.00673457945541,0.00686406897417,-0.00898296178553,-0.00715631454791,-0.00105596395961,-0.00224252011978,-0.0186316279092,0.00622872190867
2014-04-16,0.0104338684213,0.010423252601,0.0137837829277,0.00202510845839,0.0066678928966,0.000203642029321,0.000398382670283,0.00125865408007
2014-04-17,0.00136292371099,0.00139570693541,0.00591797849006,0.0113606106992,-0.00175019722874,0.00569815899189,-0.00631270622335,-0.0110246019467
2014-04-22,0.00785180452111,0.00801527177513,0.011754236798,0.0127958320447,0.00279894657636,0.00939158341545,-0.00780594639926,0.00254066564956
2014-04-23,-0.00221576676651,-0.00234460537859,-0.00741554771561,-0.0131577515642,-0.00560602122257,-0.0115243254812,-0.000161565807245,0.00569405204022
2014-04-24,0.00171548790073,0.00202560103627,0.00637359040477,0.078794302142,0.00245618771684,0.015536924595,0.0064432890441,0.00189041073105
2014-04-25,-0.00812934477857,-0.00823291578744,-0.00804878763435,0.00731780137398,-0.00491903000324,-0.00622633908158,0.00696032256736,0.00143863733071
2014-04-28,0.00323081153934,0.00316180408503,0.00379596119637,0.0379966468696,-0.00211562835134,0.0133090706495,-0.00439458185247,-0.00486292033888
2014-04-29,0.00474946032089,0.00464454516429,0.00829420255561,-0.00296710306699,-0.00957592794323,0.0233825265339,-0.000160134541546,-0.00135409253929
2014-04-30,0.00298754974058,0.00297824927443,-0.00229047589841,-0.0037883379249,0.0102817199691,-0.00019426853225,-0.00513892246118,0.00414882672502
2014-05-02,-0.00149262649608,-0.00132822295753,-0.00653292107626,0.00421076592885,-0.0067243888415,-0.012313347253,0.00673941096544,0.0168116407657
2014-05-05,0.00186946730011,0.00191235655486,0.00101335957659,0.0140425117093,-0.00106610290624,0.00568693706862,0.00923281793194,-0.00605094080001
2014-05-06,-0.0090290312077,-0.00874176774357,-0.00778792654305,-0.0109591211781,-0.00463210223296,-0.0082465972383,-0.00190323607168,0.00400817087581
2014-05-07,0.00560075474536,0.00587216061743,0.00413997927192,-0.00350581853514,0.000714249896405,0.0191372350925,-0.0144716096853,-0.00356296082425
2014-05-08,-0.00137456920358,-0.0010653670611,0.0135812819681,-0.00178388812094,0.0183880973424,0.0263424942439,0,-0.00429120129576
2014-05-09,0.00151832288286,0.00149063794849,-0.00666937354279,-0.00417549602708,-0.00597458223998,-0.0155689906041,-0.000563902227275,-0.00323088738603
2014-05-12,0.00962625620354,0.00968905359332,0.00364959613805,0.0123734773253,0.0098210574285,0.00191181335426,0.00674596197858,-0.0040541119859
2014-05-13,0.000421668916014,0.000895307875649,0.00252706769988,0.00156682827441,-0.00209627795978,-0.0113320871493,-0.00272504777112,0.00862776651882
2014-05-14,-0.00471208963163,-0.00474935333281,-0.000883845151602,0.000186095982903,-0.00385509730241,0.00270074261624,0.00966422616406,0.0107702458398
2014-05-15,-0.00940590380541,-0.00881871263329,-0.0125443294439,-0.00854012613433,0.00804346806179,-0.0159225451736,-0.00830079808736,0.00793530514838
2014-05-16,0.00373996241046,0.00346263617648,0.00255012862306,0.0146500723306,0.00139250065009,0.0178467653057,-0.00216630247393,-0.0028139360424
2014-05-19,0.00383741434791,0.00366262684143,0.00302037452798,0.0117798339896,-0.00978692858995,0.00268814092169,0.000642379975178,-0.00742663752748
2014-05-20,-0.00651960460873,-0.00632510812126,-0.00390259487083,0.000198616723441,0.00280602034957,-0.0137079732874,0.000882577168333,0.00221647839371
2014-05-21,0.00808334041971,0.00838932021008,0.00373926604483,0.00264221150641,0.00837100419768,0.0133244735354,-0.00240888986563,-0.0061275552843
2014-05-22,0.00235944422811,0.00242884366923,0.00205206957276,0.00158180344792,-0.00278259660739,-0.00153558897589,0.00224844713189,-0.0014264150714
2014-05-23,0.00423939288552,0.00400062592125,0.00333058868191,0.0112335038156,-0.00279043083174,0.00460021793865,-0.00128418028724,0.005337491962
2014-05-27,0.00596995027375,0.00612769935574,0.00811275734834,0.0185527163159,0.0104240090605,-0.00210556890178,-0.0215952863697,0.00583957152443
2014-05-28,-0.00111469281153,-0.000731042850644,0.000414922020982,-0.00259282665337,-0.00311570021823,-0.00730962842843,-0.00534871477485,0.0122745717733
2014-05-29,0.00535275865819,0.0051599075941,-0.000247208065443,0.0180562470995,0.00207818580664,-0.00154530056366,-0.00214747750055,-0.0053300379178
2014-05-30,0.00184198044745,0.00160974752484,-0.00241764665601,-0.00375244245738,0.00998489546691,-0.00465119250151,-0.0042259001098,-0.000437988623863
2014-06-02,0.000727561668556,0.00114175191043,-0.000814499144329,-0.00689559102758,-0.00860180211999,0.0117255078612,-0.00608008377112,-0.0074608081427
2014-06-03,-0.000379288745559,-0.000518730207826,-0.0027052708297,0.0140419968295,0.00241602427247,-0.00408808087613,0.00258650180736,-0.0123820429085
2014-06-04,0.00188987678895,0.00202079389384,-0.000597453348786,0.0113544075734,0.00137791255894,-0.0133544729159,-0.00208533249719,-0.000269119132996
2014-06-05,0.00650408209109,0.00650038222456,0.0105484744146,0.00391573030107,0.00343649765549,0.0166654688804,0.00748694935218,0.000448235040405
2014-06-06,0.00461708330742,0.00477138605826,0.0070954665296,-0.00275334988402,-0.0173016844506,0.00967477350578,-0.00041449827728,0
2014-06-09,0.000938331305108,0.00102311950069,0.00174477479877,0.0158747893809,0.00139534528224,0.002116367543,0.000331600761578,-0.00143476164458
2014-06-10,-0.000246014154146,0.000102096708994,0.00128044575386,0.00585277332452,0.00798476548567,-0.00230907509773,0.00611468602389,-0.00368612571124
2014-06-11,-0.00354331093877,-0.00348199101023,-0.00871910617693,-0.004146716757,0.0020723136214,-0.00385908673258,0.000164785830297,0.00179998084502
2014-06-12,-0.00711413945191,-0.00710510500947,-0.000155872493636,-0.0168685726845,-0.00103552512685,0.0128708963119,0.0100799459075,0.00886172538034
2014-06-13,0.00312965928841,0.00304373287244,-0.00244460629974,-0.0110040263838,-0.00242083874395,0.00893097852929,0.002605864688,-0.00053474982776
2014-06-16,0.000836355270389,0.000823671980453,-0.00734097414648,0.0100282705411,-0.000346288297259,-0.00835838196018,-0.00440135201189,0.00249333605574
2014-06-17,0.0021702124774,0.00277555156049,0.00575276291417,-0.00130204438939,0.00724750569505,0.00095329234393,-0.00114425024104,-0.00794764013792
2014-06-18,0.00768924304189,0.00731288142572,-0.00125731991564,0.00108529500972,-0.0037894210325,0.00721615411699,0.00318431789607,0.00768049209538
2014-06-19,0.00127666329547,0.00112093674361,0.00718543692699,-0.00347762503237,0.00585041312513,0.0155828941023,0.034216742893,-0.0128936276347
2014-06-20,0.0017285636752,0.00202774279011,-0.00476698827863,-0.0103954981568,0,0.0050171952341,-0.00347224146622,0.00754096567127
2014-06-23,-0.000132472972327,-0.000306060656641,-0.00569070256622,-0.000880244708682,-0.00137325952265,0.00517653358349,0.00276296211106,-0.00313472516157
2014-06-24,-0.00645610655987,-0.00604275117109,0.000613249454247,-0.00607396844902,0.00240243022557,0.00533316826278,0.00102434708943,0.0100879799586
2014-06-25,0.0048855575116,0.00450972178143,-0.0128613271239,0.00088595884449,-0.0148509101386,-0.0194464158337,7.8710083599e-05,0.0025723692134
2014-06-26,-0.00117957912445,-0.000715882129313,-0.00471229481702,0.00595812169822,-0.0171962603782,-0.0101509099506,-0.00204946468532,0.00477351386517
2014-06-27,0.00190904511827,0.00194228249761,-0.000594741927223,0.0118113873734,-0.00639233624573,-0.00397551246109,-0.000552500097454,-0.00150051411886
2014-06-30,-0.000372326268004,-0.000510555454069,-0.00319428293936,0.010275185851,0.00320144876254,0.00113797074085,0.0108362977624,0.0024695520861
2014-07-01,0.00665557298947,0.00667078052727,0.00861789339093,0.00632884370649,0.00141927097795,0.009615734212,-0.00265892088531,-0.00840778471324
2014-07-02,0.000658596162262,0.0010140666088,-0.00368295858139,-0.000427766865528,-0.00747465865368,-0.00545645003482,0,-0.0107447931875
2014-07-03,0.0054645500824,0.00490621614365,0.0101090260527,0.00586611846239,0.0134849475354,0.00113127826638,-0.0042375720469,-0.00360766130558
2014-07-07,-0.00393123905908,-0.00348690334133,-0.0189132266719,0.0204217263004,-0.0156308422931,-0.0196027186796,-0.00110163674253,0.00729176413844
2014-07-08,-0.00707376194048,-0.00645098673183,-0.0144556445468,-0.00648105390675,-0.00863007956994,-0.0117930320232,0.000393584959942,0.0111494206402
2014-07-09,0.00463351649371,0.00447421718262,0.00397824559693,0.000419427151577,0.00755539841819,0.00233079710267,0.00604133501241,0.000797992908013
2014-07-10,-0.00413962814962,-0.00396472764568,-0.013527375029,-0.0036760381827,-0.00107617777929,-0.0186043466552,0.00546063475653,0.000264972484172
2014-07-11,0.001469841704,0.00137419965968,0.0035369400637,0.00189189698927,0,0.00355172493298,0.00186542885947,0.00635980057785
2014-07-14,0.00483186108334,0.00502270505601,0.00774016073261,0.0128351507099,0.00715069260197,0.0066746593134,-0.0240482944613,-0.00432317988074
2014-07-15,-0.00193396492782,-0.00187472032311,-0.0103358911434,-0.0117854817241,-0.0118256961781,-0.0207576114608,-0.00951057718069,-0.00203662069711
2014-07-16,0.00419228501402,0.00369530483163,0.0146987382161,-0.00568081718709,0.00932893980144,0.0164440306947,0.00352707379675,0.00530328040496
2014-07-17,-0.0119046058414,-0.0114315430552,-0.0121910188599,-0.0179922172514,-0.0104109856558,-0.0230582973588,0.0168217489206,0.0125238581102
2014-07-18,0.0102126091096,0.0101673460337,0.00443625460338,0.0142926216293,-0.00108342541933,0.0104023558431,-0.0075823681061,-0.00322491990477
2014-07-21,-0.0023229465146,-0.00187282131519,-0.00707633671735,-0.00520271130737,0.000361254210893,-0.0091966946633,0.00166355649584,0.0049649670634
2014-07-22,0.00500361095825,0.00434792964871,0.01493637231,0.00826880842583,0.00576167172241,0.0308510380557,-0.00476038676088,0.0020827767289
2014-07-23,0.00175290104464,0.00221800585451,0.00155498053736,0.0257428884387,0.0039419263692,0.00116788199303,-0.000954766141296,-0.00130115688675
2014-07-24,0.000488036458805,5.00728082931e-05,0.00781390029663,-0.00164788329137,0.010318651395,0.0098708741741,-0.010161346742,-0.00749503207332
2014-07-25,-0.00486094571949,-0.00469250132571,-0.0183275389646,0.00657418063064,-0.0703847869254,-0.0159193374229,0.0115137036348,0.0117401139636
2014-07-28,0.000288113211924,0.000404255225837,0.00327831780791,0.0137276889437,-0.000759741861311,0.0132195490164,-0.00167083618847,-0.00138416746783
2014-07-29,-0.00453806841016,-0.00430632937595,0.00477824596252,-0.00648453614427,0.00113951494229,0.00846148690994,-0.00303058690773,0.0036293143482
2014-07-30,6.09108599316e-05,0.000152350386562,-0.0122797142237,-0.00234035376391,-0.0110707531109,-0.0505680584891,-0.00295960701959,-0.013985260844
2014-07-31,-0.0202019319802,-0.0199456620099,-0.0154609920397,-0.0263241097877,-0.012748720456,-0.0318236631272,-0.0116027648787,-0.00297807701676
2014-08-01,-0.0028632164747,-0.00306017982491,-0.010264207279,0.00552870385194,-0.00272549342824,-0.00124797309706,0.00799130875005,0.00771129436727
2014-08-04,0.00716331454385,0.00719459172676,0.00343003424176,-0.00563391082096,-0.00625754641778,0.00911941575366,-0.00314047049469,-0.00262228791989
2014-08-05,-0.00973267904391,-0.00974337422077,0.0037063906333,-0.00492860132191,0.0178854482988,0.00185473557913,-0.00096824827637,0.00323250408581
2014-08-06,1.56382717567e-05,0.00031212656463,-0.00609947031873,-0.00168339052477,-0.00231486217433,0.00277649694839,0.0144267549273,0.000610955562675
2014-08-07,-0.00557211547605,-0.00542907154465,-0.0137157261445,-0.00010581992022,-0.0195012713991,-0.00835184879117,0.00405005123031,0.00928558154831
2014-08-08,0.0114654228024,0.0115020685488,-0.000486890008859,0.00274821259218,-0.00236582114326,0.000827926611883,7.92645712721e-05,-0.00216209890713
2014-08-11,0.00275562496105,0.00289393771789,0.0119563043624,0.0131073817732,0.00786476585752,0.0115203531274,-0.00182433522014,-8.62455346623e-05
2014-08-12,-0.00163798240239,-0.00139404414031,-0.00850259492835,-0.000208343352111,0.00195656943568,-0.0225471005927,0.000238134554467,-0.00651411072096
2014-08-13,0.00668476725501,0.00674582631755,0.00780908059935,0.0131467493695,0.00468006472344,0.00532032525565,0.00166540348706,0.00651411072096
2014-08-14,0.00433639826904,0.00471079635386,0.00253330089403,0.00266980051301,-0.0023373285725,-0.0035439890783,0.000871260616503,0.00801884155638
2014-08-15,-6.13747476216e-05,-0.000203932342218,-0.00741556894306,0.00491146574685,-0.0078309812864,-0.0116577920691,-0.00659277972116,0.0108476340944
2014-08-18,0.008495482893,0.00834421526124,0.0133946020717,0.0119713444316,0.0101683098589,0.0100905186382,-0.00415272914185,-0.00998868117117
2014-08-19,0.00498819050702,0.00520527055644,0.00560991741912,0.0137211025366,0.00890960625557,0.00916076953975,-0.00224322318968,-0.00309415324659
2014-08-20,0.00247474819157,0.00266788696895,-0.00321595797104,0.000398335525711,0.00154145681795,0.00207041316325,-0.00369625971775,-0.00163743855053
2014-08-21,0.00294554710347,0.00291161273802,0.0122199426539,9.94123089291e-05,0.00614195591313,0.0127417272576,-0.0108459501961,0.00558897876121
2014-08-22,-0.00199457506824,-0.00155503384605,-0.00939198080869,0.00733025193293,-0.00884103291693,-0.0217791030332,0.00251965022367,0.00555644638323
2014-08-25,0.00477635409922,0.00505773826165,0.0207828298466,0.00216899442657,0.0179842872306,0.027683556799,-0.00365961454262,0.00374482209236
2014-08-26,0.00105052910224,0.00064912514161,0.0117453529134,-0.00642199623858,0.00981101947511,0.0155108037235,0.004957546095,-0.00323324412653
2014-08-27,4.99857503218e-05,-0.000399337999037,0.000420907837869,0.0122157492847,-0.00338526483652,-0.00581315081062,-0.000243223743391,0.00848581158826
2014-08-28,-0.00169133060373,-0.000549419774535,-0.00667020556,0.00117413926382,-0.00680509545375,-0.00322228901723,0.00549896258709,0.00522494544898
2014-08-29,0.0033149143879,0.00284367465382,0.00342971930518,0.00244218840682,0.00189487908794,0.0122284300178,-0.00112966202149,0.000672539026776
2014-09-02,-0.000544214307476,-0.000498668225736,-0.000618757068206,0.00777456467628,0.00754429205234,-0.00639657194554,-0.0180038179134,-0.0174011437936
2014-09-03,-0.000779444456149,-0.000547787281428,0.00989531904086,-0.0431238537611,0.0285257797173,0.0115633846485,0.00410172840692,0.0055527418392
2014-09-04,-0.00153559956037,-0.001447714502,0.0163895965437,-0.00832275759004,0.00510036687809,0.0258280859739,-0.00550014920409,-0.0122570545293
2014-09-05,0.00502324794336,0.00448526529585,-0.00188159554287,0.0086258311308,-0.00692811808744,-0.00697797566374,0.00476304585799,-0.00189973021889
2014-09-08,-0.00307784591667,-0.00258893315241,-0.00257996252453,-0.00618276219315,-0.00293174771384,-0.011149346262,-0.0109560385378,0.000432095283599
2014-09-09,-0.00656652170577,-0.00635134285116,-0.00505418352331,-0.00376831865595,-0.00220403126189,-0.00670986641339,0.00115894049829,-0.000777536263158
2014-09-10,0.00363944360111,0.00375550022286,-0.000354947679005,0.0302547020121,-0.000368100663857,-0.0041675268517,-0.00505953044936,-0.00632960857283
2014-09-11,0.000881516882239,0.00114858863878,-0.00222458073646,0.00424864930409,0.00660095309984,-0.00238916190733,-0.00659078004262,-0.0033118159321
2014-09-12,-0.00598040543744,-0.0058579388593,0.000180193410359,0.00226500075394,-0.00439576295804,-0.00279401176859,-0.00916553827897,-0.0105278211071
2014-09-15,-0.000710403657569,-0.00075347725838,-0.00294697521836,-0.000295186858664,0.00439576295804,-0.0117620644176,0.00219392548036,0.00149821034159
2014-09-16,0.007456507031,0.00751008423678,-0.00440834983921,-0.00760552098378,-0.0084421663394,0.00845841609906,0.00160022773189,-0.00405917943249
2014-09-17,0.00129480516917,0.00134574953187,0.00503594815231,0.00711336407612,-0.00739894204174,0.00160317351002,-0.0109152074405,-0.0025671727332
2014-09-18,0.00487925709697,0.00531585842353,0.00748421345447,0.0020653618733,0.00739894204174,0.000999984474958,0.00203975933377,0.0031856905322
2014-09-19,-0.000477383541575,-0.000901493501154,-0.000779747077382,-0.00818781267556,-0.00888526867101,0.00090023539445,-0.00587563332714,0.0126452361141
2014-09-22,-0.0080456023556,-0.00775280289646,-0.00419382740636,0.000989797486248,-0.0149873974962,0.0017968772738,-0.00205179182997,0.00122102670534
2014-09-23,-0.00579324981188,-0.00574081704385,-0.018905505855,0.0155138652932,-0.0129182946678,-0.0154666408029,0.00639797458882,0.00616861978083
2014-09-24,0.00780197660825,0.0077975453519,0.0123949338491,-0.00870891937735,0.0148039495197,0.028507152094,-0.00468779889073,-0.00555935904785
2014-09-25,-0.0163009134704,-0.0162670555947,-0.0133290672204,-0.0388788867838,-0.0144212860305,-0.0120315237837,0.00290049680483,0.0117767266132
2014-09-26,0.00853926145204,0.00791373425918,0.00902179391049,0.0290022344845,0.0003820877659,0.0231317889934,-0.002815109594,-0.00146466100015
2014-09-29,-0.00255005097884,-0.00182084069154,-0.00838138827533,-0.00637254556315,-0.0154026313585,-0.00831334906026,-0.000256303135962,0.00798523181995
2014-09-30,-0.0027898166629,-0.00263547806169,0.0132594498878,0.00637254556315,-0.00116502498625,0.0224061929458,-0.00703141301219,-0.00565983824797
2014-10-01,-0.0133371061733,-0.0136447422156,-0.01160866068,-0.0157061629571,-0.0105447963941,-0.0144868926823,0.00480727176642,0.0192051262269
2014-10-02,5.1434486795e-06,0.000154340176746,-0.0284872779785,0.00723383202004,-0.0114513749156,-0.0510756115781,-0.000256939752536,-0.00874975124488
2014-10-03,0.0111036352854,0.0109493853218,0.00916675403282,-0.00280674208095,0.0153696598962,0.00672208045473,-0.0184141534097,0.00425660986443
2014-10-06,-0.00156638593811,-0.00117148244765,0.00111569591822,0,0.00273400951141,-0.00330383846343,0.0123137005071,0.000594717027049
2014-10-07,-0.015241618258,-0.0155566867908,-0.0182168357619,-0.00877205939421,-0.0192956316923,-0.0236483849025,0.00284007248003,0.0134106713357
2014-10-08,0.0173109474626,0.0173385736426,-0.0097932609472,0.020547568086,0.00476003979157,-0.0103239959836,0.00949414812759,0.000251130157104
2014-10-09,-0.0208778486005,-0.0200327870936,-0.00641910774595,0.00217985599553,0.00591812218143,-0.00956771512013,0.00144611483668,-0.00436490562567
2014-10-10,-0.0115170799971,-0.0114800620481,-0.0164918925628,-0.00287492594548,-0.016660317443,-0.0371919165494,-0.000425141366458,0.00987776411011
2014-10-13,-0.016605033389,-0.0165630128761,0.00122417559397,-0.00917508619651,0.00478853215849,0.0124777157396,0.00787773357435,0.00606209783022
2014-10-14,0.00157761971435,0.00154596056266,0.00233870745142,-0.0106774119396,-0.00398891593724,-0.00867373007768,0.000590434853866,0.00651974429058
2014-10-15,-0.00813330076038,-0.00678908129494,-0.0370073581966,-0.012328448785,-0.00159980237121,-0.0460518217854,0.00336730691188,0.00786569700751
2014-10-16,0.000144967452103,-0.000858817387696,-0.00537006657118,-0.0132094847228,-0.00925000241183,-0.00468867210476,0.00193109502071,-0.00638592075988
2014-10-17,0.0128018133755,0.011741986216,0.0288155489603,0.0145410305098,0.0116490214482,0.0369085717913,-0.00193109502071,-0.00560076490785
2014-10-20,0.00910111612016,0.00966276516817,-0.0104531727654,0.0211730449422,-0.00199880595786,-0.027902211701,0.00678427156416,0.00362777841345
2014-10-21,0.0193853705517,0.019617099679,0.0222989043022,0.0268026935351,0.0127236258439,0.0339986677997,0.00183465984245,-0.00801582211746
2014-10-22,-0.00732610069111,-0.00713611192962,0.00582676778513,0.0050618072188,0.00394330137488,0.00370701570075,-0.00568184198928,0.00107823504282
2014-10-23,0.0122283057559,0.0115578754711,0.0127296395838,0.0177083119498,0.0117373880942,0.026993176052,-0.00689483118307,-0.0089068114887
2014-10-24,0.00702869029605,0.00766554727085,-0.00694626479226,0.00371358754516,-0.00233657368776,-0.0210677239119,-0.00143537833222,0.00100282775277
2014-10-27,-0.00150269679126,-0.00137530498499,-0.00781941133582,-0.00104615291152,0.00155804687269,-0.00940743848125,-0.00245336618896,0.00183642507762
2014-10-28,0.0118683645938,0.0114048437419,0.00388084105686,0.0153882674155,0.0112252460836,0.023574957294,0.000338753396511,-0.00627281052881
2014-10-29,-0.00138631599052,-0.00151317246805,-0.000493666182269,0.00560559980814,0.0118616876284,0.0195892678827,-0.0144132296471,0.00226312879177
2014-10-30,0.00621079695358,0.0063902810602,0.00741654892892,-0.00335960473527,0.00946439453528,0.0128494918878,-0.0105355203204,0.000836205393882
2014-10-31,0.0116631145259,0.0113699929751,0.0219368695729,0.00948966161799,0.0197729438922,0.00900284578492,-0.0222084873294,-0.00259616355217
2014-11-03,-0.000118928800236,0.000545687825636,-0.00927015171028,0.0128791834991,-0.00407165402632,-0.0142298485031,-0.00453719017215,-1.75390768191e-07
2014-11-04,-0.00283385324821,-0.00347536863944,-0.0153386377943,-0.00733913837144,-0.0213693146838,-0.0382629094368,0.000623960434417,0.00310542470871
2014-11-05,0.00568431071217,0.00629631773622,0.0187638653341,0.00239119570763,0.0154170116189,0.028266692133,-0.021891779879,-0.00142508520328
2014-11-06,0.00376840381795,0.00399512334313,0.00456615906417,0.00285592417116,0.00965463949642,0.00495697193963,0.000819374569622,-0.00648296864406
2014-11-07,0.000349525122925,0.000935017881356,-0.00897890756667,0.00284774959819,-0.0104012015429,0.000322233539083,0.0277334716662,0.0114216134154
2014-11-10,0.00311532710763,0.00314228198685,0.00782859633398,-0.0016526651954,0.0137214474458,0.0122820914974,-0.0224688501708,-0.00922816610395
2014-11-11,0.000696451657019,0.000979889838721,0.00502669660387,0.00796241084084,0.00733956542627,-0.00842089438194,0.0142025038973,0.000674341096992
2014-11-12,-0.000701362720638,-0.0010781489035,-0.0152472962424,0.0140305008226,-0.00439724612401,-0.0173840274994,-0.00483136841712,-0.000842677934829
2014-11-13,0.000529704401584,0.0011273638211,0.00192889062684,0.0140138242803,0.0116831170734,-0.0088619088052,0.00152348464761,0.00235725251188
2014-11-14,0.000240241233653,0.000244679332273,0.00345865820488,0.0119823936513,0,0.00164680537897,0.0247647131185,0.00486605490123
2014-11-17,0.000735088777763,0.000636236461833,0.00560954631037,-0.00166530335114,0.00434662525581,0.0101515048641,-0.00367581363165,-0.00251424093231
2014-11-18,0.00512084957906,0.00575759719539,0.00854805712976,0.0129000295433,0.00791908927203,0.010586428946,0.00872986752234,0.00276519782682
2014-11-19,-0.00150228681448,-0.00160691598513,0.000893481165563,-0.00695196655189,0.00643324637015,-0.000537284836324,-0.0119793587681,-0.00637929268412
2014-11-20,0.0019651638683,0.00175275232978,-0.00752438267634,0.0142002313689,-0.00321131154172,0.00322015549686,0.0103265203536,0.00520728341473
2014-11-21,0.00522321260374,0.00533635620279,0.0263420952988,0.00137479047572,0.0354609829033,0.0395051407599,0.00460368239791,0.00601239633659
2014-11-24,0.00285992976089,0.00280241749637,0.00486709640494,0.0183757836797,-0.00449431920986,-0.00175320612349,-0.002429484926,0.000832727310828
2014-11-25,-0.00115069155919,-0.000723773956232,0.00317004362261,-0.00872073080371,-0.0034710894723,-0.0159152212858,0.00234280121339,0.008285498931
2014-11-26,0.00280205255492,0.00255519484083,-0.00203070219716,0.0118348458797,-0.00592847458853,0.0031406792085,-0.00190850234945,0.00271887353584
2014-11-28,-0.00254566438022,-0.0021213904904,0.00382497472425,-0.000588701391348,0.0107844345766,-0.0613171361046,-0.0268419593929,0.00786792802552
2014-12-01,-0.00685278973916,-0.0069738419074,-0.00293130132249,-0.0329946860518,-0.00520356316709,-0.00792213023043,0.0390972086877,-0.00585081505117
2014-12-02,0.00636416703986,0.00644299316465,0.00250289662536,-0.00383079204282,-0.00140458080235,0.0334870183762,-0.0124289792104,-0.00975944264856
2014-12-03,0.0037576736906,0.00385604475909,0.000810932449912,0.0112770556325,0.00175536153011,-0.00499581982954,0.0102822264586,0.00389811548783
2014-12-04,-0.00116257161119,-0.00110693023415,-0.0155973046368,-0.00380271043661,-0.00105298965128,-0.0314078403126,-0.00387585000885,0.00832720994542
2014-12-05,0.00166383144825,0.00163537948052,0.0218665458546,-0.00425146237286,0.0232531154544,0.0151636118261,-0.0125918646827,-0.00584632212778
2014-12-08,-0.00728302186219,-0.00670469968168,-0.0100058140782,-0.0228685987687,-0.00584939921878,-0.0189905144629,0.0117285476842,0.0121484095169
2014-12-09,-0.000237852197482,-0.000678005298814,-0.0258226218732,0.015186725419,-0.0202166217713,-0.025239961195,0.0206016859323,0.00512691996366
2014-12-10,-0.0164861208351,-0.0161612196524,-0.00848578361428,-0.0191982618183,-0.00635813489926,-0.0159728312746,-0.00194794047643,0.00727795580264
2014-12-11,0.00452543377124,0.00505712594271,-0.000485060046723,-0.0029521926167,-0.000708906722586,0.000587841035825,-0.00229150958626,0.00410178392729
2014-12-12,-0.0163464657921,-0.0162935891239,-0.0280600611574,-0.0170773675216,-0.0244088263821,-0.0342906265639,-0.0023819491726,0.0134706479605
2014-12-15,-0.00636278618551,-0.00689310963001,-0.0255242686077,-0.0137639683471,-0.0205590165413,-0.0289149425054,-0.0260584629152,-0.00206057894803
2014-12-16,-0.00852526004309,-0.00805176051136,0.0216886200525,-0.0137691062468,0.0147279009895,0.026568324514,0.00488357131533,0.0123014357115
2014-12-17,0.0201480735368,0.0194150362098,0.00456063043299,0.0246126790607,-0.0834292934194,0.0343999111355,-0.00593318220587,-0.00905338783442
2014-12-18,0.0237313744836,0.024427793007,0.0329113521088,0.029183483902,0.0343649631065,0.023266452953,0.00767160073033,-0.0179536908022
2014-12-19,0.00455963802882,0.00424597649994,-0.00184670941772,-0.00775324664933,-0.0023061661288,0.000700255569014,-0.003305544082,0.0133560894347
2014-12-22,0.00380322261587,0.00458923193373,0.00300851299007,0.0103239606045,0.00842941253858,-0.000466690992258,-0.0195325055458,0.00134955349048
2014-12-23,0.00174483871981,0.00134909314351,0.0141295874729,-0.00354771141076,0.0110037201399,0.0209049011888,0.00168667090594,-0.0200341348843
2014-12-24,-0.000139306211045,9.61177180393e-05,-0.00444095863787,-0.00472085777675,-0.00453834909336,-0.00297580666015,0.00026605472788,0.0054284837137
2014-12-29,0.00416551314824,0.00456159193938,0.00512669830401,0.0168206410662,0.00453834909336,0.00297580666015,0.00794917646245,0.0111515473671
2014-12-30,-0.00490059269736,-0.00538007973062,-0.0169071321729,-0.0122777227768,-0.0102410099902,-0.0280499347447,0.0133702261163,0.002708681985
2014-12-31,-0.0103643838934,-0.00997264841587,0.0063886187068,-0.0192016445441,0.00835252972958,-0.000352395784186,-0.0141622701621,0.00190798664436
2015-01-02,-0.000340021389685,-0.000535257458304,-0.00479997752248,-0.0095581910608,-0.0106424170389,0.000117709668869,0.00439252213952,0.0110562182397
2015-01-05,-0.0184472134761,-0.0182246006337,-0.0337038298303,-0.0285761095019,-0.0294710970565,-0.0617131919119,0.0149646168481,0.0155866899252
2015-01-06,-0.00893325483919,-0.00946383624979,-0.00679937687754,9.39472495186e-05,-0.0114784709407,-0.00150170538617,0.0113344847821,0.0178570471691
2015-01-07,0.011562735816,0.0123844330262,0.00713257290016,0.0139249375825,0.000795802190589,0.0224171894351,-0.00590884177883,-0.00197740493323
2015-01-08,0.0177301685361,0.0175892915734,0.0352267096602,0.0377023471936,0.030940405881,0.0378533919005,-0.00421740088704,-0.013330894739
2015-01-09,-0.00843932215299,-0.00804610863124,-0.0192250547469,0.00107179479186,-0.0151548118301,-0.0319919512056,0.0113208754303,0.0108930868064
2015-01-12,-0.00812661692659,-0.00786422818573,0.0116971945371,-0.0249492793473,0.032739413413,0.0052218218409,0.0110254360865,0.00570539262585
2015-01-13,-0.00258188569812,-0.00281659033036,0.0145660625953,0.00883952818023,0.00755020085712,0.0101233589527,-0.00337947260315,0
2015-01-14,-0.00583002858817,-0.0060556016,-0.0157492873811,-0.00381776786844,-0.00188237121992,-0.0214519557544,-0.00160930874504,0.00755799624865
2015-01-15,-0.00929090321018,-0.00920266242446,0.0233932525083,-0.0275153629331,0.0175542981717,0.0274290426308,0.0248642080517,0.0156131382736
2015-01-16,0.0133348931859,0.0130289512865,0.0129660754592,-0.00780048525646,-0.00631382495876,0.0316743859797,0.0129796860966,-0.0128309290496
2015-01-20,0.0015487524913,0.00213039861244,0.0150473291074,0.0254314239612,0.0169935083182,0.00621589841203,0.013618887866,0.0132009133523
2015-01-21,0.00472046487954,0.00503546593827,0.00868900322678,0.00760510429066,0.00657149078935,0.0199965453213,0.000241565029553,-0.0116264347461
2015-01-22,0.0151543129617,0.0147613631343,0.0150440637934,0.0256827023744,0.00326975650542,0.0137408840882,0.00801736015752,-0.0036046664892
2015-01-23,-0.00550665628784,-0.00549786202626,0.0191206638893,0.00514682970196,0.0286040660064,0.0193388564064,-0.00801736015752,0.013822245328
2015-01-26,0.00256516822694,0.00233878968798,0.0073938954493,0.00106157995387,0.0195468281755,0.0159780420536,-0.0100316753815,-0.00304676732364
2015-01-27,-0.0134782877843,-0.0132779617058,-0.0109514076847,-0.0356404735859,0.00310638323073,-0.00633932200342,0.0113991613894,0.00156195325856
2015-01-28,-0.0135875029855,-0.0129072164349,-0.00287380914737,0.0549923788746,0.000688567049555,-0.0179438617892,-0.00790903969416,0.0162164975919
2015-01-29,0.00948951714801,0.0092008751887,0.00443398572246,0.0306584723681,-0.00344925410817,-0.0144796399917,-0.0217880352877,-0.00660267490071
2015-01-30,-0.0130770991238,-0.0126544906583,-0.00588592371139,-0.0147419990679,-0.00832755152542,0.0130522949222,0.0220310700894,0.0175825957978
2015-02-02,0.0128791703226,0.0123080881117,0.00507369484099,0.0124689921109,-0.00139491557681,0.0324351565235,-0.00837845240413,-0.00378282768181
2015-02-03,0.0143362382277,0.0143575091516,0.0107957854927,0.000168318042428,0.0083390675757,0.0268696363448,-0.0112540309185,-0.0213932251021
2015-02-04,-0.00416470631283,-0.00381518807511,0.00392565279273,0.00764047630665,0.0781780447595,-0.0110380430967,0.00436879060344,0.0017062607609
2015-02-05,0.0102388108234,0.0100443439478,0.00148942541906,0.00711229272058,-0.0177567620178,0.00688729142241,0.00172575953922,-0.0110387617165
2015-02-06,-0.00342402769472,-0.00276901338186,-0.00261221982041,-0.00845675595473,-0.00457061555321,-0.00835441373609,-0.0262045689091,-0.0178606713892
2015-02-09,-0.00425623956942,-0.00448585426132,-0.00855266125227,0.0066205106511,-0.0145026529988,0.00564682746281,0.00445733891915,-0.00160455130058
2015-02-10,0.0106189797214,0.0105967364042,0.00953705989527,0.0190294833203,0.0361897625611,-0.0125921831488,-0.00589125591234,-0.0079859701138
2015-02-11,-2.90342065522e-05,0.00058007125259,-0.00347092984392,0.0231682148661,0.00255826820631,-0.00848313844176,-0.011887725916,0.00184819297835
2015-02-12,0.00959829498499,0.009571024899,0.00995594069686,0.0125726103549,0.0164717090826,0.00848313844176,0.00230362291716,-0.00331392773432
2015-02-13,0.00406645934046,0.00410770371774,0.00699163842215,0.00489090948505,-0.0040925123819,0.000527700465897,0.00543947459423,-0.0103218744686
2015-02-17,0.00159629986164,0.00157192561651,-0.00112886197091,0.00588459372098,-0.00569435900698,-0.00200693576406,-0.0168387324758,-0.0151706664985
2015-02-18,-0.000314358504147,9.51246026134e-05,0.0094294546924,0.00693815545029,0.00727056664674,-0.000317397255573,0.00284049257342,0.00592305284465
2015-02-19,-0.00106262196882,-0.00071409912102,0.00711151237333,-0.0020996085835,0.0128306510395,-0.0275637919641,-0.00344407093874,-0.00663610452387
2015-02-20,0.00610784288445,0.00598287923374,-0.000492516307682,0.00814110137037,0.00124302307801,0.0011955761998,-0.00570889014515,0.00292815353596
2015-02-23,-0.000303385345276,-0.000141946149345,0.00647877146493,0.0266679193265,0.00155152092526,0.00552402464994,0.00130034261009,0.0113940867714
2015-02-24,0.0027549722991,0.00283621062154,0.00495247303125,-0.00626016237194,-0.000310156196201,0.0191499516452,-0.00147382226623,0.0130408575737
2015-02-25,-0.000766016941597,-0.000850000570809,-0.000863931428686,-0.0259058044139,0.00247833813443,0.00349087202289,0.00381014490991,0.00430845955071
2015-02-26,-0.00147711854172,-0.00118170627153,0.00580015208166,0.0125768853332,0.00216361336318,-0.00211421360152,0.00319284911003,-0.0137616047543
2015-02-27,-0.00296068293759,-0.0034123388155,0.00828628717881,-0.0151423583865,0.0119688268537,0.020632628639,0.000775128131216,0.00837273415624
2015-03-02,0.00610623838038,0.00629419809533,-0.00692288689797,0.00489235679964,0.00517265516969,-0.0219030479967,-0.00414082710129,-0.0188026113252
2015-03-03,-0.00454887294391,-0.00411274104641,-0.00982370972598,0.00208917558568,-0.014366876522,-0.00137803509575,-0.00181699378643,-0.00363230322492
2015-03-04,-0.00439816123078,-0.00422461737004,0.00982986631288,-0.0063589290313,0.0164891655821,0.0065564919853,-0.00312256300971,0.000316391436089
2015-03-05,0.00119536536276,0.0010937296227,0.00934331716816,-0.0167095831978,0.0156251470636,0.000737164429577,-0.000956073251063,-0.00126567529605
2015-03-06,-0.0142753562196,-0.0141645871051,0.000169287643766,0.00150188652565,0.00713034282214,-0.00984373849504,-0.0276840300301,-0.0223397165203
2015-03-09,0.00393666241764,0.00413619863191,-0.00548398386897,0.00425627122199,-0.00653415883927,-0.00683099277471,0.000982888869881,0.00918837545218
2015-03-10,-0.0171068211979,-0.0163552519589,-0.0112536382265,-0.0209028385795,-0.00928018488178,-0.0327687022336,-0.0049241605605,0.013071756453
2015-03-11,-0.00191952070346,-0.00234433646654,0.0234430409966,-0.0183993525732,0.0310906192015,0.00628813107768,-0.00603141771733,0.00725906083572
2015-03-12,0.0125227022377,0.0126337668291,-0.00208709909205,0.0179175191721,-0.0052615206393,-0.000549789193367,-0.000270908024094,-0.000707715932602
2015-03-13,-0.00609323717441,-0.00615085766522,0.00462700740379,-0.00693458638678,0.00380257999186,-0.0176503477754,0.00144400748416,-0.00307316871037
2015-03-16,0.0134429089961,0.0132717730787,0.0100680173952,0.0109440626459,0.0199458768274,-0.00168144702944,-0.000631503485994,0.0095820236404
2015-03-17,-0.0033256976557,-0.00297683162559,-0.00638846403845,0.0165881474838,-0.0115141415636,0.0142572973435,-0.00542937726946,0.00825059831775
2015-03-18,0.0120851016448,0.0119501262817,0.000892385228943,0.0111936205164,-0.0113553580847,0.0173230888355,0.0194093969875,0.0191184388575
2015-03-19,-0.00488448890259,-0.00457193767691,0.000746778570921,-0.00757885371807,-0.0144524693851,0.0102732744348,-0.000712205127368,-0.00510831555122
2015-03-20,0.00897238213196,0.00878792557843,0.00993819453791,-0.0126284619148,0.00562861750619,0.0246531757767,0.0113345674136,0.00526037527632
2015-03-23,-0.00174725671038,-0.00195048882225,-0.00650173472887,0.0103511529523,-0.0284659406597,-0.00159611106033,0.00631969975562,-0.00121799735945
2015-03-24,-0.00615834576099,-0.00563482987989,0.00665691728511,-0.00409587709528,0.0117840357227,-0.00138600143628,0.00244690324636,0.00962315696028
2015-03-25,-0.0146659264438,-0.0147622638719,-0.0133126416964,-0.0264742528324,-0.0172706467178,-0.008137197348,0.00139557805387,-0.0084809453084
2015-03-26,-0.00238033098805,-0.00238390870252,-0.00292004577842,0.00694620247249,-0.00766980917813,0.00182583653206,0.00651581281386,-0.0157122684856
2015-03-27,0.00236576112412,0.00228656862677,0.005519701072,-0.00800044563359,-0.000616089331216,0.000107298402529,-0.00364366672035,0.0123602632029
2015-03-30,0.0121623823074,0.0121260633421,0.00977711164347,0.0249992714316,0.0137725095044,0.00865422865502,-0.0114506562219,-0.00497187223989
2015-03-31,-0.00883468590118,-0.00877782773071,-0.00986053129087,-0.0154706547302,-0.00213026395876,-0.0155453956327,-0.000791486769405,0.00214511009271
2015-04-01,-0.0039732546031,-0.00354249302784,0.0056617570666,-0.00144763505404,-0.00519161915533,0.0020506782989,0.0169243678756,0.0130494998334
2015-04-02,0.00352345253119,0.00359095193845,0.00235191470718,0.00857477139236,0.00152979876159,-0.0113865176824,-0.0027719959205,-0.0106529970816
2015-04-07,0.00452303984814,0.00406088552247,0.0150706650513,0.00549094262098,0.0121546463782,0.0374618787664,0.0071740832347,0.00275005288227
2015-04-08,0.00267894145244,0.00337141319024,-0.00278577330795,-0.0032590286051,0.011709954616,-0.0115169929043,-0.00552726162741,0.000305027465047
2015-04-09,0.00444757621059,0.0044137288989,0.0139363661981,0.0076141440079,0.0195098629862,0.019260502372,-0.00695234401516,-0.0130489838258
2015-04-10,0.00518937692087,0.0054420779182,0.00603093591621,0.00425775483843,0.00932440332537,0.0115046617047,0.0112731249827,0.0014669215421
2015-04-13,-0.00459180684247,-0.00453298846949,0.0026032797145,-0.00196922537919,0.000869339231764,0.00493396810824,-0.00718277502895,0.0013882398002
2015-04-14,0.00162843213895,0.00191130438141,-0.00688685639811,-0.00434513832865,-0.0252361889948,-0.000615520640407,-0.00609808490427,0.00706242127022
2015-04-15,0.00513498908181,0.00447690049669,0.0069306269937,0.00379313067193,0.0173812157938,0.0205147421233,0.0086135999685,-0.000841431833812
2015-04-16,-0.000778746958332,-0.000285302835684,-0.00569909338701,-0.00482295198359,-0.0126377150196,-0.00868218233643,-0.00347133041229,-0.00498926161321
2015-04-17,-0.011375703905,-0.0115698594787,-0.0156701560507,-0.0113182294482,-0.0215252807222,-0.00896378861601,0.0049429837227,0.0113998293472
2015-04-20,0.0091927482502,0.00909523982445,0.00858213056234,0.0225883870305,-0.00272373181714,0.0103820166834,-0.00764155336905,-0.00886391460806
2015-04-21,-0.00148170237091,-0.00119231875299,0.000973060020391,-0.00542215907111,0.00641931252,-0.0139690298356,0.00573661725952,-0.00453876098394
2015-04-22,0.00507458291284,0.0049021329994,0.00354675224641,0.0133841204241,-0.0200036171753,-0.00556008544862,-0.0135248779205,-0.0153831742553
2015-04-23,0.00235494098299,0.00251319716115,-0.0061943774582,0.00813007446343,-0.00968315012419,-0.000206457316163,0.0072651374588,0.00429690533841
2015-04-24,0.00225026646283,0.00231801458858,0.00434283081966,0.00469366739765,0.0109257129515,-0.00850468576067,-0.0141410371051,0.00621733304823
2015-04-27,-0.00414991298963,-0.00416698294759,0.0128860692885,0.018028270382,0.00988584211934,0.0239786594321,0.0199673763185,0
2015-04-28,0.0027654044889,0.00317409280288,-0.0182973155998,-0.0158813762716,-0.0236404746457,0.0103184095758,0.00863339544176,-0.0138862878209
2015-04-29,-0.00374734807524,-0.00412300437383,-0.0262411538509,-0.0148151249277,-0.0197085091123,-0.0253793513288,-0.00707387340604,-0.0123320667224
2015-04-30,-0.010180553084,-0.0100711627361,0.00140792829415,-0.0275047558439,0.00544297666451,0.00103183405726,-0.0178186299993,0.00174823151137
2015-05-04,0.013800209488,0.0136266459981,0.00700602550697,0.0279709338899,0.0183490899654,-0.00734916258139,0.00553674572375,-0.0230325219658
2015-05-05,-0.0119080032178,-0.0115179865765,-0.02146064092,-0.0227906642326,-0.0308796619788,-0.00949837542349,0.00280063202137,-0.00138519716747
2015-05-06,-0.0044656813361,-0.00412550144809,0.00151070279238,-0.00629970691695,-0.00258958682304,0.00355982031453,-0.000524495162494,-0.0172691187294
2015-05-07,0.00376671063473,0.0039819048682,-0.00288871511412,0.00616647392839,0.0106401414602,-0.0228318383921,-0.00825365124612,0.0133479542128
2015-05-08,0.0133681481498,0.0130800871946,0.0244941046083,0.0186652932513,0.0309465339748,0.0260657770036,0.00483753968958,0.00269737647649
2015-05-11,-0.0051025566779,-0.0047842164889,-0.0123580169126,-0.0102385355781,-0.015353356104,-0.0101553959774,-0.00386815427368,-0.0246250201581
2015-05-12,-0.00295399646932,-0.00299585097327,-0.0106414617761,-0.00356894401018,-0.0155931778708,-0.0113237315727,0.0085077126261,0.00258954503771
2015-05-13,-0.000305001424704,0.00019082624784,-0.00257435384579,0.00111183503259,-0.0096678861212,0.00106377399401,0.0177455682275,-0.00804263286724
2015-05-14,0.0107216046472,0.0103734344499,0.0135021666636,0.0230634134917,0.0284134359453,0.00646420084085,0.00539082289485,0.00268792132018
2015-05-15,0.00076811844498,0.00108304630437,-0.00708169678235,-0.00139675610253,-0.000629635214335,-0.0184428938201,0.00298239751965,0.019851989441
2015-05-18,0.00304331261267,0.00310214703681,0.00369578573583,0.0109668734826,0.00878014260272,0.00429472273915,-8.51052982451e-05,-0.0169198962351
2015-05-19,-0.000643581575865,-0.000328606054654,0.0207300196524,-0.000922301456793,0.0355757914162,0.0135141554794,-0.0139670496206,-0.0089061306605
2015-05-20,-0.000930949230349,-0.000704606197283,0.00312177113587,-7.70262248116e-05,0.000301094012917,0.00200652244141,0.001638169088,0.00168657820242
2015-05-21,0.00233514557839,0.00290840939164,0.0026070812432,0.0101743544749,-0.00241253503417,0.00882192096507,-0.00336540847705,0.0138889407874
2015-05-22,-0.00223638478975,-0.00239141235215,-0.000740565571845,0.00871465625041,0.00481938134111,-0.00188458084615,-0.000778278391137,0.000415380671358
2015-05-26,-0.0103352051803,-0.0108102176809,-0.0116073279396,-0.0222775099196,-0.00844941388442,-0.0191426689767,-0.01472724091,0.0169650882493
2015-05-27,0.00912091879005,0.00944770711561,0.0192854355691,0.0184978895236,0.0171258077774,0.0122053288578,-0.000175636521404,0.00228392325962
2015-05-28,-0.00126756372621,-0.00112932684795,-0.00866248601991,-0.00197096338323,-0.00777548680593,-0.0100717558901,0.0011407837864,-0.00244730929717
2015-05-29,-0.00633851495444,-0.00623202940977,-0.0256161304604,-0.0114479395851,-0.026773966788,-0.0204528696456,0.000701394047284,0.00220281300753
2015-06-01,0.00205734307698,0.00203463428313,0.00347041879479,0.00199370263186,0.00645471603289,0.000543676284297,-0.000876790945051,-0.010805511383
2015-06-02,-0.00100910478043,-0.000993351218878,-0.00415560780649,-0.00445291452507,0.0115751744826,0.00336397658653,0.00402695984978,-0.0140503606398
2015-06-03,0.00211662913682,0.00264590712881,0.00591914396488,0.00123017227228,0.00272196644495,0.00475518585919,-0.00718986005801,-0.0162052711576
2015-06-04,-0.00866056199292,-0.00848240041307,-0.00938808047029,-0.00585798801688,-0.0127660981101,-0.0190479725652,-0.0070646975009,0.0129348771214
2015-06-05,-0.00143721534465,-0.00171451035847,-0.0134015972879,-0.0055035170286,-0.0194601449461,0.00120780701919,-0.00533143271013,-0.0122548783813
2015-06-08,-0.00649556042136,-0.00616875069115,-0.0129021006565,-0.00662895676666,-0.00031180204163,-0.0170537561299,0.00293583239147,-0.0011063487245
2015-06-09,0.000418265496528,-0.000144151876488,-0.00153276352247,-0.00297775334075,-0.0323428874208,-0.002379259969,0.00221837794512,-0.00794839250955
2015-06-10,0.0119704918361,0.0119222785588,0.0173103581754,0.0113930633304,0.0404223603935,0.0212116607815,0.00847312222178,-0.00879069769147
2015-06-11,0.00173711663812,0.00321823078765,0.00736101233268,-0.0022529701598,0.0241563196839,0.00829392963413,-0.00458067218947,0.0208171861756
2015-06-12,-0.00701887465451,-0.00768415662549,-0.0142174588448,-0.0111038805837,-0.0192164244352,-0.0186754763032,-0.000264903523451,0
2015-06-15,-0.0046332892479,-0.00429474694098,-0.0176672403768,-0.00196807565447,-0.0155185836585,-0.0152638334665,0.00440606975392,0.00160937710506
2015-06-16,0.00567373031353,0.00543689110921,0.00507498602401,0.00534326665498,0.00281101747877,0.000455387385467,-0.0036115696123,0.00784135002667
2015-06-17,0.00197768423148,0.00161550684002,-0.0102259025887,-0.00235355295975,-0.00688584496759,0.0109861950205,0.00466609998046,-0.00775636351467
2015-06-18,0.00985400013693,0.0103459364661,0.00268078726958,0.00454543352137,0.00438729491876,-0.00202987055437,0.0128290978274,-0.00492128210347
2015-06-19,-0.00531761523854,-0.00444905181929,0.00247225872868,-0.0100596515549,0.000312484513528,-0.00395819157962,-0.00173578413133,0.0127612546635
2015-06-22,0.00607636825455,0.0051098542508,0.037346936584,0.00794645792707,0.0491026981141,0.0289261943179,-0.0129395404526,-0.0206169662679
2015-06-23,0.000635666182352,0.000707492118931,0.0117480685545,-0.00455567140835,0.0138913675679,0.0136668432374,-0.00662166377099,-0.00601951331909
2015-06-24,-0.00738046569667,-0.00728883210757,-0.00244086848942,0.00846631530344,0.00293074180623,0.0100480362065,-0.00266101812737,0.00858789539125
2015-06-25,-0.00297800390408,-0.00304523913454,-0.000721743924736,-0.00477305723303,0.000292674601216,-0.00139888327128,-0.00133310246231,-0.00351224046539
2015-06-26,-0.00039015604969,-0.000190738959372,0.0034571202889,-0.00589982102961,0.00175351527847,-0.000537879255581,0.00106663121224,-0.011304143531
2015-06-29,-0.0210869691921,-0.0211932928824,-0.0381454835218,-0.0176697438508,-0.0454076274692,-0.0391004703452,0.00452070090932,0.0261246206422
2015-06-30,0.00265496194295,0.00209107600261,-0.0164847343721,0.00720101601313,-0.0402236827708,-0.0242613677737,-0.00621007132983,-0.00695693295889
2015-07-01,0.00691209669929,0.00798372272064,0.0192264778334,0.00928450427816,0.0282327674373,0.00731774232828,-0.00347671390608,-0.0135903482774
2015-07-02,-0.000308070392667,-0.000916210287774,-0.00980172621613,-0.00126446870198,-0.0171585172014,0.00034165166915,-0.00196657786705,0.00328169931118
2015-07-06,-0.00386923244266,-0.00285008799493,-0.0259821297586,-0.00348585847935,-0.03620441342,-0.0231561928357,0.00268069144536,0.0183648904618
2015-07-07,0.00606256053313,0.00626930433913,-0.0229503062632,-0.00246335671186,-0.0351959503368,-0.0210832875214,-0.0116687079297,0.00935099834181
2015-07-08,-0.0167929648235,-0.0169197752792,0.00743862083734,-0.0251363859078,0.00941831523071,0.00569731517832,0.00297493122697,0.00859915041889
2015-07-09,0.00225964770163,0.0018073309197,0.0251603678647,-0.0206073147859,0.0267558010455,0.0247822396782,0.00242755797921,-0.0198985388578
2015-07-10,0.0122629860967,0.0125129424458,0.0301979944343,0.0263833336559,0.0342819471102,0.0237317218296,0.00116667727466,-0.0159857794644
2015-07-13,0.0110052687614,0.0109767467151,0.0191963561787,0.0191213950375,0.0202657968353,0.00741401181556,-0.0044947936964,-0.00310673905863
2015-07-14,0.00444327299128,0.00432860131054,0.00685310016148,-0.000397639728687,0.00431140221579,0.00946823713496,-0.00225499580975,0.00327918523684
2015-07-15,-0.000735256382355,-0.00033215598595,0.00293064560653,0.00958662539487,-0.00740283699013,0.00332062292425,-0.00525120260328,0.0105413402694
2015-07-16,0.00798273357817,0.00799210117419,0.0146057593032,0.0132379851204,0.0049415423448,0.0107706786656,-0.00363770853207,0.00688152278724
2015-07-17,0.00110557185225,0.000847743395496,0.0005641553907,0.00860032073137,0.0282473305796,-0.00218903171696,-0.010164457089,0.00515112088355
2015-07-20,0.000770936286135,0.00051735890643,0.00352592318169,0.0187252820241,0.0130917544071,0.000547822369623,-0.0275268606162,-0.0042200778007
2015-07-21,-0.00427079607374,-0.00395888984825,-0.007009531971,-0.0100452453917,-0.00474051000729,-0.00504966547273,-0.00312687041144,0.00539894141455
2015-07-22,-0.00239056521228,-0.00179643260736,-0.00471090694885,-0.0432149343062,-0.00506172616694,-0.0178761602757,-0.00542419356964,0.00620624289419
2015-07-23,-0.00569221021231,-0.005645562479,0.000820195315121,-0.000479186392191,-0.00179272964926,0,-0.00449482886308,0.0123816128215
2015-07-24,-0.0107610206984,-0.0104261767888,-0.00579261893564,-0.00528708994977,-0.00690176383798,-0.00866440166,0.00972914961604,0.00247448441369
2015-07-27,-0.00579175469574,-0.00583455101863,-0.0259925069328,-0.0139930279978,-0.0311951373969,-0.0290070624094,-0.00466198458495,0.00534016110897
2015-07-28,0.0123100735979,0.0122082647242,0.010039484216,0.0049560586826,0.0296883140881,0.00545293144238,0.00152464296281,-0.00731908920737
2015-07-29,0.00729214275695,0.00685534494416,0.00802827350175,-0.00316575625626,0.0191164997362,0.0251350786844,0.00142728987138,-0.0037220035888
2015-07-30,2.83671633782e-05,0.000237374832805,0.00575923383215,-0.00505393547031,-0.00236965823018,0.0144502085907,-0.00859440948506,0.00767560276528
2015-07-31,-0.00227410383798,-0.00151879916445,0.00714581668025,-0.00878269045181,0.0123785622295,0.00255450341197,0.00630980113978,0.0073726746919
2015-08-03,-0.00276069402668,-0.00337895614072,0.00743111807637,-0.0238599705647,0.00263257281783,-0.00277674328398,-0.00794150476119,0.0104710277821
2015-08-04,-0.00225223930882,-0.00195604861218,-0.0016378702595,-0.0326098968885,-0.000291925442166,-0.00669659903064,0.00201525910564,-0.00796315539559
2015-08-05,0.00310983840926,0.00328999202156,0.0164114477376,0.0066076458006,0.0259603083008,0.0180882494293,-0.00364961991393,-0.00753436374756
2015-08-06,-0.00778319577967,-0.00822124350386,-0.000889438546441,0.00217367898501,-0.00142460741365,-0.00374619420117,0.00441628024041,0.0088383441576
2015-08-07,-0.00287902322429,-0.00192179271276,-0.00722151954416,0.00338204454094,-0.0108948480416,0.0109783935674,0.00248759216259,0.0130334151346
2015-08-10,0.0127268359758,0.0125202929692,0.00785695381625,0.0357118680706,0.00488894338698,0.00207228128696,0.0101726311917,-0.0124632106758
2015-08-11,-0.00960306502341,-0.00906404041676,-0.0187252901065,-0.0534411316215,-0.0557418562653,-0.00842457746266,0.00509484064952,0.0157552206724
2015-08-12,0.000949603893046,0.00119743866669,-0.034638667207,0.0153022111691,-0.0561419456396,-0.0215470878727,0.0139247891393,-0.00546600775103
2015-08-13,-0.00127602574828,-0.00124550400742,0.0123928513696,-0.000781211798075,0.0287767243474,-0.00348675070495,-0.00829415309619,-0.00322917897257
2015-08-14,0.00390433204198,0.00363591650824,-0.00611063036797,0.00700976425784,-0.00500022300398,-0.00859897650747,-9.3612840336e-05,0.0023423041243
2015-08-17,0.00519789154606,0.00557135458051,0.00570547898084,0.0102950967301,0.00437644533753,0.0109628604975,0.00261705922378,0.00450711188117
2015-08-18,-0.00262898268279,-0.00290123814312,-0.0027279986331,-0.00564890466959,-0.00877212817155,-0.0166611661703,-0.000186669158371,-0.00790087687594
2015-08-19,-0.00828913667207,-0.00793676549385,-0.0176862664153,-0.0128725486716,-0.0306731373619,-0.0181054619364,0.0133545708486,0.00982685598365
2015-08-20,-0.0213259604815,-0.0211023626267,-0.0208021432102,-0.0207328057358,-0.0400517771215,-0.00970597532261,0.01726148121,0.0100489778779
2015-08-21,-0.0323692421132,-0.0305649515259,-0.0324121892496,-0.063113954847,-0.0160006332618,-0.0351584482219,0.00622825503081,0.00301008044303
2015-08-24,-0.0402114444919,-0.0430190702341,-0.0549323606851,-0.0252786761219,-0.0449194497384,-0.0822865846319,-0.0054136919266,-0.000316038826055
2015-08-25,-0.0136142499639,-0.011837540972,0.0405494574583,0.00599440684375,0.0575370549316,0.0327598150891,-0.012472235792,-0.0161953879116
2015-08-26,0.0382912997436,0.0376753853418,-0.0140771558693,0.0557701039457,-0.0115884506292,-0.0362020243502,-0.0137437572312,-0.0194925993244
2015-08-27,0.0240072542785,0.0244340032177,0.0343141921246,0.0290213993611,0.035693966033,0.0635765669132,0.000557149501148,0.000573854869052
2015-08-28,0.000608551188356,5.01496466283e-05,0.0036320931216,0.00327179531966,-0.00132399413698,0.0245837663609,0.00896364177477,0.00294685179048
2015-08-31,-0.00842707845849,-0.00811218269494,-0.00475547585637,-0.00468966311874,-0.0153539518562,-0.0091484635208,0.00110337452951,-0.00771241036532
2015-09-01,-0.0300226497726,-0.0303019232515,-0.0243189485809,-0.0457261817547,-0.0303935227753,-0.00972699677898,0.0034858947805,0.00717931495821
2015-09-02,0.0181276710265,0.0188029377285,0.00302542993851,0.0419945563606,0.0202512730096,-0.00869929597467,-0.00532545561235,-0.00864094954999
2015-09-03,0.00116411593987,0.000716320666938,0.0214739994511,-0.0176913467082,0.0201824870662,0.0338681759556,-0.00720697015391,0.00486481953716
2015-09-04,-0.0154483086598,-0.0152523785555,-0.0284887548072,-0.0100167854406,-0.0283705746618,-0.0363674000242,-0.00325080869342,0.00908933223499
2015-09-08,0.0247736369513,0.0248201159079,0.0164847252182,0.0274409288897,0.0125955595165,0.0100839679774,0.000279047494463,-0.0148641175861
2015-09-09,-0.01399503571,-0.0134618614547,0.0143219882838,-0.0194196438165,0.0131072828001,0.00851067803711,-0.0130121193665,0.00478728622515
2015-09-10,0.0052640754451,0.00542736605118,-0.0146982842308,0.0217321639855,-0.00334437896586,-0.018970320007,0.00235283160687,-0.00677453518871
2015-09-11,0.00447700656464,0.00453387681871,-0.010455702261,0.014463745225,-0.00739754190314,-0.00640395868391,-0.00207013341046,0.00628029629954
2015-09-14,-0.0040980414627,-0.00371747759218,-0.00674332563446,0.0095850095419,-0.00304227714832,0.00188785446087,0.000564996705749,0.00156386613256
2015-09-15,0.0127496878743,0.0124218647928,0.011272769093,0.00837709497398,0.0147854022567,0.030218970266,-0.00301715291557,-0.0193500756367
2015-09-16,0.00866774082814,0.008629453938,0.0165967965218,0.00111725901763,0.0369989227201,0.0275537557452,0.0132265518083,-0.00378080541655
2015-09-17,-0.00256434473252,-0.00225070421015,0.00199985294424,-0.0216217526503,0.000321457594136,-0.00332851481963,0.0101985492687,0.0121314966476
2015-09-18,-0.0162962310196,-0.0164763160824,-0.0259594961933,-0.0041345788317,-0.0323296163031,-0.0293623223403,0.0073522524828,0.0152674146491
2015-09-21,0.00455539233622,0.00515406667681,0.0108866323156,0.0153943677394,0.00990759754001,0.00110311716085,-0.00624600180908,-0.0164319141262
2015-09-22,-0.0123949302909,-0.0130643741326,-0.0348360194904,-0.015835190744,-0.0317168067639,-0.0263111653474,-0.00684172417305,0.0138076480648
2015-09-23,-0.00205074398806,-0.00159992278511,0.000975092349097,0.00808051097742,0.00135605035561,0.0215227419116,0.00398130238419,-8.21609743518e-05
2015-09-24,-0.00336865211349,-0.00362238212376,-0.0194970090757,0.00593063378294,-0.0243453239176,-0.0254286218235,0.0207587995689,0.0067926936341
2015-09-25,-0.000465901586886,-0.000259405247295,0.0302291770212,-0.00252521321306,0.0481119555732,0.0195031586316,-0.00617341962755,-0.00868344363066
2015-09-28,-0.0260012110067,-0.0254174262725,-0.0279752137205,-0.0199873582701,-0.0268201957589,-0.0257207360788,-0.0127390260109,0.0169694383823
2015-09-29,0.00123209375925,0.000584747179752,-0.00306175670102,-0.0305215610567,-0.0109327615452,0.0107763737099,-0.00406650281235,0.00282749105303
2015-09-30,0.0188958983536,0.0184865226655,0.0253587415567,0.0113057317418,0.0446758505151,0.0255727457932,-0.0104264766854,-0.00347560836442
2015-10-01,0.0019719386827,0.00260580154931,-0.00647391363279,-0.00654913533913,-0.0162283342489,0.00434391305061,-0.00121726685348,0.00425740688642
2015-10-02,0.0142137929865,0.0148274043539,0.00727933785635,0.00727441477026,-0.00367958121679,0.0214401297328,0.0209538075167,0.00603983631416
2015-10-05,0.0181245937852,0.0176384344259,0.0348258757982,0.00361691494677,0.0480878472357,0.0409674430254,-0.00202058302629,-0.013660426837
2015-10-06,-0.00359468940302,-0.00343225643241,0.00942934418037,0.00477272122685,0.0170997436426,0.0327336759229,0.00997130349234,0.00430382166942
2015-10-07,0.00800351980253,0.00815746160346,0.00143647567119,-0.00477272122685,0.0109292406507,0.0221597965641,-0.0014574970831,-0.0033276406857
2015-10-08,0.00877978031553,0.00898560290377,0.00183454673773,-0.0116214984206,0.00835031222513,-0.00132231047238,-0.00511788733833,-0.0084101523242
2015-10-09,0.00072484859143,0.000596134470336,0.00543440924611,0.0236454130238,0.0207257556877,-0.00198689547192,0.0157269182474,0.00261980976387
2015-10-12,0.00127466433383,0.000943774605961,-0.00270283868987,-0.00464902658397,0.00451459357545,-0.00221230625089,0.00396071269432,0.00757761552664
2015-10-13,-0.00684882392386,-0.00632211374173,-0.00971287599628,0.00170123270909,-0.032039176812,-0.00533015093088,0.00492901479589,0.00170276029414
2015-10-14,-0.00472743082671,-0.00480592052601,-0.00742514805344,-0.0142346912353,-0.0124807253269,-0.00614196094069,0.0172822753875,0.00871264967272
2015-10-15,0.0147435512952,0.0152379398544,0.0142738251703,0.0148606734968,0.00719576436258,0.0106963195856,-0.00457946200835,-0.00491191042658
2015-10-16,0.00456006137449,0.00453636902476,0.00586475666532,-0.00735776224845,-0.0109704693705,0.0106931631475,-0.00708660068693,0.000322904259094
2015-10-19,0.000270509028435,0.000491805975681,0.000272096114226,0.00619479178007,0.00157456353253,-0.0140234761374,-0.00418691102462,-0.00274669594862
2015-10-20,-0.00142210073671,-0.00127935054765,-0.00645345651613,0.0180935448402,-0.00378302705599,-0.00927188864302,0.00631820566794,-0.00616884109834
2015-10-21,-0.00584244934318,-0.00622258746096,0.00454483505331,-8.79010971498e-05,-0.00158030401359,0.00804784298799,-0.00891033225901,0.00988353705152
2015-10-22,0.016490847328,0.0167526063904,0.0225505855673,0.0151795508132,0.043942490872,0.0100803101237,-0.000358078950248,0.00169116345576
2015-10-23,0.0109699536892,0.0109020190182,0.0249781040547,0.0305250619296,0.0327605774048,0.00297219398193,-0.00170260355927,-0.00856711372441
2015-10-26,-0.00191493266194,-0.00246090550343,-0.00539882684105,-0.0324314595464,-0.00882904818518,-0.0196426779456,-0.000627999841211,0.0066337805924
2015-10-27,-0.00255738583439,-0.00193410296223,-0.0102749329705,-0.00635278020895,-0.00384992461247,-0.0220957330058,0.0022410479551,0.00249629908278
2015-10-28,0.0117704884484,0.0113103547858,0.00893655943802,0.040378545013,-0.0047592769239,0.00844247234059,-0.008091395436,-0.00402954174574
2015-10-29,-0.000449875597454,-0.000574388215887,-0.000973825625775,0.0105089248649,0.0080179177401,0.00724518234847,-0.00961456839455,-0.0160365307804
2015-10-30,-0.00482148183897,-0.00431900249707,0.00242047570087,-0.00858229628855,0.00324817193141,-0.00418221658819,-0.00383525255363,0.00752103874735
2015-11-02,0.0118038766234,0.0117616799682,0.00378032863079,0.013960322613,-0.0100740323515,0.0107027148317,-0.00651713723688,-0.00460568455434
2015-11-03,0.00272435281376,0.00289531174779,0.0040538878529,0.0114055867411,0.0109583883468,0.0356625999519,-0.0149373562473,-0.00823344737196
2015-11-04,-0.00355166671678,-0.00303802700939,0.00245028186548,-0.00466124533618,0.0175184547587,0.00118934693067,-0.00948588452235,0.00115629525661
2015-11-05,-0.0011327897786,-0.000999049484818,0.00639586073059,-0.00462047513459,0.0043321587424,-0.00357082458469,-0.00311896666056,-0.00264591276241
2015-11-06,-0.000347682033037,-0.000523517361106,0.000824926714043,0.00115708503748,-0.0277590789199,0.00227315925233,-0.0146851215542,-0.0147645406212
2015-11-09,-0.00987129063476,-0.00937513844159,-0.0147506709345,-0.00405572399976,-0.00862992046679,-0.00683577598852,0.002877738197,-0.0056463715254
2015-11-10,0.0015094553562,0.00230385166783,0.000201608618562,-0.0320243749533,0.00655321614746,0.00206649524808,-0.00210952228858,0.00295358347409
2015-11-11,-0.00323330746418,-0.00393942774516,0.00818067615982,-0.00566830248434,0.0205713535653,0.000543122728612,-0.00336520673943,-0.0021084913371
2015-11-12,-0.0140891631915,-0.0140579418243,-0.0195455918764,-0.00336437693762,-0.0292191823647,-0.0242936358176,0.000192565485957,0.00480127938841
2015-11-13,-0.0112706406082,-0.0112915401895,-0.0100780412434,-0.0296434400537,-0.0276315837143,-0.0111893816576,-0.00279639549271,0.0056978376267
2015-11-16,0.0147933026273,0.0150921993274,-0.00075739442708,0.0162461351401,-0.0139515086684,0.00762210250781,0.00144739738851,-0.000919409687439
2015-11-17,-0.00134027701851,-0.000730071640637,0.0273072164489,-0.0043004741505,0.0322557266778,0.036834687608,-0.0132979686678,0.00167118321598
2015-11-18,0.0160332300153,0.015741643483,-0.00621492246777,0.0311736728388,-0.0109421363751,0.00440277694128,0.0008790741569,0.00208501684238
2015-11-19,-0.0011237403816,-0.000863052393107,0.00170638125445,0.0126237013512,-0.00736208163423,-0.00128666063473,0.0109714971224,0.00664375265924
2015-11-20,0.0038029554526,0.00363792630796,-0.000840597128176,0.0043683016433,-0.000923939667796,-0.00743089378485,-0.00454878126362,-0.00306720003243
2015-11-23,-0.0012356238491,-0.00114730589992,-0.00445916995981,-0.0130778145571,-0.00215952979492,-0.0106498367032,-0.0080837450974,0.00306720003243
2015-11-24,0.00122125009448,0.00133839849028,-0.0141803790643,0.00955068875017,-0.043876524704,0.00696769522036,0.00662770444356,-8.25410430026e-05
2015-11-25,-0.000129140906666,-0.000143076600589,0.0149716433341,-0.00717536321234,0.019492838481,0.00573360479131,-0.00467384490225,0.00231461376978
2015-11-27,0.000593441447399,0.0011457652869,0.00756379661311,-0.00186561473189,-0.0130599721561,0.00580855513391,-0.0118797627645,-0.000991568000578
2015-11-30,-0.00465179999035,-0.00416022396939,0.00555435942781,0.00415024170349,0.0177954765707,0.00811801392024,0.00659546621397,0.00396012957185
2015-12-01,0.0106239390885,0.0094903827096,-0.00872569279032,-0.00814819736799,-1.15555887319e-07,-0.00447845326477,0.00352596844528,0.013416849037
2015-12-02,-0.0110565926159,-0.0102573797846,-0.00178610239259,-0.00907435140667,0.00664878169782,-0.00299611792227,-0.0156676308554,0.00032614484398
2015-12-03,-0.0144778266483,-0.0141017061191,-0.0364403865141,-0.00933146523489,-0.0468355291068,-0.0479708673241,0.0105706094554,-0.027559592646
2015-12-04,0.0203178562611,0.0193152502884,-0.0032652060773,0.0327059734,0.00692048277674,-0.0229762193493,0.0219660402584,0.00874576707091
2015-12-07,-0.0070140439392,-0.00607690345364,0.0087888301482,-0.006320917443,0.0143461849409,-0.014253772575,-0.0130632176733,0.00965600183982
2015-12-08,-0.00651105239957,-0.00674237677831,-0.0157977771989,-0.00042285860489,-0.0259070876334,-0.00961666823865,0.00165440167133,0.000492871400396
2015-12-09,-0.00776908647593,-0.00781005082264,-0.00953074935515,-0.0223230276762,-0.0110241660957,0.00926645157887,-0.00194663293773,-0.00106769665554
2015-12-10,0.00224885640742,0.0025775317485,-0.000515531606321,0.00474601835419,-0.00572678573353,0.00593693554801,-0.000877196792179,0.00131404684282
2015-12-11,-0.0196138675856,-0.0195710067353,-0.0186186186885,-0.0260751960085,-0.0208234368993,-0.0301626458242,0.00544587545582,0.015635662954
2015-12-14,0.00474428792138,0.00503967342676,-0.0169556035244,-0.00620408965316,-0.0191543068547,-0.0296210354579,-0.0128845119398,-0.0130129264156
2015-12-15,0.0105625802189,0.0104430908625,0.0311068929966,-0.0178502789678,0.039640208213,0.0411569130309,-0.00265608343309,-0.00591116935398
2015-12-16,0.0144106355654,0.0145260437938,0.00222317277077,0.00766338831992,0.00472002300761,-0.00497826609607,0.012043059521,-0.00214296156449
2015-12-17,-0.0151547762903,-0.015355709454,0.0113673388426,-0.0214241930887,0.00168003772534,-0.00416781029634,-0.0221411258772,0.0112417522477
2015-12-18,-0.0179574950936,-0.0179756166651,-0.0112398040352,-0.0274421875607,-0.0265409901438,0.00262158365183,0.0152071755746,0.00553354426003
2015-12-21,0.00774830643659,0.00821537794626,-0.0130767988726,0.0121859206596,-0.0159890379706,-0.0164387463852,0.0108193558328,-0.000243735818289
2015-12-22,0.00877809594203,0.00903315224338,0.000532188164606,-0.000932070288962,0.00767865180336,0.00220742735676,-0.00524885528674,-0.00724990987426
2015-12-23,0.0123415963517,0.0123075382854,0.0231406526326,0.0127876081523,0.018260760903,0.0313546202902,-0.00292800327734,-0.00755031384518
2015-12-24,-0.00159991548731,-0.00165210472,-0.00243092035124,-0.00535443486717,-0.00273492963209,-0.000237454929865,0.00720693610613,0.00571235886044
2015-12-28,-0.00218093634259,-0.00228747373135,-0.00974673067987,-0.0112641283956,-0.0134417322217,-0.0173689279792,-0.00759799096474,0.00295157649849
2015-12-29,0.01057366397,0.0106157173045,0.0179008735183,0.0178145698096,0.0250143663948,0.0181997076688,-0.000684697068409,-0.016753919084
2015-12-30,-0.00724339878525,-0.00711312398113,-0.00516495811527,-0.0131444885821,-0.00406926151713,-0.0137391451015,-0.0076613577685,-0.000998823036575
2016-01-04,-0.0248785267241,-0.0241322762955,-0.0336329157929,-0.0185270483073,-0.0555409359756,-0.0253392999038,0.0143901560217,0.0116776586965
2016-01-05,0.00201020425963,0.00169019436198,0.00335089802145,-0.0253785626565,0.00179432936473,-0.00917217679385,0.0028145891479,-0.00404299714317
2016-01-06,-0.0132021629159,-0.0126944892869,-0.0126768239094,-0.0197636664646,-0.0199171443217,-0.00963431678665,0.0143374889426,0.0133855020233
2016-01-07,-0.0239858165446,-0.0242839716036,-0.0173101354464,-0.0431209278363,-0.00073177254737,-0.0245633027371,0.0140406822314,0.00179250798567
2016-01-08,-0.0108975376928,-0.0110373445421,-0.0159823926879,0.00527336832507,-0.00919310679835,-0.0382164850695,-0.00443754677646,0.00446888295156
2016-01-11,0.00085290847871,0.000989635514869,-0.00486198424947,0.0160625817911,-0.00110897312951,0,-0.00893459045763,-0.0110040152303
2016-01-12,0.00777251423845,0.00803596704893,0.0151898082888,0.0144090666082,0.030950996797,-0.00268085974069,-0.00507298534811,0.0143224042392
2016-01-13,-0.0252823753841,-0.0252570278783,0.00300773394847,-0.0260465180614,-0.0122656771882,0.0159790382798,0.00488204674259,0.00980823569721
2016-01-14,0.0165580611849,0.0162838591379,-0.0181627846617,0.0216349079,-0.00545931270799,0.025562511113,-0.016367016134,-0.00940462771874
2016-01-15,-0.0218357728207,-0.021700119852,-0.0241075560404,-0.0243081204086,0.00291532311698,-0.0307278121833,0.0102367384034,0.015467195122
2016-01-19,0.000531680187444,0.00133018079304,0.0146422176812,-0.0048504951712,0.0187460333782,0.0253043101197,-0.000961251612966,-0.00310668658115
2016-01-20,-0.0117627660262,-0.012897776987,-0.0350889606828,0.00134404438585,-0.0389636332269,-0.0559103762648,0.0132793922753,0.0104748941974
2016-01-21,0.00518198853996,0.00558604883574,0.0195532059213,-0.00507546182987,0.0332329372631,0.0294103585378,0.00113814865204,-0.00681208300498
2016-01-22,0.0200807267905,0.0203078801785,0.0305042190179,0.0518018467255,0.0279813523975,0.0429361894064,-0.00465579257705,-0.00382258780713
2016-01-25,-0.0157615449848,-0.0152318566158,-0.00586491142171,-0.019715881597,0.0052258373178,-0.0188989022361,0.0102331951337,0.00541101944039
2016-01-26,0.0140452379211,0.013550847135,0.0104936924475,0.00551585511355,0.00692487392746,0.0287837923093,0.0113419126779,0.000476164277581
2016-01-27,-0.0109229224534,-0.0109427573353,0.00539072977633,-0.0679648335503,0.00824755838831,0.0125314088625,0.00372128994343,-0.000237887751983
2016-01-28,0.00551335062319,0.00519529697084,-0.0133755681249,0.00714640588299,-0.0165635109958,0.0016176106504,-0.0107362370376,0.00142632863029
2016-01-29,0.0244586510594,0.0240848163044,0.0217099517015,0.0339581938412,0.0308349734466,0.0173787990465,0.00384089660292,0.00844136831151
2016-02-01,-0.00044333466432,-0.000360982464131,-0.00560540933737,-0.00939224414356,-0.00304088698909,-0.0227396168299,0.0102327032399,-0.00306645065463
2016-02-02,-0.0189209689347,-0.0181866984887,-0.0249749828172,-0.0204297457662,-0.0174099064268,-0.0459129161421,0.000370065704094,0.0183825167095
2016-02-03,0.00497962002235,0.00597660477404,-0.0134018236004,0.0195995328732,0.0441225627502,0.00561154654566,0.0106746575538,-0.00832780357604
2016-02-04,0.00152556835802,0.00156725314308,0.000371314747033,0.00800280071036,0.00689536007334,0.0209912254636,0.0120099705786,0.00483388363612
2016-02-05,-0.0186541580952,-0.019233713294,-0.00661034627651,-0.0270711365208,-0.000654873349917,-0.00844639528941,0.0157031357232,0.00116594453972
2016-02-08,-0.0142550582337,-0.0135526253509,-0.0325080489916,0.0104746117089,-0.00657028725991,-0.0190727150249,0.0133541846297,0.0212912972606
2016-02-09,-0.00066384039383,5.41759220131e-05,-0.0170567871304,-0.000210640846218,-0.0263828557869,-0.036416497544,-0.00219867284917,0.00106390178982
2016-02-10,-0.000188968354347,-0.000863415386492,0.0157993026937,-0.00760840924524,0.00304088698909,-0.00777388775572,0.00771795618626,0.00877371208978
2016-02-11,-0.0123774471693,-0.013093082746,-0.041345887018,-0.00606505618844,-0.0388698275362,-0.0332685037548,0.0394021426827,0.0069794591422
2016-02-12,0.0193300150777,0.0204067249252,0.0249260152857,0.00309028311094,0.0239137568823,0.0729948930273,-0.00589671494618,-0.0167409905104
2016-02-16,0.016381737872,0.016737787241,0.0285250248605,0.0278045661251,0.0226860357211,0.0201897577186,-0.0308007364275,-0.0106272159805
2016-02-17,0.0163461105045,0.0162029087534,0.029438401018,0.0151983478173,0.040352801612,0.0145929712479,0.00616728121992,-0.00616706836807
2016-02-18,-0.00467663200243,-0.00410449881576,0.00148457015076,-0.0191387106123,-0.0122935559459,0.0051967453167,0.0240418642382,0.0122207763654
2016-02-19,-2.60334080879e-05,-0.000468490461775,-0.00395135159504,-0.00228768130469,0.00584231954113,0.00479292204523,-0.00602027502764,0.00083977242489
2016-02-22,0.0143507312539,0.0143751679462,0.0177574396897,0.00870797567893,0.00741538980472,0.0270587595036,-0.0179350411743,-0.000534013049246
2016-02-23,-0.0125325773268,-0.0127101023148,-0.0141221568878,-0.0228643955114,-0.0237292215286,-0.0250478065586,0.0148685907698,0.00403962722657
2016-02-24,0.00442995987972,0.00456549685877,-0.0197963233442,0.0147808897779,-0.0232952907538,-0.0173525183823,0.00332155478637,-0.001980121684
2016-02-25,0.0112843665533,0.0120387104334,0.0221600398926,0.00684414870274,0.0123808805813,0.018607423953,0.00263233711475,0.00357611501179
2016-02-26,-0.00187186515327,-0.00230389795017,0.0154433699706,0.00154950415316,0.0187782944127,0.0239155019427,-0.00689273888735,-0.00969163257992
2016-02-29,-0.0081541314224,-0.00787330252841,0.00899393303929,-0.00227286741305,0.00390880577587,0.0131369407694,0.0129800168078,0.00436128692613
2016-03-01,0.0235883858535,0.0232346579998,0.0121662844826,0.0389461234928,0.00583457226812,0.00422056443754,-0.00736014502074,-0.0177654085032
2016-03-02,0.00408594956528,0.00448274671516,0.00408760643082,0.00218596883374,0.00193745252355,0.0157597554596,0.00769725104254,0.00411811220882
2016-03-03,0.00349263419912,0.00391170798663,-0.00199300793961,0.00741643350376,-0.00842258352644,-0.000236525099473,0.0171258767705,0.00363777514282
2016-03-04,0.00330043995647,0.00324839950354,0.00913821502435,0.0147673047183,-0.00227968937525,0.0111925996786,-0.00157501584223,-0.00643285287063
2016-03-07,0.000884623035136,0.000798134887404,-0.0032206394121,-0.011128286271,0.00844166266843,0.00315888034695,0.00496523694699,-0.000311372529938
2016-03-08,-0.0113037560547,-0.0109781055676,-0.00865225331021,-0.00828052538398,0.000969692657009,-0.0181503899989,-0.00463344365013,0.010984969989
2016-03-09,0.00503967278222,0.00492766055399,0.00489937346646,0.000890868694788,0.00483295874352,0.00154516372602,-0.00832782946979,-0.00609655103721
2016-03-10,0.000155792534013,0.000801700224644,-0.017160814023,0.000494083969076,-0.00774437512407,-0.0313620936012,0.0159286426026,-0.00411068166126
2016-03-11,0.0162625455332,0.0160085615609,0.032217574143,0.0107164532014,0.0198852281599,0.0371638097966,-0.0173512797373,-0.0101554324991
2016-03-14,-0.00126176824164,-0.00128293301187,0.00306683704779,0.00253944030994,0.0129356170898,-0.00639593078303,-0.0129806353531,0.0031355253723
2016-03-15,-0.001838630965,-0.00163125665331,-0.0075641590149,0.0198945245621,-0.0231493534439,-0.0139996839602,0.000763227779379,0.000938630057161
2016-03-16,0.00558472788484,0.00577085989346,-0.00215539068968,0.0132034512125,-0.00514654985891,0.00911623920236,0.0220507534756,0.00296692279659
2016-03-17,0.00657358301021,0.00632389779406,-0.00451608921043,-0.00160534474762,-0.0221726580499,0.0231334302664,-0.00382186418492,0.00412396825299
2016-03-18,0.00439596710198,0.00392164522016,0.00440623912604,0.00113335373111,0.00460543182765,0.000816073377199,-0.00275075403725,0.00209482103972
2016-03-21,0.000985092132833,0.0014180708249,-0.00780853289469,-9.43831778139e-05,-0.0118851565942,-0.0227256751995,-0.00703641697737,-0.00770054639713
2016-03-22,-0.000877772980475,-0.000537602509284,0.000941426312105,0.00761893144582,-0.0120279349819,0.00120934670845,0.00293783737894,-0.000234586603695
2016-03-23,-0.00640650958383,-0.00662139471932,-0.00180449008682,-0.00554363963163,0.00936758628544,-0.0127682099227,-0.0228900890168,0.0112611948197
2016-03-24,-0.000378142009603,-0.000442974748988,-0.0215460619626,-0.00434375069384,-0.0198429361852,-0.0171578929086,-0.00240404508669,0.000385673583655
2016-03-29,0.0093231192559,0.00979830105178,0.00850701010412,0.0188424717442,0.0241623224774,-0.00286778361313,0.0206736697151,0.0117415339379
2016-03-30,0.00434087979624,0.0043779872942,0.0176486721776,0.0173088546187,0.0242398541468,0.0230802767684,-0.014076413212,-0.0105842120063
2016-03-31,-0.00204184239013,-0.00242982873575,-0.0134460370169,-0.00521629409592,-0.0262310797592,-0.0227056699751,0.00460085166103,0.00706911981563
2016-04-01,0.00631095903716,0.00678864152458,-0.0144294816667,0.00913311556965,-0.0113597738439,-0.0323448563619,-0.00605364003306,0.00260511070737
2016-04-04,-0.00321347981188,-0.00324279564233,0.00530259929775,0.0102214454223,0.00268407042462,0.0100053559268,-0.0066929887167,0.00061167420321
2016-04-05,-0.0101962984758,-0.0100382337936,-0.0220916272924,-0.0118591027624,-0.0261427784067,-0.021414973896,0.012916666997,0.010877114404
2016-04-06,0.0104527978523,0.0108620445885,0.0080517539585,0.0104178743283,0.00514656885996,0.0138561325103,-0.00613814358226,-0.00728868902369
2016-04-07,-0.0120480740051,-0.0120382358967,-0.00908036311522,-0.0220508348785,-0.00652344344844,-0.00774621308579,0.0141798086219,0.012268711467
2016-04-08,0.00278270289483,0.00269305499059,0.0133841648,0.00110492203698,0.00343877159268,0.0363951976613,-0.00151873973877,-0.00634311642975
2016-04-11,-0.0027435462066,-0.00234984879192,0.00220753152353,0.00330778440997,0.00274261314436,0.00448905377429,0.0134196344726,-0.00128857421267
2016-04-12,0.00961575414016,0.00927000724928,0.00768730911693,0.0129412207818,0.0152880353423,0.0182453063754,0.000166644450847,-0.006926379637
2016-04-13,0.00999006968459,0.0100500648474,0.0326865460085,0.0143832355266,0.0412803697698,0.0391691486662,-0.0107195231296,0.00350714927662
2016-04-14,0.000172912227568,4.77804012395e-05,0.0047101023138,0.000535552536229,-0.00681713456708,0.00585564347321,-0.0140751519342,-0.00480621584448
2016-04-15,-0.00098476965889,-0.00110587681166,-0.00362838748406,-0.0202756795797,-0.00719191868982,-0.00632581843596,0.00689273888735,0.00852914821927
2016-04-18,0.0065197258913,0.00700200332401,0.00259273847524,-0.0218109130085,-0.000984477485333,-0.00707638299414,-0.00152762486684,-0.00433176491092
2016-04-19,0.00307973793246,0.00314909325145,0.0131464549069,-0.00531722195648,0.0224059946438,0.0150360802386,0.0155068335644,-0.00312730424976
2016-04-20,0.000761254803917,0.000952542488145,0.00555555723798,0.00205532153821,0.00681946272698,0.0106694286445,-0.00511425128405,-0.011061405504
2016-04-21,-0.00520756291791,-0.00539305800919,-0.00198149202412,-0.0108869191575,-0.0156559621099,0.00701148462333,0.00377530547732,-0.00596586384511
2016-04-22,4.7858743901e-05,0,-0.00287789022507,-0.00274040298024,-0.0155710886554,0.00400158654867,-0.0128946965497,-0.00256763594008
2016-04-25,-0.00181368959094,-0.00172397622979,-0.00516469037661,-0.00569356078093,-0.00636395356732,-0.00468882794,0.00287992742774,-0.00413749503553
2016-04-26,0.001871000122,0.00148474835893,-0.00285042885328,-0.00697144872257,-0.00843599054803,0.00263272111071,0.00396737109253,-0.00454753752692
2016-04-27,0.00164799402985,0.00205605663742,0.0057672956303,-0.0646214512066,-0.00237509787816,0.0277359101262,0.0028603031435,0.00993098586997
2016-04-28,-0.00927363570179,-0.00911699790039,-0.000447535985731,-0.0310432254098,0.0148349494408,0.00344107376187,0.0187248010802,0.0041157114291
2016-04-29,-0.00507594934304,-0.00541378563473,-0.0285786937313,-0.0115610127746,-0.0292038000276,-0.0267283459629,0.0192706295766,0.00255386123992
2016-05-02,0.00777960678668,0.00791732082854,0.00310876937292,-0.00106745856632,0.0147084065785,0,-0.00332135264214,-0.0101193837505
2016-05-03,-0.00871449965192,-0.00874149138401,-0.0160575629196,0.0163122615684,-0.0174692016428,-0.0278131440751,-0.00227456640236,0.0125170019795
2016-05-04,-0.00595458270602,-0.00559372603332,-0.0109819059372,-0.0104558069657,-0.0072826832953,-0.0135492999053,-0.00611822283034,0.00547042411073
2016-05-05,-0.000239036509945,-0.00019500334755,-0.00110369981264,-0.00406725438176,0.00520752043113,0.00932771582353,-0.00114621758556,0.00666296002807
2016-05-06,0.0031696106672,0.00365223995197,-0.00422697778975,-0.00559238826272,-0.00485951632315,0.00924151299728,0.00905204957719,-0.00428355542311
2016-05-09,0.000753212905197,0.000825932541742,0.00500225978396,0.000754356801589,0.0127917474091,-0.0202312315065,-0.020752891611,0.00313788036494
2016-05-10,0.0124063656358,0.0123571417414,0.00355614424019,0.00676683154147,0.0224195712627,0.0138063013611,0.00273145882834,7.63106724347e-05
2016-05-11,-0.00960752304999,-0.00939875100215,-0.00497755803993,-0.00978839196354,-0.0162548955282,0.00514311439259,0.00937892495642,0.0056387497148
2016-05-12,-0.000169479502624,0.000290501121674,-0.00543556860348,-0.0237368943545,-0.0116761325148,-0.00280185733403,-0.00789217325945,-0.00456938532907
2016-05-13,-0.00851443412914,-0.00875226599342,0.00620445660036,0.00199094623331,0.0041366576674,0.00128498310012,0.00452913849698,0.00964727561661
2016-05-16,0.00974897650847,0.00981695693577,-0.00178642489949,0.0364461344492,-0.00206612805178,0.00767710998392,0.000739222236124,-0.00865527278193
2016-05-17,-0.00945586346871,-0.00937727011299,-0.00341701097714,-0.00416280566535,-0.00761271361442,-0.00185517377086,0.0034423277424,0.00167591096712
2016-05-18,0.000205157713103,0.000292667805045,0.00504360121468,0.011380019046,0.00588755223819,0.00208692926341,-0.0174979952156,-0.0143375956638
2016-05-19,-0.00371359461059,-0.00347101307189,-0.00854700632551,-0.0038144541661,-0.0181189109863,-0.0241542965043,-0.00191686518703,0.00431500607918
2016-05-20,0.00600145907833,0.00629720575966,0.0165256720359,0.0107698915598,0.013966640215,0.0205565041232,-0.00133570433636,0.000768603009103
2016-05-23,-0.00208763642351,-0.00136309050071,-0.00663668849147,0.0126273678912,-0.0125613408143,-0.0144038333233,-0.00284420467087,0.00222588910075
2016-05-24,0.0135886377602,0.012878969622,0.0243073606815,0.015129257291,0.0160226319047,0.0169583027553,-0.017493157004,-0.00445634148457
2016-05-25,0.006950529426,0.00675990727513,0.011246436593,0.0174163559234,-0.00832724796634,0.0219083413644,-0.00273177557459,-0.00378069353089
2016-05-26,-0.000210465855566,0.000286732981238,0.00689329703082,0.00789906519216,0.00208809753846,-0.00090789653561,-0.00342525588728,0.00516575106787
2016-05-27,0.00427769496851,0.00429000168508,0.000465272748367,-0.000597894693612,0.008655291485,-0.0029567336508,-0.00826877217161,-0.00146180695575
2016-05-31,-0.00100576889609,-0.00190420571023,-0.00202211879632,-0.00489459734493,-0.0069180106709,-0.00513860250016,0.0037983039286,0.00238440222862
2016-06-01,0.00113439867635,0.00204714108898,-0.00673200304045,-0.0141188783016,0.00242670674961,-0.0148781675278,-0.00103444836811,0.0040488475143
2016-06-02,0.00282069633786,0.00303909902242,-0.00210037596128,-0.00754423589838,0.00655743197307,-0.0161653276326,-0.00233154114515,0.00718139012619
2016-06-03,-0.0029160622587,-0.00299157067401,-0.00995087208708,0.00204445124109,-0.000688364036537,-0.00106353958765,0.0273732637172,0.0141350911905
2016-06-06,0.00488532837819,0.00507554048164,0.000361801952144,0.00722474722431,0,0.0185387758254,0.000336425577951,-0.00745797783734
2016-06-07,0.00128861576982,0.00156019496456,0.0117943981421,0.00404729772035,0.0281706900195,0.0301544069626,-0.000841238384273,0.00241689950694
2016-06-08,0.0033041017947,0.00325428356217,-0.0060798237335,-0.000909414823964,-0.0124598515627,-0.00906669792651,0.0147037067202,0.00534153698588
2016-06-09,-0.00171923573099,-0.00136661436764,-0.00973995998642,0.00715066442637,-0.0122744520997,-0.0121789274641,0.00554108016983,0.00643245476981
2016-06-10,-0.00921753236004,-0.00952261504042,-0.0227020542727,-0.0082630288287,-0.0211480755923,-0.0187294887578,0.00403307681973,0.00483404876369
2016-06-13,-0.00814829842286,-0.00774180583193,-0.0186793856396,-0.0151911700502,-0.0155372901456,-0.0136477109094,0.00736561977229,0.0044418018331
2016-06-14,-0.00180050544054,-0.00196878121166,-0.0231399319797,0.00123228504504,-0.0244967385693,-0.0349579839142,0.0010594353472,-0.00073866799636
2016-06-15,-0.00184240889064,-0.00139490777967,0.00993755381461,-0.00328911189918,0.0152010921441,0.0089477341669,0.0073849230823,0.00383670823443
2016-06-16,0.00312809299826,0.00297973113195,-0.00446156342891,0.00421201468763,-0.0115605386937,0.0016065134754,-0.0105666513185,0.004848522061
2016-06-17,-0.00326328388849,-0.00373086807036,0.00978109996168,-0.0230203858845,-0.000727209352164,0.0190854017734,0.0127473007573,-0.00624856387468
2016-06-20,0.00579138263509,0.00641936261205,0.0344349779206,-0.00241580402279,0.0454947457028,0.0347742052379,-0.00598802575754,-0.0107502153663
2016-06-21,0.00270839043965,0.0028344472071,0.00608189012968,0.00848136040554,-0.00487650911218,0.00699755809299,-0.0194228851035,-0.00463205987179
2016-06-22,-0.00165292891443,-0.00163204274016,0.00292424038266,-0.00376047761519,-0.00314741572708,0.000232536320403,0.000496450746495,0.00164610118203
2016-06-23,0.0132755669843,0.0129384169287,0.019415215228,0.00573944309309,0.0128764549156,0.0152215970454,-0.00655577627124,-0.0115043155626
2016-06-24,-0.0365807927237,-0.0365697963842,-0.0838436532953,-0.0284978624911,-0.0675861302965,-0.0728587274635,0.0478739090594,0.0264928513108
2016-06-27,-0.0182622464548,-0.0180720031441,-0.018786259493,-0.0146680457815,-0.0281391518337,-0.00728883611684,0.00538231471896,0.0246607543254
2016-06-28,0.0176141217236,0.0178751694281,0.0144229538583,0.0167000923133,0.0244328156771,0.026067778232,-0.0107937555864,0.0020813026373
2016-06-29,0.0168892431094,0.016883907504,0.0257057954541,0.00861775269064,0.00813603931739,0.0369973046397,0.00414076087964,-0.0077019069844
2016-06-30,0.0134738627221,0.0135534346226,0.00999917186599,0.0126316465496,0.00184007531551,0.00996195477364,0.00499390683527,0.00367831473447
2016-07-01,0.0019467064123,0.00209834378198,0.00857204060214,0.00302894969536,0.00110206755064,0.00860678766325,0.0152231671945,0.0137890990147
2016-07-05,-0.00687102882157,-0.0072191334969,-0.0262039556423,-0.00943021109127,-0.0118208502355,-0.0247578502556,0.00822090080095,0.0124428219533
2016-07-06,0.00533868675274,0.00597991884127,-0.0189416561493,0.00566880978572,-0.015353430501,-0.0217890731177,0.00585288547037,0.00161411652136
2016-07-07,-0.000871957827344,-0.0006205758737,0.00793602926962,0.00428275698327,0.00601960079142,0.00680081035633,-0.0037696009412,-7.04174898987e-05
2016-07-08,0.0151381865685,0.014780850346,0.0175318476419,0.00768357868313,0.00821809888659,0.014168030801,0.00599401604824,0.00733995323414
2016-07-11,0.00340281942221,0.00352077273023,0.0174688712251,0.00309798695804,0.0228035895488,0.0162792382265,-0.00946861324715,-0.0088135478974
2016-07-12,0.00698484255455,0.00723711754559,0.0155542457647,0.00452682370189,0.0158732812004,0.0134047849989,-0.016690381527,-0.0165762453315
2016-07-13,0.000134758645918,-0.000139684155748,0.000895360466417,-0.00566154589725,-0.00322640591268,-0.00995048378714,0.00915969107174,0.0117164636811
2016-07-14,0.00524542263473,0.00556799851509,0.0115266780529,0.0196267479595,0.0124889357782,0.0159637878418,-0.00774504137676,-0.0146495950785
2016-07-15,-0.000929379168291,-0.00134290685708,-0.00297104802979,-0.000101606687543,-0.00711749785688,-0.00612753953873,-0.00385573915821,-0.00863379363127
2016-07-18,0.00237946212498,0.00268384999166,-0.00338353336743,0.0105733585436,0.00249695719321,-0.0101814278048,0.00157558723601,-0.000939735723883
2016-07-19,-0.00143620483231,-0.00101682952444,-0.00635609040713,0.000400815029673,-0.00715070740949,0.00126445549626,0.00133725093674,0.0056260483062
2016-07-20,0.00426120866868,0.00415387077915,0.0113963373005,0.00090081803109,0.0198942903998,0.000803306967982,-0.0144103840798,-0.00548106122883
2016-07-21,-0.00361907001451,-0.00378413904289,-0.000801681652207,-0.00531603531438,0.0024591784344,-0.00402379207703,0.0151176569024,0.00202236581292
2016-07-22,0.00454362659529,0.00447488537734,0.00110766349218,-0.00777458626113,-0.00140431225993,-0.00728462449766,-0.00749071112458,0.00173062188864
2016-07-25,-0.0030160188196,-0.00271946739687,0.00157368563407,-0.0134695672102,0.0149959156102,-0.0195708063024,-0.00698912386352,-0.000720388538875
2016-07-26,0.000322732542558,0.00046159575784,0.00154165970997,-0.0069068512798,-0.00520584558503,0.00448697811626,0.00421521280984,0.0015850867769
2016-07-27,-0.00119926117018,-0.00106189407559,0.0118055057671,0.0629406302293,0.0721425041042,0.00575635432048,0.0159826966959,0.0123760186556
2016-07-28,0.00160492069299,0.00115411725979,-0.00594978104511,0.0134116003211,-0.00714755779381,-0.00469646078161,-0.00289409248628,-0.0018502650964
2016-07-29,0.0016299800886,0.00161310362117,0.00434066917957,-0.00124721134439,0.000326119742379,0.00645198893636,0.0102868114085,0.00829959156858
2016-08-01,-0.00127059425526,-0.000829181778964,-0.00692515058645,0.0175028206066,-0.00326473491137,-0.0156742864536,0.00185906329909,-0.0109015928222
2016-08-02,-0.00638194100068,-0.00642791988649,-0.018583160366,-0.014915477746,-0.0224877515716,-0.0150791205399,0.00809286454617,-0.0103555919029
2016-08-03,0.00312904282482,0.00291854535629,-0.00159789600986,0.0124605823348,0.0023384728451,0.0032505357406,-0.0047707847087,0.000577972255612
2016-08-04,0.000212549328374,0.00106331355366,0.0056653264671,0.00615858541723,0,0.014911958852,0.00169544591573,0.00748605341284
2016-08-05,0.00856669720348,0.00814595818161,0.014828638494,0.0150929027614,0.0234140136379,0.0169083916171,-0.018025443514,-0.0104528906949
2016-08-08,-0.000907577012204,-0.000596081827688,0.00111265603296,0.00824662590688,-0.00916847093022,0.00116303789956,-0.000862786812556,0.00188223405413
2016-08-09,0.000389717685689,0.000596081827688,0.0118444986023,0.00405167482622,0.010471521727,0.00926036782932,0.00407202597092,0.00978854103249
2016-08-10,-0.0028687970638,-0.00247815180232,-0.00360088162697,-0.00747183871645,-0.00358704805854,-0.00798163666537,0.00467799860594,0.00386066985409
2016-08-11,0.00472341518158,0.00462973314835,0.011599205796,-0.000648439478848,0.0203724158277,0.0108582539782,-0.00694691170545,-0.00895869821619
2016-08-12,-0.000796363279625,-0.000869456536827,-0.000835227831154,0.00231362104487,0.0152480222632,-0.00391402414657,-0.00211703533022,0.00838758321973
2016-08-15,0.00278901605887,0.00287972500195,-0.000517907347222,0.0119454446088,0.000630206484658,0.00149836643422,0.0034476918922,-0.00946834759952
2016-08-16,-0.00549414221734,-0.00517091590852,-0.00835429500234,-0.000913723708403,-0.00981490932393,0.00218573985998,0.00491597109858,-0.00266988595768
2016-08-17,0.00186684630002,0.00187947633431,-0.00963269139669,-0.00146395296657,-0.00702420845305,-0.00379938476893,0.000233482507838,0.00597957543984
2016-08-18,0.00219720177467,0.00224138644968,0.00437729700252,-0.00128259900349,0.00861390191281,0.00701182469013,0.00473585759669,0.0015794289982
2016-08-19,-0.00144130986896,-0.00146320636688,-0.00826928794848,0.00256355505381,-0.00222611779652,-0.0134921512695,-0.00886889266812,-0.00524887752135
2016-08-22,-0.00056348160418,-4.59841682176e-05,-0.0024071741765,-0.00780290625555,-0.00574728273212,-0.0142659509787,-0.00148584191559,0.0083991190695
2016-08-23,0.00194986682789,0.00201128546522,0.00715219456549,0.00312836807865,0.00479159670863,0.00750885614266,-0.000156507787138,0.00107182980624
2016-08-24,-0.00525405528923,-0.00512778932268,0.00316589312336,-0.00756152979635,0.00254651227611,-0.000935429248275,-0.0111768657512,-0.0023598394583
2016-08-25,-0.00136616007325,-0.000688730451537,-0.00652797853774,-0.00426727305872,-0.0108662460565,-0.00363372103092,-0.000870990279044,-0.00380030757368
2016-08-26,-0.00158006440418,-0.00188517993279,0.00796983000887,-0.00587391131899,0.00192582246262,0.0195352677331,-0.0014269860969,-0.00583774241882
2016-08-29,0.00521442854348,0.00491227900459,-0.00397471271872,-0.00112286605644,-0.00256905713805,-0.00937134086502,0.00198137567541,0.0132828556393
2016-08-30,-0.00195559157928,-0.00165011219191,0.00748510726941,-0.00770603092679,-0.00483448590455,0.0110970536699,-0.0101063526006,-0.00385900423918
2016-08-31,-0.00237869109857,-0.00284807679172,-0.00433243623474,0.000942887081688,-0.0199062824071,-0.0172765290046,-0.00200152184029,0.00143121999922
2016-09-01,-4.13855045765e-05,4.59790184653e-05,0.000326588184921,0.00592044266228,0.00591537673085,-0.00468896459125,0.00407887957041,0.00110180679486
2016-09-02,0.00419224157835,0.00449814928777,0.0228248224674,0.0093255860447,0.0233171509731,0.0331686085589,0.0101644565654,-0.00818946515891
2016-09-06,0.00297724237064,0.00301749800928,-0.00269175343161,-0.000278692676187,-0.000320387645006,0.00249772073474,0.0167663512428,0.00725904437366
2016-09-07,-0.000146395773938,-9.10303553846e-05,0.00609626732454,0.00610981735545,0.00191962689986,0.0114994406611,-0.00342441755113,-0.000715984109381
2016-09-08,-0.00222548806364,-0.00228575751339,-0.00339784903898,-0.0265586633268,-0.0151346722795,-0.00359350265273,-0.00531548191275,-0.0126207004719
2016-09-09,-0.0248277422987,-0.0242261914941,-0.0112470837673,-0.0229101529295,-0.0124063488294,-0.0133637181778,-0.00660532411194,-0.0166115647111
2016-09-12,0.0145703870136,0.0142456597948,-0.0115551488792,0.0221517090491,-0.00131510764207,-0.00962327961325,-0.00126315642063,0.000516227226557
2016-09-13,-0.0149417480289,-0.0144797704452,-0.0119225946875,0.0235264138494,-0.00792585833342,-0.033595751844,-0.00665767707082,-0.0114225488832
2016-09-14,-0.000587849399683,-0.000375339885142,-0.00386424141466,0.034774704254,-0.0228046278933,-0.0122174001255,0.00341364996281,0.00149103797049
2016-09-15,0.0100585163381,0.00994311110502,0.000677178679328,0.0334333561427,0.00169463557028,0.000481772072794,-0.00644006988556,-0.00433019840796
2016-09-16,-0.00377942795585,-0.00387281045985,-0.00936638217145,-0.00564037550078,-0.00679578441206,-0.0220427968596,-0.00247578291028,0.00804722247099
2016-09-19,-1.86032703477e-05,0.000187342687942,0.0141499535143,-0.0117287721772,0.0162330374667,0.0262501056622,0.00207685993716,-0.0032702319811
2016-09-20,0.00029909368142,4.70203782689e-05,-0.00127290843341,-8.78605686453e-05,0.00668671581201,-0.00541236997898,0.000957106461984,0.00349298199671
2016-09-21,0.0108580001374,0.0111827162059,0.00476230726349,-0.000176052379349,0.000999292576684,0.00156661755445,0.014483217886,0.00805445470361
2016-09-22,0.00647875216939,0.00628154980079,0.0224846031702,0.00937890061616,0.026282765554,0.0361827975965,0.00235444311818,0.0079176603662
2016-09-23,-0.00575329331245,-0.00549425702401,-0.00469631580949,-0.0168040999019,-0.00292280408987,-0.0121513427659,0.000626925805136,-0.000949656391765
2016-09-26,-0.00862484977007,-0.0081351236271,-0.0181738221079,0.00150706007765,-0.0130934071901,-0.0191068815719,-0.000783691247326,0.00633886071647
2016-09-27,0.00642349517151,0.00618867318074,-0.00208252853935,0.0018586936836,0.000659061809094,-0.00854794875587,-0.00731796929909,0.00730827445422
2016-09-28,0.00528257635091,0.00495131648947,0.00764798665326,0.00757573048265,0.00361517104172,0.00489366500255,-0.00316407473015,-0.00216549691595
2016-09-29,-0.00936512755657,-0.00908847737367,0.00256630984362,-0.0156549709294,-0.0112173438564,0.0406557612226,-0.00118911583559,0.00252572120744
2016-09-30,0.00793639271705,0.00751783398666,0.000994123448424,0.00772537770841,0.00727254269176,-0.0117868927462,-0.00341664153198,-0.00897698900871
2016-10-03,-0.00326602347724,-0.0024069336965,0.00119083372401,-0.00469908386341,0.00131660325296,0.00366896474413,-0.00255020062721,-0.00330603141424
2016-10-04,-0.00496788181582,-0.00511090029016,0.0110600035558,0.00425671471993,0.0298145621043,0.0183768451809,-0.0353278768457,-0.0117636035473
2016-10-05,0.00428748612314,0.00441525919341,-0.00292218388735,0.000442369143482,-0.00223761702708,-0.000927936068907,-0.00157188863803,-0.00467043531517
2016-10-06,0.000481444286582,0.000695641096756,-0.00219621978417,0.00740275951521,-0.00803244370496,-0.000348517652443,-0.00931627921031,-0.00558828642736
2016-10-07,-0.00325878776737,-0.00343549775339,-0.00676148316944,0.00149145766023,0.00257744913672,-0.00290729672909,0.000668287404418,0.000672069178017
2016-10-10,0.0045953303756,0.00519480117257,0.0105843640962,0.0172967601177,0.0105618340743,0.019491583145,0.00350151251042,-0.00591632270384
2016-10-11,-0.0125245778666,-0.0127097528517,-0.00569062345121,0.00215232510548,0.0439120642567,-0.00998681867604,-0.00508950230634,-0.00225602080178
2016-10-12,0.00114593259377,0.00131073134306,-0.00437025408247,0.00890207951368,0.00152219887281,0.00827205624585,0.00158798979591,0.000978159432932
2016-10-13,-0.00310407649963,-0.00328072153906,-0.0106285594284,-0.00307235670168,-0.00824824827675,-0.00688836056447,0.00241899441165,0.00375366160765
2016-10-14,0.000201583858762,0.000516297632495,0.0148153531114,0.00554102505905,0.0230453865204,0.0166800926608,-0.00559755837254,-0.0141110909878
2016-10-17,-0.00304261789208,-0.00347845221276,-0.00463841081528,-0.000680261092826,-0.00842874307978,-0.0120827062951,0.0026773693927,0.0063632496588
2016-10-18,0.00614150576636,0.00624287611933,0.0130996980164,-0.000680686938063,0.00542640440194,0.0098142015168,0.0061641012016,0.00324218321329
2016-10-19,0.00218957196554,0.00266380569991,0.00252284642626,-0.00298411862157,0.00629407121402,0.00283496850511,0.00571361636215,0.000827402635093
2016-10-20,-0.00137667105116,-0.00186832756892,0.00437514900793,-0.000512458519143,0.00447173838943,0.00688365018886,-0.00305977498615,0.0010518385006
2016-10-21,-8.41452423147e-05,0.000467220915063,-0.000892509587215,-0.00393714764484,-0.00566744817196,-0.00315362454935,0.000745158787636,0.0015016030536
2016-10-24,0.00473859464041,0.00424381151298,0.00363316275555,0.00896469368474,0.00507259952478,0.000676508651146,-0.00223707786241,-0.00435981983121
2016-10-25,-0.00380495745764,-0.00335645766491,-0.00258213975024,0.00508697168318,-0.00656917313571,0.0024771158982,0.00751978921568,0.00263376511742
2016-10-26,-0.00174192770218,-0.00200945321358,-0.00137734547078,-0.0227513957767,0.00686642479688,-0.0100590926972,-0.00561381804865,-0.00678648455712
2016-10-27,-0.00299119610329,-0.00267038560577,-0.000224967367503,-0.00964991801838,-0.000297251661173,0.0124181700119,0.0018196944415,-0.0109540182771
2016-10-28,-0.00311314016176,-0.00295983980189,0.00330544371735,-0.00666057803511,-0.000297987554635,-0.00370968150631,0.00469929543313,-0.00222031461107
2016-10-31,-0.000122283994439,4.70424859078e-05,-0.00868210515323,-0.00158388054209,-0.0143928912522,-0.0154337735764,0.00295663811053,0.0061135827013
2016-11-01,-0.00681001880647,-0.00727173672754,-0.00868200994689,-0.0182202325587,-0.00241923203432,-0.0102302270242,0.00645770817214,7.6610987222e-05
2016-11-02,-0.00654688478768,-0.00603676099409,-0.0125179299822,0.000896125241812,-0.0146387139077,-0.0204265276645,0.0073872641226,0.00434124528202
2016-11-03,-0.00443321288133,-0.00458776232194,-0.000677459217264,-0.0107764884202,0.000921019630073,-0.00188902854831,0.0053239134759,-0.00770600510617
2016-11-04,-0.00166752004698,-0.00110211840448,-0.00778697059866,-0.00905483552401,-0.00739366683106,-0.0046182271854,0.00072376053082,0.00892153716243
2016-11-07,0.021980199777,0.0218175321307,0.0189513823519,0.0143219608408,0.0156470604259,0.0178805982023,-0.0181719691056,-0.00853851706593
2016-11-08,0.00376487836712,0.00449341166228,0.00350861859094,0.00586969594325,0.01150127683,0.00743421168207,-0.00418395948888,-0.00406527869107
2016-11-09,0.0110161197981,0.0105463376581,0.0147645943148,-0.00162218774554,-0.00331587749889,0.0066895260818,-0.000657902992372,-0.0433593743773
2016-11-10,0.00194884539149,0.00249270722081,-0.002761560279,-0.0282635441894,-0.0185894489321,0.00218203704886,-0.0150017153048,-0.0148806447345
2016-11-11,-0.00139892821094,-0.00230788938374,-0.00924156409769,0.00592014514196,-0.00338943886356,-0.0265008275636,-0.0223779827668,-0.00563809190398
2016-11-14,-0.000115509457192,0.000785197426005,0.00428544133603,-0.0254054464754,0.00431192171585,-0.00685506190392,-0.00849022727281,-0.00599926994051
2016-11-15,0.00745295529499,0.00777273357361,0.0061868044321,0.0131568617668,0.0188741924463,0.031633802676,0.00866104957632,0.00493357075416
2016-11-16,-0.00158351690248,-0.00188028257699,-0.00783162677742,0.0265332230361,-0.0201043244659,-0.00333799961994,-0.00299291343166,0.00898285846177
2016-11-17,0.00466546946208,0.00512766153415,0.00589882051208,-0.000363759645644,0.0185952314854,0.00712241540758,-0.00515154408686,-0.0148234926775
2016-11-18,-0.00238965143737,-0.00224036794127,-0.00518593069661,0.000999536580497,-0.00181379556631,-0.0129032776455,-0.00881897467389,-0.00289214409916
2016-11-21,0.00743370239191,0.00752347717777,0.00558561890663,0.0150597822697,0.0182886994832,0.0202024743216,0.00372730455832,0.00247909719678
2016-11-22,0.00216309075569,0.00195132471599,0.0041353141927,0.000626540583937,-0.00118917646292,0.00363011768159,-0.000346149185533,-0.000329753139877
2016-11-23,0.000807698475976,0.000543570989563,-0.0042170286377,-0.00511162364271,-0.00506925379708,-0.00238045673478,-0.020019034645,-0.00388851784331
2016-11-25,0.00390674563408,0.00370862311087,0.00463905351699,0.00502204180421,0.0104090577927,0.00102075168631,-0.005667233774,0.00149024917807
2016-11-28,-0.0052683892752,-0.00470551140927,-0.00880292160565,-0.00196986998784,-0.0089153994998,-0.00147490156869,0.0105120174651,0.00733980249153
2016-11-29,0.00133440216881,0.00194800479772,0.00906439739306,-0.00098650914814,0.0276104501929,-0.00261526085129,-0.00466822532704,0.00418200188279
2016-11-30,-0.00265693032079,-0.00240210012168,0.00588840089418,-0.00846927583516,0.00554806571605,0.0232925005909,-0.0135100892336,-0.0163338922121
2016-12-01,-0.00352172320857,-0.0036820602568,-0.00388009646894,-0.00936305915511,-0.00672022679145,0.00233289498867,-0.00188095356688,-0.0106141002688
2016-12-02,0.000396927698722,0.00050087621142,-0.00699497542038,0.00373762009322,-0.00824263440521,-0.00344580725092,0.0053648018513,0.00730059060626
2016-12-05,0.0058044270335,0.0059903984706,0.0099966342757,-0.00721470310993,0.0114625086826,0.00100155828704,-0.0053648018513,-0.00108786543399
2016-12-06,0.00340508422864,0.00316285723722,0.0125177587564,0.00766951954737,0.011621067347,0.00299898514545,-0.000986688867839,-0.000753222368165
2016-12-07,0.01307735911,0.0129958736123,0.013462744684,0.00977481350491,0.0149088246882,0.0146422151824,0.00358328786542,0.00850801739593
2016-12-08,0.00215701468264,0.00244576350213,0.00864457126754,0.00976920640984,0.00482595644176,0.00359994700259,-0.0023276823193,-0.0118642031082
2016-12-09,0.00592141858244,0.00602203104146,0.00601921794394,0.0161898612168,-0.00255212237799,0.0110463636256,-0.0105420446462,-0.012516692374
2016-12-12,-0.00113808213152,-0.00114829905324,-0.000692883909034,-0.00572055561177,0.000283882041804,0.0120966296993,0.00379711148027,0.00187025848538
2016-12-13,0.00651848330423,0.00665188421905,0.00901244335656,0.0165437734379,0.0098857386961,0.00932022337471,-0.00334436073469,0.00356102107532
2016-12-14,-0.00815029572429,-0.00828855113583,-0.0072348552943,0,-0.00790073712764,-0.00676965902218,-0.0147758526193,-0.0112359007253
2016-12-15,0.00387570768806,0.00410846351676,0.0104271479836,0.0054542610813,0.00705734604726,0.00813894838029,-0.0137857206013,0.0050381580606
2016-12-16,-0.00175215677889,-0.00195743785198,0.00290910124871,0.00129438917972,0.00812423717557,0.0149420763833,0.0065927812339,-0.00230271726749
2016-12-19,0.00197317274315,0.00217469175842,-0.00217480542646,0.00576072969328,0,-0.00655521150679,0.00498517467519,0.0106990378742
2016-12-20,0.00363091263558,0.00385029796406,0.00560759659206,0.00265427955806,-0.00111665296773,0.00779892388314,-0.00739438632217,-0.00499542276274
2016-12-21,-0.00246038566924,-0.00278630182671,-0.00331904359328,0.000939960784947,0.00334612613447,-0.00136478095695,0.000556455220055,0.00440401539348
2016-12-22,-0.00186471135341,-0.0017292695941,0.000167567505949,-0.00659947778486,0.000835116281838,0.0124237033529,-0.00241368486325,-0.00178929607293
2016-12-23,0.00125093247983,0.0014632596311,0.00104406276581,0.00197590768759,-0.00250682934985,0.00352157705226,0.00315519940961,0.00203519236354
2016-12-27,0.0022458490148,0.00247816289445,0.0017753193228,0.00633052840653,0.00361882565792,0.000310247890261,0.00582012826637,-0.00322460796277
2016-12-28,-0.00839164073685,-0.00829877044022,-5.56953252373e-05,-0.00427289006836,0.00498904571804,0.00710674573854,0.00275966508854,0.00728203016144
2016-12-29,-0.000293347683225,-0.000222933824848,-0.00196966371743,-0.000256903490814,-0.00805042220015,-0.00174622699218,0.0130506071929,0.00353799824705
2016-12-30,-0.00464783485689,-0.00366198004604,0.00491504627866,-0.00782652396609,0.0110866884596,0.00174622699218,-0.00618464903417,0.00151184477568
2017-01-03,0.00845076675363,0.00762106921231,0.00758483122905,0.00284539541134,-0.00941550397608,0.00430069530254,0.00781537958553,0.00427182851902
2017-01-04,0.00570596382591,0.00593183855966,1.42516428444e-05,-0.00111999022024,-0.00894368623977,-0.000511230319349,0.00352415307563,0.00383750116817
2017-01-05,-0.000770967602481,-0.000795074565591,0.000253108150923,0.00507247122928,-0.00647805206415,0.000511230319349,0.015395944789,0.0155322459748
2017-01-06,0.00351078897471,0.00357142414828,0.00187548615653,0.0110864887193,0.0129144155398,-0.00327519192163,-0.00739986430735,-0.00922452110196
2017-01-09,-0.0035549054172,-0.0033063837443,-0.00454611149466,0.00911792506184,0.00943942959143,-0.0141452402431,0.00819894093144,0.00799405399037
2017-01-10,0,0,0.000135059230802,0.00100801019176,0.00082828599885,0.00301108774029,0.00425121533008,-0.000656957540947
2017-01-11,0.00282564238266,0.00282221892018,9.8186345274e-05,0.00535871859468,0.0118019492189,0.00558255427212,0.00308844716626,0.0033621642923
2017-01-12,-0.00214711241471,-0.00251312719289,-0.00507343594166,-0.00418392868234,0.0178479988058,0.0040126605842,0.0036058611058,-0.00221258505906
2017-01-13,0.00184813175955,0.00229284410686,0.0119595264937,-0.00176264800389,0.0127833401571,0.00307561824614,0.00263015227945,-0.00477009705641
2017-01-17,-0.00297191445567,-0.00352962041687,-0.0128399098489,0.00803208544785,-0.0111761568783,-0.0133970722503,0.014257383308,0.0104145754856
2017-01-18,0.00176220046948,0.00220761887121,-0.00129516765127,-8.32788851726e-05,0.00666733987263,0.00124469499377,-0.00849515334089,-0.0128907301051
2017-01-19,-0.00361583798948,-0.00371146476624,-0.00252921159458,-0.00175162283234,0.010050448626,-0.0133519384093,-0.00087098072045,-0.00688275036453
2017-01-20,0.00336058441963,0.00366715556829,0.00196656517477,0.00183490171752,0.00498727123496,0.0104461956573,0.00243674300365,-0.00199884458002
2017-01-23,-0.00269374990081,-0.00260526175727,-0.00605037489835,0.000666380054047,-0.00314701976392,-0.0131800969801,0.00641137170351,0.00995523639991
2017-01-24,0.00654314044722,0.00639122068236,0.0017861855525,-0.000916237518571,-0.00685289641112,0.00325890472719,-0.00450103767344,-0.00687509814915
2017-01-25,0.007994052872,0.0086182028442,0.00981499652544,0.0157951997998,0.0123539757405,0.00784073042892,-0.00827564296546,-0.0126305512102
2017-01-26,-0.000735654697208,-0.0010461420902,-0.00214054143453,0.000492109749333,-0.00497579549612,-0.00448820244454,-0.00931545527747,0.00336178218984
2017-01-27,-0.000866839823257,-0.00157114884656,-0.00561650504669,8.18758379241e-05,-0.019083323803,-0.0121019091431,0.00202863134621,0.00360081830757
2017-01-30,-0.00602767346977,-0.0062206344425,-0.0114997687582,-0.00262747088137,-0.013470318285,-0.011072149866,0.00422055495153,-0.00301391011855
2017-01-31,-0.000890301539602,-8.79923569597e-05,-0.00749782395391,-0.00230469140167,0.0121311105859,-0.0009643389464,0.0137680980413,0.00693516864563
2017-02-01,0.000298319145793,0.000395527130417,0.00957313788228,0.0591937388283,0.00747479397363,0.00128539115094,-0.00303364046305,-0.00620260853323
2017-02-02,0.000570146914004,0.000658499061834,-6.0494927254e-05,-0.00171026202542,-0.00266330844054,-0.0048278081361,0.0055401718869,-0.000419583729178
2017-02-03,0.00723849675825,0.00686917343292,0.00647212687103,0.00427013261502,0.00770387904424,0.0139894318896,0.00250033331753,-0.000420356935487
2017-02-06,-0.00211759739091,-0.00178901221353,-0.00985895297506,0.0093301563538,-0.020316351354,-0.000955047271675,0.0134287613532,0.00603206949011
2017-02-07,0.00022680323213,4.38041740051e-05,-0.00495353510898,0.00947248947183,-0.00378794748005,-0.0102418631092,-0.00204114719686,0.00732361614496
2017-02-08,0.000693082257595,0.00130928773079,0.00254800965939,0.00386979636648,-0.0114501888276,0.00438696185848,0.00619567436522,0.0135068098685
2017-02-09,0.00573606360024,0.00591515670216,0.0124344620313,0.00719998368459,0.0171266438746,0.0126255246096,-0.00764400688676,-0.0116011101439
2017-02-10,0.00355970705167,0.00393824829631,0.00043079954336,-0.0022679938692,-0.00215849244771,0.010487644489,0.00263950939843,-0.000579909192571
2017-02-13,0.00523213343559,0.00542809693513,0.0123235351273,0.00881634709934,0.0250746340589,0.00312506655493,-0.00682592237867,-0.00315156309107
2017-02-14,0.0039993271422,0.0039874357621,0.00155966413156,0.0128957293735,0.00184237607269,-0.00270785312977,0.00111236907317,-0.00725364541284
2017-02-15,0.00497988871921,0.00520661680875,0.00591407612676,0.00362250391353,-0.00765488738605,0.000208742464843,0.00443722040991,-0.00461249244844
2017-02-16,-0.000864491475071,-0.000851758776798,-0.00517083300405,-0.00118110198951,0.00528542180878,-0.00281893934544,0.00534969222769,0.00544919149054
2017-02-17,0.00167714915424,0.00157512522231,-0.00652807730657,0.00272980072928,-0.0151373651977,-0.0079782974986,-0.00339330149665,0.00591821359066
2017-02-21,0.00602985014586,0.00593757875481,0.00434173503785,0.00719495537372,0.0167177884987,0.020033982947,0.000594656603345,-0.00174661138878
2017-02-22,-0.00108278637817,-0.000888243516925,0.00145536647484,0.0029945232511,0.0130718963972,-0.00196486099233,0.00135792261623,0.0016637585385
2017-02-23,0.000418899295217,0.000676938669523,-0.000937930857042,-0.00423881428831,-0.00155960513672,-0.000310516111149,0.00869752558089,0.00298778571345
2017-02-24,0.00149225010637,0.00126785637418,-0.00945925233663,0.00095135947555,-0.0078350754105,-0.0115595398874,0.00636940640762,0.0110430936255
2017-02-27,0.00101746522153,0.00156162226755,-1.23953342496e-05,0.00197375050537,-0.00446706846773,-0.0104239769356,-0.00485717394083,-0.00591834570124
2017-02-28,-0.00258170593671,-0.00270261376925,0.00276179752314,0.000438356725967,-0.00210916403832,-0.00403000408509,0.000923012419052,0.00370279312942
2017-03-01,0.0135812109313,0.0139004918673,0.0208268509668,0.0202333395611,0.0304115418028,0.0147679967023,-0.0014268750525,-0.0168981278473
2017-03-02,-0.00587711694571,-0.00631726940308,0.000598455987507,-0.00595533704111,-0.0061634044006,0.000942079224319,-0.0125085809432,-0.00360566038754
2017-03-03,0.000503750237378,0.000629075181893,0.00629187720742,0.00588347519246,0.00128749428559,0.00584118664685,-0.000595516618127,0.0026007021542
2017-03-06,-0.00328262251386,-0.002982429595,-0.00460303931434,-0.00315246472242,-0.00309206861444,-0.000936370893439,-0.00674554058364,-0.00478726240831
2017-03-07,-0.00291762589499,-0.00299097872082,-0.00346320726877,0.00129071765388,0,-0.00678964212028,-0.00808608276825,-0.00303522338593
2017-03-08,-0.00228682834056,-0.00185846488414,0.00110533843425,-0.0037342364531,0.00540481015595,-0.011383991361,-0.00623811596088,-0.00541914092283
2017-03-09,0.000799575731853,0.00126736575407,0.00423050473833,-0.00230474975355,0.00435379745925,-0.00798241245833,-0.00514092538661,-0.00801282658004
2017-03-10,0.00326333993003,0.00349813965435,0.00236797298881,0.00331172115818,0.00382600414466,0.0101006248552,0.00218159690189,0.00350278936303
2017-03-13,0.000366565599367,0.000504700326371,0.00125694489216,0.000431364544319,0.00937540027618,-0.0034973636807,0.000174296174826,-0.00633115438589
2017-03-14,-0.00338474917863,-0.00383424027305,-0.00508136004915,-0.00150954664217,0.00050454249314,-0.0171309241193,-0.0054181291096,0.00479480693394
2017-03-15,0.00833987929561,0.00861650624978,0.00225311484693,0.0105204249455,-0.00277672232272,0.0145796788267,0.018492491834,0.0121410699375
2017-03-16,-0.00162803481871,-0.00196914250338,0.00558063135007,0.00163610808147,0.00479116396404,0.00318782707876,0.00412055689744,-0.00507692843252
2017-03-17,-0.00131517934297,-0.00175767272395,0.00315861080107,-0.00498772855396,0.0137417621502,0.00486820351769,0.00222484259913,0.00625733666604
2017-03-20,-0.0020119159553,-0.00109732806391,-0.00340193475196,0.010445789372,-0.00747201222158,-0.0150863080019,0.00443500940165,0.00428974101711
2017-03-21,-0.0124855945152,-0.0129228850638,-0.00194316147521,-0.0115177928312,-0.00652143695037,0.00584605562349,0.00872701142999,0.00827458470339
2017-03-22,0.0018881025743,0.00235064688644,-0.00154644027909,0.0112348113796,0.00451932534474,-0.00172884837895,0.00244345233704,0.00398736883334
2017-03-23,-0.001060832045,-0.0010678461642,0.00759110560655,-0.0035414900693,0.0117048038666,0.00560760308414,-0.00134740230911,-0.00141037255866
2017-03-24,-0.00084435244056,-0.00072651120595,-0.00235931390021,-0.00198892618049,-0.00421778438206,-0.00625635563557,0.00159982352819,0.00356343917627
2017-03-27,-0.00102010733916,-0.0010269451036,-0.000691295486643,0.00170476800592,0.00223520616085,-0.00184109627987,0.00562103917202,0.00453968827385
2017-03-28,0.00722530863054,0.00725053823467,0.00571763793323,0.0205151791227,-0.000496353445642,0.00626762510209,-0.00410779803847,-0.00669275489147
2017-03-29,0.00108473643561,0.000934672175621,0.00451593482454,0.00222286962915,0.00569253347122,0.00429958328452,0.00243320165649,0.00595144868847
2017-03-30,0.00293081100385,0.00317889126071,0.00405566980744,-0.0013191641738,0.00147942427624,0.00981965316505,-0.00723300873419,-0.00810924829522
2017-03-31,-0.00225759398417,-0.00233032881768,0.006437379557,-0.00187793833161,0.0144345969177,0.00719656774875,0.00210801543463,0.00290345300416
2017-04-03,-0.00164347538729,-0.00174065217634,-0.00717050573881,0.000278298393597,-0.00878262925645,-0.00953610220395,0.00529254818515,0.0100365129336
2017-04-04,0.000559365981951,0.000637095258225,0.00298805899768,0.00741850608306,0.010481478193,0.0165764737906,0.00225974066843,-0.00543946928023
2017-04-05,-0.00305953683823,-0.00297694126662,-0.00182081934452,-0.00519385004725,-0.007056945428,0.0052222691192,0,0.00305247530385
2017-04-06,0.00192765026736,0.00280716090551,0.00579439645344,-0.00250295442941,0.012136072511,0.0109807370132,-0.003685121377,-0.00148403282246
2017-04-07,-0.000827472390061,-0.00101990241758,0.00269868978958,-0.00223002590614,0.00960383023309,0.00963861712576,0.00234662361432,-0.00405112949418
2017-04-10,0.000687450115915,0.000594942158193,-0.00543403146139,-0.00118646612967,-0.00863922207567,-0.00757972873554,0,0.0046286699891
2017-04-11,-0.00143490837168,-0.00119039096324,-0.00109514404538,-0.0108150246294,0.00552816854118,0.00205430305077,0.0143779995503,0.00943860063017
2017-04-12,-0.0037670371396,-0.00439162804192,-0.000147016020138,0.00119981791395,0.00119753057399,-0.00184915935012,0.00682536265416,0.00545788307823
2017-04-13,-0.00683802051686,-0.00651602909388,-0.00590036033054,-0.00530326111438,-0.00119753057399,-0.0126204183007,0.00474206605132,0.00308236180863
2017-04-18,0.00566886274562,0.00583213875484,-0.0160717672111,0.00106256712046,-0.00963398543567,-0.0192340578421,0.00179286171236,0.00991298725567
2017-04-19,-0.00171782516996,-0.00184005515874,0.00269762160854,-0.00368892489384,0.00391385872104,-0.00553342888842,-0.00891436683504,-0.00546864881136
2017-04-20,0.00752885035594,0.00810596450293,0.0147161600161,0.0124331656934,0.0126154223549,0.00457763849872,0.00188761185443,-0.00387725406456
2017-04-21,-0.00303968832651,-0.00319196594291,-0.00369138375687,-0.00119396670061,-0.00241358559003,-0.0126136034814,0.00286567522673,0
2017-04-24,0.0107817366163,0.0109379339256,0.0406037344451,0.00958292532196,0.0370060085175,0.0285264070282,-0.00680912427441,-0.00495000596134
2017-04-25,0.00607221417992,0.00580159482205,0.00171233874815,0.00617695529718,0.0386024317601,0,-0.0101767558871,-0.012112337286
2017-04-26,-0.000485821371059,-0.000628597874845,0.0018929075064,-0.00589858802076,0.00758943267299,0.000417980970682,0.00489441443098,0.00550136481277
2017-04-27,0.000552767268521,0.000838464301342,-0.00306445910582,0.000765532454152,0.0046588157471,-0.0117738224047,-0.00373085877625,-0.000327300125462
2017-04-28,-0.00191497973981,-0.00218191117092,-0.000829320561241,-0.000974421264737,0.00265251728462,-0.00243482991712,0.00315142080608,0.00220899654458
2017-05-02,0.00291913553707,0.00289391718224,0.00696590694136,0.0265162058736,0.00682006944089,-0.00691346892917,-0.00931705437688,-0.00324063628098
2017-05-03,-0.00127216936959,-0.00121514857873,-0.000594032544893,-0.00305520516345,0.0122031544649,-0.00170930817056,-0.0140556870668,0.000657541740962
2017-05-04,0.000581933405525,0.00117332975164,0.0133829622526,-0.00361033779964,0.0152608934384,0.00596939825101,-0.0101376851501,-0.00493975470209
2017-05-05,0.00408035918526,0.00392937493262,0.0111025629496,0.0164476589628,0.0156618261606,0.0200967440816,0.00188195947057,0.000907744650455
2017-05-08,3.74453761026e-05,-0.000166940608535,-0.00914441994753,0.0268254298879,-0.0188666835389,-0.00396652046322,-0.00222452177442,-0.00545640827703
2017-05-09,-0.00102577458279,-0.000918374874116,0.00279373652243,0.00638435212438,0,0.000313826581516,-0.00601373797763,-8.27966212058e-05
2017-05-10,0.00112996274344,0.00179428179934,0.00045380412299,-0.00475175125624,-0.00557934728692,0.00708407227566,-8.61907004508e-05,-0.0011610345147
2017-05-11,-0.00216515162191,-0.00204504999618,-0.00316028245251,0.00861109245304,0.00408036600554,-0.00572599243664,0.00395630513483,0
2017-05-12,-0.0014795353149,-0.00167230195265,0.00407829401696,0.0138690679739,-0.00774536372773,0.00187751446844,0.00282863084219,0.00752455543142
2017-05-15,0.00476514229719,0.00550827091141,0.00221383799929,-0.0025655352656,-0.00129665626308,0.00768173675426,0.0026498882769,-0.00272255330197
2017-05-16,-0.000687132835322,-0.000916077162262,-0.00208801369343,-0.00147878743443,0.00388509199919,0.00721305968966,0.0043443400481,0.00371044036362
2017-05-17,-0.0183454683491,-0.0179031715807,-0.0164513298749,-0.0341518983079,-0.0178226898075,-0.00514658536152,0.0180260859182,0.0144613071455
2017-05-18,0.00368003887866,0.00402043745201,-0.00530943281197,0.0151260226931,0.00437631164622,-0.00413625970898,-0.00821465645459,0.00113564444855
2017-05-19,0.0067447028859,0.00648312126195,0.00653280969571,0.00340303793547,0.000436689963482,0.00310355633434,0.00495365607232,0.00234640735497
2017-05-22,0.00514686368862,0.00506449967105,-0.000285522507349,0.00605790094619,-0.00371716276527,-0.00030984746204,0.00417886100512,-0.00275206165746
2017-05-23,0.0018361850287,0.00221040351313,0.00473811740978,-0.00123472724877,-0.00417075020102,-0.00383047948455,-0.00635881490698,-0.00675005428562
2017-05-24,0.00248603392792,0.00233025647578,-0.00127607707105,-0.00299537232646,-0.000880331923668,-0.00114190615401,0.00393719461482,0.00561467044138
2017-05-25,0.00443211171771,0.00476776516938,-0.00078282309565,0.0034505554715,0.00920466255318,-0.00865718439085,-0.00108743996516,0.000324536039187
2017-05-26,0.000310501785349,-0.000206534724577,-9.74383979719e-05,-0.00169124024624,-0.00788422098483,-0.00619981797645,0.00883263789419,0.00170215722692
2017-05-30,-0.0012053506261,-0.000869456415371,-0.00576933054392,0.000390535841105,-0.0030833563608,0.00252645937039,-0.00332393525251,0.00492742017623
2017-05-31,-0.000460074503358,-0.000248260181564,-0.0042135972243,-0.0059395701741,0.00198302793965,-0.00601117598732,0.00398741179594,0.0024959343618
2017-06-01,0.00754259568076,0.00792100267443,0.00660991807858,0.00274550132817,0.00811144177927,-0.00201157425131,0.000828689848887,0.000104341777505
2017-06-02,0.00370087430353,0.00332280431236,0.00464079770955,0.0147104422264,0.010641884891,-0.00798105482834,0.00734538847269,0.0117707861068
2017-06-05,-0.00121840685198,-0.000737470022887,-0.00666963651304,-0.0098260451626,-0.00519802188389,-0.00793518904324,0.000986290850294,-0.00622813665446
2017-06-06,-0.00278290885877,-0.00320208385046,-0.0073120338176,0.00337236025635,-0.0175253008803,-0.00152925310309,0.0111915148772,0.00543192168766
2017-06-07,0.00156702902119,0.00184860098876,-0.000700620356622,0.00593896560392,0.00792453478246,-0.00922330020111,-0.00529425804507,-0.00479147432009
2017-06-08,0.000267168836598,0.000492372909889,-0.000244934315587,-0.00244881262421,-0.00461503384249,0.0046222462308,-0.00655467322824,-0.002645196269
2017-06-09,-0.000830333647746,-0.00151887131651,0.00671526458129,-0.039548210744,0.00395691015701,0.00350785179499,-0.00916642931924,-0.00152605362847
2017-06-12,-0.000979242498824,-0.000205353021152,-0.0112180370743,-0.0241864404164,-0.0168145609595,-0.00460609821107,-0.00149439628065,-0.000321631612914
2017-06-13,0.00450135881044,0.00487800418162,0.00402775735216,0.00801394768679,0.015717120518,-0.000330219858966,0.000996528881729,0.000160750047474
2017-06-14,-0.000996327054905,-0.00126868138611,-0.00351264365574,-0.00980283746265,0.00109744044152,-0.015849715951,-0.0054931722962,0.0153191306017
2017-06-15,-0.00224210982242,-0.00192627600264,-0.00504967171981,-0.0060114471062,-0.00660357208354,-0.00593835123899,-0.00418165700923,-0.00158551421498
2017-06-16,0.000283598983088,0.000218394274836,0.00886061799035,-0.0140987238913,0.0188149499154,0.00716655119476,0.000167568929707,0.00198069467557
2017-06-19,0.00831258337365,0.00829075087457,0.00896734215268,0.0282059772846,0.00906159843152,0.00755901619682,-0.00765445984285,-0.00142539389033
2017-06-20,-0.00671916059422,-0.00676693755767,-0.00321948924006,-0.00912979047044,-0.00171993967274,-0.0132657739627,-0.00211318281588,0.00891568138773
2017-06-21,-0.000582814244664,-0.000246822251204,-0.0036696297316,0.00591290308981,-0.00215367410545,-0.0034849519004,0.00287281147565,0.00204095274728
2017-06-22,-0.000455885799227,-0.000452980035889,0.00145325375767,-0.00164617553475,-0.000215760520296,-0.00112676007573,0.00336928391869,0.00219249028022
2017-06-23,0.0015596986259,0.00119355277549,-0.0029977238258,0.00445310897816,-0.000862664334669,-0.00542633877251,0.00427944436847,-0.000469035509947
2017-06-26,0.000315751721902,0.00065776266197,0.00561074135581,-0.00314971998124,-0.00345965947977,-0.000113247114187,-0.00899958969953,0.00374890613855
2017-06-27,-0.00810558635083,-0.00808887301087,-0.00704356892339,-0.0144362276788,-0.0045588488444,0.00666634596243,0.00379472565579,-0.0107389422234
2017-06-28,0.0087695014026,0.00891068811816,-0.00108075676569,0.0145049482118,-0.013802344926,0.000787735291895,0.000757258880998,-0.00331534154021
2017-06-29,-0.00863721674872,-0.00882761021936,-0.0189392490351,-0.0148529594025,-0.0377659207847,-0.0121129562915,-0.00489000211505,-0.00841642132166
2017-06-30,0.00153205763677,0.0018623674197,-0.00655376025516,0.00236345025448,0.000229123451823,-0.014108170615,-0.00253874219294,-0.00231547306635
2017-07-03,0.00230816812077,0.00169431006176,0.0145479740277,-0.00361711994218,0.0120662416003,0.0199000612881,-0.0164883583157,-0.00322451566903
2017-07-05,0.00145222391411,0.00230966063497,-0.00301087110781,0.00410296629313,0.00383973893428,-0.018976506869,0.00369718845066,0.000240895693722
2017-07-06,-0.00941298728117,-0.00918680891905,-0.00536177350338,-0.00948329524453,-0.0117917031093,-0.00520657928852,-0.000429168644118,-0.00830842279549
2017-07-07,0.0063827127178,0.00646441019105,-0.00140610924375,0.0101079244941,-0.0128559999215,-0.0149605238382,-0.0102697946837,-0.00601128898203
2017-07-10,0.000927336103375,0.0010732168471,0.00397253507991,0.00608480814293,0.00184674685625,0.00715759430971,0.00164682160729,0.00146557421832
2017-07-11,-0.000782987336526,-0.000742895877477,-0.00485920911977,0.00323526552871,-0.0106654741945,-0.00222390838342,0.00129821297738,0.00170709983821
2017-07-12,0.00727905107022,0.00748662891551,0.0157355190029,0.00144116340048,0.00858775960568,0.00944656411387,0.0035397921396,0.00688055610179
2017-07-13,0.00187282942241,0.00167912306706,0.002537889233,0.0138331624398,0.000230967732541,0.000812431626503,-0.00181150794335,-0.00631214161362
2017-07-14,0.00466261641168,0.00465287901789,-1.71608229693e-05,0.0085575502312,0.0153620829051,0.00520557078918,0.00816890059845,0.00121691851695
2017-07-17,-5.29142557583e-05,-0.000122051679462,-0.000982303233612,0.00348333417913,0.0117623620182,-0.0015012369493,0.0044433466632,0.00275288815569
2017-07-18,0.000597678355106,0.000529423154279,-0.0109387798052,0.0034704090943,-0.015181156713,-0.00823786021689,0.00696689303115,0.00869532116979
2017-07-19,0.00535825833698,0.00539934163252,0.00823922342781,0.00624386097076,0.014731212271,0.0108920362804,-0.000254024300608,0.00040053793857
2017-07-20,-0.000153671107566,0.000445156403751,-0.00323555534921,-0.00451301893028,0.000224994895343,-0.000922276433038,0.00135406249531,0.00288032065572
2017-07-21,-0.000367939284999,-0.000890441152706,-0.0158113218751,-0.000465643890665,-0.013815364907,-0.0146410645985,0.0085895601799,0.00422567301616
2017-07-24,-0.00106430101441,-0.000243236985847,0.00195991978221,0.0120390385814,-0.000456227720376,-0.00140585327063,0.000419130659613,-0.00390579870852
2017-07-25,0.00291890763987,0.0024278700395,0.0064886214358,0.00426436776702,-0.00136994404813,0.00735730792501,-0.00327414981279,-0.0131047726679
2017-07-26,0.00028262387998,4.05173702259e-05,0.0056205618801,0.00470330643366,-0.00389135173392,0.00580150776716,0.00804023611157,0.00161726770478
2017-07-27,-0.00097316153645,-0.000929945987934,-0.00062054347777,-0.0190787605821,-0.00898534197693,-0.00510324855746,-0.000750999332255,-0.00494056985416
2017-07-28,-0.00134201558956,-0.0011739599499,-0.0107692890888,-0.0070650315099,-0.0135134829227,-0.000232712136714,0.00748507311001,0.00590943472744
2017-07-31,-0.000728410904035,-0.00056715189503,-0.00735837603901,-0.00516392427145,-0.00211358390543,-0.000698143615896,0.000497001331494,0.00121002238762
2017-08-01,0.00244612084417,0.00222635110114,0.00650827391885,0.00883621622013,0.014932625614,0.0112266190162,-0.000828483884766,0.00699634835516
2017-08-02,0.000492527123483,0.000485222460363,-0.00386540333928,0.0461684574639,-0.00394479000901,0.00447818837841,-0.0020742591619,0.000561732811714
2017-08-03,-0.00218604173414,-0.00194179625938,0.00454011791451,-0.0100410458462,0.018201254443,-0.00160510074207,0.00157677945924,0.0102911035126
2017-08-04,0.00188732141131,0.00182052782922,0.01411871719,0.00525666543497,0.0131551137291,0.00800095195125,-0.00782549787545,-0.00852866742569
2017-08-07,0.00164584465066,0.00185738181231,0.000854875647527,0.0153557334898,0.00270026736616,-0.00182325464198,-0.00117076445601,0.00111982744744
2017-08-08,-0.00241735213579,-0.00246378178546,0.00210995221762,0.00796499039481,0.00112306933577,0.00170959536191,0.00292433675932,-0.00360396248886
2017-08-09,-0.00036367465375,-4.05452219778e-05,-0.0141233095064,0.00610357090416,-0.0254618522489,-0.0106455700561,0.012024832923,0.00544149065437
2017-08-10,-0.0145802185646,-0.0142157554341,-0.00593909207927,-0.0323704299351,-0.00925292879212,0.00206931314702,0.00739163197113,0.00850318811899
2017-08-11,0.00127475695515,0.0014757564161,-0.0106740907276,0.013811067363,-0.00325878606225,-0.0183105643582,0.00473471904913,0.000474535457792
2017-08-14,0.00999365143761,0.00986427467777,0.0119322729725,0.0149375905514,0.00997575515387,0.00257011932335,-0.00711051178227,-0.00515458031421
2017-08-15,-0.000498932542413,-0.000121921194502,0.00362117390205,0.0108882111872,0.00207523266166,-0.00268732875736,-0.00773980805788,-0.00422248297672
2017-08-16,0.00141909552357,0.00174316117269,0.00704865899575,-0.00403050297274,0.00940066895288,0.00699380738204,0.00732965997555,0.00366600540987
2017-08-17,-0.0155573422198,-0.0157136903577,-0.00576547931581,-0.019384912503,0.00227951532933,-0.00664301875391,0.00507445021993,0.00744984619681
2017-08-18,-0.00183705368694,-0.00156454372188,-0.00637370757263,-0.00228307733201,-0.00868990699511,-0.00257573901845,-0.00155231044876,-0.000236673438954
2017-08-21,0.00116197556649,0.000782577835541,-0.0052069781568,-0.00184300308279,-0.00322039149777,0.00304341217346,0.00375417882052,0.00244487375887
2017-08-22,0.0098916954334,0.0104026073226,0.00866392950529,0.016215019251,0.00894577191492,0.0148493668883,-0.00449037777621,-0.00386756157117
2017-08-23,-0.00345957025378,-0.00359155293356,-0.00321447025915,0.0012512096402,-0.00917651081262,0.00585569309133,0.00375693847348,0.00677869326937
2017-08-24,-0.00207661659984,-0.00233360587173,-0.000441951334576,-0.00444809697147,0.00482830072206,-0.005279871369,-0.00310252536219,-0.00369908329347
2017-08-25,0.00167147161757,0.00233360587173,-0.00172250387266,0.00369759669791,-0.00459756182436,-0.00276622453947,0.00367299928778,0.00385631479773
2017-08-28,0.000486953307055,4.05583609053e-05,-0.004827166625,0.010020975872,-0.00531388668137,-0.0043949353773,0.0157623923819,-0.000628829294615
2017-08-29,0.000842466928158,0.00114417238647,-0.00946044226146,0.00887845121911,0.00162031479554,-0.00418165843546,-0.00216775003599,0.00321710234296
2017-08-30,0.00460453176231,0.00472658777914,0.00484126504715,0.00269748446531,0.0121824854441,0.00649731664157,-0.000482329780564,-0.000313674679007
2017-08-31,0.00570467340113,0.0059978193942,0.00576814906022,0.00397140167208,0.00637690467631,0.00484550171066,0.0116717209102,0.00297388329418
2017-09-01,0.00198057825081,0.00141336579735,0.00737988988109,0.00030438680722,0.00678725305841,0.00825212054482,0.00190565407762,-0.00767874530103
2017-09-05,-0.00757945848169,-0.00720795888902,-0.0071891307963,-0.0120809159493,-0.0179733334568,0.00193860264003,0.011044613821,0.0157335254278
2017-09-06,0.00312384232794,0.00340780054207,0.00291522397565,-0.00104932687685,0.000458732679276,0.00318447372798,-0.00511269456537,-0.00615437984298
2017-09-07,-0.000178451880058,-0.00012152904129,0.00258612553201,-0.0040230627143,0.00959160317423,0.00690329136448,0.0103555250692,0.010184779472
2017-09-08,-0.0014899601369,-0.00117524572149,-0.000220936803734,-0.0164433253082,-0.000227352725326,-0.0078117019864,-0.00124954328052,-0.00216832175028
2017-09-11,0.0107809748816,0.0106093318042,0.0122875204031,0.0179306668528,0.0240324786414,0.00860132281911,-0.0140071457499,-0.0120099468762
2017-09-12,0.00335830257668,0.00336522235398,0.00622006177457,-0.00397054737344,0.0125705050191,0.0031500001836,0.00292776470263,-0.00527027769529
2017-09-13,0.000756834360798,0.000479714505493,0.0016458059689,-0.00755096809635,0.00916257546468,0.00515413089057,-0.00753461155625,-0.0039512906327
2017-09-14,-0.00110132385091,-0.000319925186511,0.0014575323872,-0.00861828420523,-0.00304489873991,0.00490495762914,0.00436909770024,0.00410906542571
2017-09-15,0.00184547743381,0.00134526360143,-0.00216302788691,0.0100586654331,0.001958431323,-0.000778381219918,-0.00500620849666,0.000394312776973
2017-09-18,0.00145486204173,0.00212476101081,0.00295113278427,-0.00759764311326,-0.00326626282663,0.000445292114668,-0.00936417263217,-0.00577105585234
2017-09-19,0.00110957955448,0.00100038267107,0.00155160122357,0.00037793189071,0.000218049055787,0.00521433221783,0.00208853795753,-0.00246084129675
2017-09-20,0.000634146746003,0.000360062868445,0.000805453748718,-0.0168996144962,0.00304821377084,0.0108968829688,-0.00805676269021,0.000715090763669
2017-09-21,-0.00305056571601,-0.00268302404303,0.00487773437699,-0.0173208033024,-0.000652384372307,0.00458724303421,-0.00763302925299,-0.000556099722314
2017-09-22,0.000647583976345,0.000200602324056,0.00265438724768,-0.00982742366368,0.00238995075411,0.00108890087558,0.00455431825392,0.00285651760903
2017-09-25,-0.00222452286231,-0.00204657998634,-0.00268479347815,-0.00886120130306,0.00151814383184,0.00692731327645,0.0104129852029,0.00624026602463
2017-09-26,7.21642135087e-05,0.000602379396529,0.000309396371318,0.017056982964,0.00259683751494,-0.00825211793474,-0.0112247313406,-0.00181251539799
2017-09-27,0.00407682233325,0.00388673364832,0.00250223723669,0.00709273139586,-0.00216369194459,-0.00320938610383,-0.00946478989972,-0.0151823492808
2017-09-28,0.00120389081572,0.00119879446338,0.00223342765567,-0.00617880501183,-0.000216508773741,0.00232503311768,0.00188374680477,-0.00296795419295
2017-09-29,0.0036982627392,0.00350893509489,0.00678494010338,0.00546538994865,0.0114161482687,0.00507373382325,-0.00516836949662,0.00224671734508
2017-10-02,0.00386651892303,0.00432930537675,0.00386318815703,-0.00201344360662,-0.000856975091526,-0.00463131065159,-0.00668461332397,-0.00183294572929
2017-10-03,0.00215651120948,0.00213802331489,0.00316672262218,0.00434633838678,0.00704903225187,0.00847468322814,0.00049673014472,0.000964916256458
2017-10-04,0.00124594361808,0.00118582403945,-0.000779110315596,-0.00649424681912,-0.000212855196684,-0.00549502250702,0.0028098861463,8.06442124779e-05
2017-10-05,0.00563090398283,0.00590744441495,0.00297511419654,0.0123677569139,-0.00277145328971,0.00801288068577,-0.00537881236773,-0.00378463871748
2017-10-06,-0.00107421107346,-0.0011395550798,-0.00359621608446,-0.000579611414915,-0.0163586775711,-0.00394329359786,0.00471834836303,-0.00282841284257
2017-10-09,-0.00180606400319,-0.00165246414104,0.00110578517552,0.00347170244234,0.00778211859163,-0.000219799620903,0.00814254618585,0.00315044587489
2017-10-10,0.00231971998008,0.00263504973795,-0.000406389877994,0.000384600582182,0.022147527998,0.000109850391162,0.00261780249925,0.00161231118632
2017-10-11,0.00180188267254,0.00156968707132,-0.000231165217949,0.00416076275084,0.00838926326843,0.00656429982182,0.00318120089831,0.00193076578014
2017-10-12,-0.00168817688775,-0.00149133863051,-0.000298435913801,-0.00351928231737,0.00666107171832,-0.00404294645768,0.00081405084274,0.00425047612808
2017-10-13,0.000877721912925,0.00121673980301,-0.00169330867423,0.0063257904596,0.00331411588554,0.00251523284516,0.00753925993194,0.00717716840765
2017-10-16,0.00174922264829,0.00133269092957,0.00207933699786,0.0182420873135,-0.0055989013476,0.00685726483458,-0.00688846677467,-0.000715632731916
2017-10-17,0.000672352575651,0.000704934604394,-0.000281561136671,0.00368321844098,-0.00479395912081,-0.00423932981324,-0.00685440469741,0.00127166514128
2017-10-18,0.000742059767673,0.00097815070132,0.00417675167005,-0.00443469906114,0.00666369461822,-0.00207217323229,-0.00377358125756,-0.00661328632795
2017-10-19,0.00032794415767,0.000273566166626,-0.00288688361108,-0.0239445997174,-0.00395115384535,0.000873297746544,0.00590021386219,0.00175710831144
2017-10-20,0.00510379607513,0.00514741309363,0.000761562216765,0.00172932187874,-0.00963159106165,0.00250511248937,-0.00639344800773,-0.0106705758951
2017-10-23,-0.00398039552002,-0.00389726106227,0.0026823923976,-0.00051186800117,0.014205364495,0.00304174213639,0.00156116869042,0.0017729930346
2017-10-24,0.00161660113029,0.00175553017509,0.00148210658025,0.0059369987477,-0.00103776414026,0.00551603869316,-0.00386625735859,-0.00621909392235
2017-10-25,-0.00467395589467,-0.00496233367879,-0.00369735633772,-0.00440154822668,0.0129965375983,-0.00986401783317,0.000164793143607,-0.004791526525
2017-10-26,0.00127013925077,0.00129196491304,0.0148677916787,0.00637297726681,0.0202887804873,0.0145986686124,-0.00844093062033,-0.00334286687176
2017-10-27,0.00804060997475,0.00814293773064,0.007074302419,0.0352031375577,0.0198854563028,0.0148119474332,0.00472578909231,0.0065939384935
2017-10-30,-0.00319757728609,-0.00373220195985,-9.10103626205e-05,0.0222587595003,0.00392998885644,0.0105221073468,0.00190055009859,0.00952963275748
2017-10-31,0.000944013076274,0.00155681328984,0.00175688439187,0.0138195052069,0.00450062898284,0.0020908418003,-0.00380479375055,0.000321508432044
2017-11-01,0.00159084385334,0.00132129675823,0.00199680938593,-0.0128000760337,-0.00332461896902,0.00852899043895,0.00363970127853,0.00444232651481
2017-11-02,0.000189948066469,0.000388480501678,-0.000687548540316,0.00728328444434,-0.00117601001382,0.0037209672049,0.000660346693492,0.0043989223967
2017-11-03,0.00309228923534,0.00333288225136,0.00135471484201,0.0257786675883,0.0124734443304,0.000309106220927,-0.00471444558907,0.00270979952468
2017-11-06,0.00127044391487,0.00154644377141,-0.00194467197378,0.0100940563747,0.00540837534272,0.00288419223352,0.0085029527758,0.00373431716704
2017-11-07,-0.000189120714598,-0.000695452171874,-0.00484349855875,0.00320849836472,-0.0114307599781,0.00564083429357,-0.00362351543786,0.00419374571851
2017-11-08,0.00144261384149,0.00169953976346,-0.001681867064,0.00814705861893,-0.00762844974178,0.00071574606805,0.0034590547331,-0.00221323452342
2017-11-09,-0.00376898148419,-0.00363452213463,-0.0117069305335,-0.00204483062214,-0.0188291847757,-0.00738546894193,0.00410240165363,-0.00285352139684
2017-11-10,-0.00089804683695,-0.000310031524794,-0.00501087568832,-0.00331508202999,-0.0056180210452,-0.0106610624964,-0.00822170235708,-0.0151937795406
2017-11-13,0.000983150887048,0.000929611360033,-0.00729140623608,-0.00401562665154,-0.01031462682,-0.00982953838987,0.00148491203421,0.00209282367719
2017-11-14,-0.0023122806753,-0.00232530869096,-0.00488868230543,-0.0152330199449,0,-0.0136489199429,0.00205871529967,0.00673162297631
2017-11-15,-0.00554099874253,-0.00501775225136,-0.00269950382497,-0.0132777896992,-0.00468679990638,-0.0135137631029,-0.00123467109371,0.0108044398512
2017-11-16,0.00816265301924,0.00846488263297,0.00660677826439,0.0118762708353,0.00874450755925,-0.000107950087592,-8.23854022363e-05,-0.00872967506876
2017-11-17,-0.00262941700876,-0.00294301865395,-0.00323215859064,-0.00556777150936,-0.00141826907988,-0.00032402935494,0.0119546087753,0.00738550218751
2017-11-20,0.00127486991888,0.0017050073325,0.00399269411791,-0.000999881238057,0.0106888818408,0.00420443144399,-0.012696267579,-0.000395708907534
2017-11-21,0.00651983860215,0.0065214341066,0.00480073153487,0.0184201228833,0.00978144085328,0.00952833362398,0.00164734408393,0.00316100001707
2017-11-22,-0.000750542637235,-0.000884868653636,-0.00249841511496,0.010456659004,-0.0186473167348,0.00732518164156,0.00917508693003,0.00322968772443
2017-11-24,0.0020539843744,0.00230709141912,0.00701844525435,5.71160827272e-05,0.0102691468786,0.0016911315401,-0.00253110568929,-0.00275666773825
2017-11-27,-0.000384331586785,-0.000499401891516,-0.00564998039005,-0.00504226190743,-0.00844924074225,-0.00179662832719,0.00416074021286,-0.00142012950983
2017-11-28,0.00980033212495,0.0100934111549,0.00565369416642,-0.00587601740383,-0.00222464301575,0.00516980403321,-0.000162872496696,0.00134133554392
2017-11-29,-0.000369293995849,-0.000608806332866,0.0014033100697,-0.0209612980784,-0.0075196237954,0.00409610481818,-0.00628956129447,-0.00990775159932
2017-11-30,0.00815758675245,0.00871726308143,-0.00469040718741,0.0138871519,-0.00245104477259,-0.00630838204782,-0.00773223399873,-0.00335135138117
2017-12-01,-0.00202658277623,-0.00207788386732,-0.0104587622142,-0.0046660439724,-0.0049199747503,-0.000211078832652,0.00403806236711,0.0134050339585
2017-12-04,-0.00105271081556,-0.0012106560668,0.0135250863464,-0.00733488487547,0.0148906433183,0.0089273700353,-0.00337765289404,0.000473853812551
2017-12-05,-0.00374639050871,-0.00360301909937,-0.00255652425577,-0.000942527979276,0.0022392141463,-0.0080837479342,-0.00712218331531,0.00496337864157
2017-12-06,-0.000114111855582,0.000189889277802,-0.000219479104432,-0.00372065046982,0.0113222730512,-0.00147677050207,-0.0020799541589,0.00345202292482
2017-12-07,0.00292806665407,0.00314801335272,0.00176790888287,0.00183244478407,-0.0072639034414,0.00200346022892,-0.013246354093,-0.00786298293233
2017-12-08,0.00549120221328,0.00543841077967,0.00282482837096,0.000295335988042,0.00202306032606,-0.00920766974014,-8.43566693147e-05,7.89458138015e-05
2017-12-11,0.00319684203358,0.003008445738,-0.00227329173003,0.0192965063603,-0.0048623535281,0.00138144383633,-0.0039748116949,-0.00205461942488
2017-12-12,0.00154772365185,0.00176333251436,0.00746439350467,-0.00563370396218,0.0010149178663,0.0144419100965,0.00118563697518,-0.000395165035534
2017-12-13,-0.000473068682704,-0.00011231180068,-0.00512436108584,0.00331449502868,0.00222915586788,-0.00851369257532,0.00859600775942,0.00748872885981
2017-12-14,-0.00407916777148,-0.00409469249268,-0.00786685648499,-0.000290264136061,-0.0107865723832,-0.00348882823638,-0.00201594358081,0.0042320961945
2017-12-15,0.00893431347359,0.00829295294265,-0.00146460138832,0.01011001231,0.00326859931081,-0.0148326693817,0.00209987057968,0.00374673970684
2017-12-18,0.00534847838712,0.0063209450932,0.0132371604134,0.0139847311137,0.0356610169369,0.0180050020242,0.0046042774663,-0.00915735434822
2017-12-19,-0.00323549789175,-0.00384759316477,-0.00697368606784,-0.0107136104121,-0.00572413307134,-0.0125962649184,0.00075138387065,-0.0130587331335
2017-12-20,-0.000828236184286,-0.000524290826802,-0.00561496145442,-0.00108927512989,-0.00854784523562,0.00151535335646,0.00266710444261,-0.0111345093799
2017-12-21,0.00198368687879,0.00205771497439,0.0061832766324,0.00377846381136,0.00795403985212,0.00850978733547,0.00141400732332,0.00581091105519
2017-12-22,-0.000458271463486,-0.000261547574632,-0.00395323961993,0,-0.0117543924072,-0.00311548836368,0.00522284296048,0.00136395695039
2017-12-27,-0.000268347500471,-0.000710409004975,0.000767616555857,-0.0255211412684,0.00738759361624,0.00139789225992,0.0106099689509,0.0159022602441
2017-12-28,0.00183231904956,0.0020550930829,-0.00549482299945,0.00280954877393,-0.0142246478132,-0.00430722857357,0.00505954235411,-0.000868284146847
2017-12-29,-0.00519663242729,-0.00377750033809,-0.00504317882245,-0.010872751114,-0.00973229822552,-0.0062782198082,0.00649092745494,0.00157725979592
2018-01-02,0.00826907852689,0.00713145871608,-0.00452026031915,0.0177457776498,-0.0168484510308,0.000325603812622,0.0120580237165,-0.0108574595619
2018-01-03,0.00637843324298,0.00630555506497,0.00803774002111,-0.000174203309274,0.00599095366986,0.010797044191,-0.00264033435271,0.00476973628287
2018-01-04,0.00402054261955,0.00420588998084,0.0153396005841,0.00463464702126,0.0116723512665,0.0195663914889,0.00511427519203,-0.000158600055153
2018-01-05,0.00700914584931,0.00664185493694,0.0104847988561,0.0113208968875,0.015754498517,0.0072403300279,-0.00103670011663,-0.00285939721452
2018-01-08,0.00166096391536,0.00182719712261,0.00304246694066,-0.00372123845224,-0.0161618803553,0.00438125024392,-0.000159623364527,-0.000637206856551
2018-01-09,0.00130208347184,0.00226054237978,0.00663317761986,-0.000114592570735,0.00244092196618,0.00550174538803,-0.00463922602721,-0.0134624312023
2018-01-10,-0.00111284595937,-0.00153065965972,-0.00349269162863,-0.000229175411174,-0.0168001234662,-0.00311039229169,0.00240227531926,-0.00121089189449
2018-01-11,0.00700902608624,0.00726942019399,-0.00293460295181,0.00566344178281,-0.0124740847185,-0.000104145730244,0.00327387203715,0.00411083232387
2018-01-12,0.00672692616819,0.00649807509552,0.00518105186865,0.0102736866616,0.0130935957675,0.00961223234454,0.0120444957957,0.00168805249087
2018-01-16,-0.00353071313246,-0.00342419526778,-0.000587484430537,-0.00509486464423,0.00350412735366,-0.00971600914703,0.00165268996402,0.00416692010565
2018-01-17,0.00937100630644,0.00948610410736,-0.00360282587456,0.0163808142882,-0.00267841816259,-0.00541528032513,-0.00813236499787,-0.00135982645792
2018-01-18,-0.00161769774853,-0.00168207066274,0.000152854260565,0.000893244280179,-0.0149660266001,-0.00618045590357,-0.00222220726368,-0.00933303505789
2018-01-19,0.00437564815425,0.00453945829952,0.00574880653283,-0.00447266221377,0.00917242167857,-0.00621868073863,0.00443949517975,-0.00526813052837
2018-01-22,0.00803436442585,0.00809805477302,0.00279721337016,-0.00821468233673,0.00847202308416,0.0129211108353,0.00181771101536,0.000974760213876
2018-01-23,0.00217200492947,0.00212024319953,-0.00121518767352,0.000225691187473,0.00656290330431,-0.00954353332476,0.0049619839336,0.0042933703145
2018-01-24,-0.0005601326353,-0.000388504997054,-0.00727076338626,-0.0160567739967,-0.0139978291656,0.00210543026794,0.0121043451549,-0.00543128401108
2018-01-25,0.000602439420859,0.000423723307247,-0.0025418608087,-0.0180118065609,-0.00436276135052,-0.000210301708218,-0.00669785206393,0.00817564883918
2018-01-26,0.0117716380408,0.0115112250722,0.00870820655238,0.00233446305964,0.047768544212,-0.000421120873455,0.000781174831752,-0.00371511347821
2018-01-29,-0.00675473632364,-0.00665197622387,-0.00136824490544,-0.0209154346682,0.00277478424305,-0.00474608377183,-0.00563785837487,-0.0069825546154
2018-01-30,-0.010958642574,-0.0103098963731,-0.00869645349433,-0.00591168500607,-0.00456291467495,-0.0169519650835,-0.00432812005828,-0.00588386649961
2018-01-31,0.000488865875232,0.000496456015034,0.00148788029851,0.00275094643902,0.00456291467495,0.00289909835962,0.0066810936929,0.00588386649961
2018-02-01,-0.000648298661996,-0.00113561597219,-0.00500717383542,0.00208815117763,-0.00178296373609,0.00907198615422,0.00328488474025,-0.0145992406224
2018-02-02,-0.0214366802827,-0.0220104493466,-0.0165574425247,-0.0443593011682,-0.016998761793,-0.0198517153554,-0.0132046873486,-0.00932207076075
2018-02-05,-0.0418425411596,-0.0427220491522,-0.0148629744844,-0.0253018813811,-0.0222298834608,-0.0169412543286,0.00252864617176,0.00940513397653
2018-02-06,0.0172905736588,0.0195104559025,-0.0237423653875,0.0409419593006,-0.0263283807423,-0.0334002533468,-0.0105519010002,-0.00623246895459
2018-02-07,-0.00501413842107,-0.0054394555671,0.0180639318703,-0.0216395361351,0.0367910359823,0.0200845303187,-0.00471676938534,-0.00954892557299
2018-02-08,-0.038259052205,-0.0382307175522,-0.020028327245,-0.0279022461616,-0.031301059925,0.0070130401919,0.00152141597155,-0.0010944079392
2018-02-09,0.0148256452651,0.0149098507483,-0.0141671792276,0.0121572591886,-0.0107972033302,-0.00824246056695,-0.00168173012609,-0.0063392897707
2018-02-12,0.0138186656126,0.0145779465924,0.0119090340214,0.0394888738651,0.0291579701739,0.0120064789925,0.00479737067841,0.0043995072388
2018-02-13,0.00260952182772,0.00248411154213,-0.00601405305962,0.00996775123346,-0.0187820559146,0.00209777644711,0.00564725291541,0.00446411193804
2018-02-14,0.0133134400309,0.0134058350874,0.0109046838514,0.0182697752742,0.0148460058718,-0.000220700222575,0.0169088533046,-0.0111553691819
2018-02-15,0.0119968616444,0.0126793274834,0.0110246530334,0.0330264304378,0.0140152846868,-0.0036464324618,0.00116915955343,0.00339360307188
2018-02-16,0.000373399821509,0.000293047283486,0.0112452622923,-0.00324261374889,0.0170457464947,0.0161425476972,-0.00327694756413,0.00540580695922
2018-02-20,-0.00585851712921,-0.00628066273389,0.00156644444641,-0.00336873816922,-0.0137764085356,0.0151355776852,-0.0135328660117,-0.0043894942524
2018-02-21,-0.00551166461587,-0.00498679049312,0.00232440142113,-0.00454930901548,0.00650663779282,0.00470970963204,-0.004604962448,-0.0123449753294
2018-02-22,0.000973077554966,0.00129527856342,0.00133065554158,0.00832408534506,-0.0067107590893,0.00117434200851,0.00508017430269,0.00299369607942
2018-02-23,0.0159012782846,0.0158136571058,0.00153203066227,0.0172417341753,0.00691329857247,0.00415118919493,-0.00126765980161,0.00884304558172
2018-02-26,0.0116884386817,0.0115454963136,0.00504420174214,0.0195795126274,0.0102815464584,0.00635313030151,0.00245455608338,0.000338471013804
2018-02-27,-0.0127883116733,-0.0125652970624,-6.16736794338e-05,-0.00324617585447,-0.00947114883895,-0.00147878394077,-0.0104937764893,-0.00143968795049
2018-02-28,-0.0111578060215,-0.010181786764,-0.00439592192453,-0.00151465422431,-0.00182386394386,-0.00700119916207,-0.0010394355996,0.00633591377314
2018-03-01,-0.0134139657621,-0.01464767993,-0.0109478367762,-0.0176716015797,-0.00978416457402,-0.0119941987692,-0.00224250453482,0.00680293959201
2018-03-02,0.00505878543852,0.0051419545115,-0.0242301080341,0.00689061036042,-0.0221609581555,-0.019802486197,0.00535763945985,-0.00816242776732
2018-03-05,0.0109716174612,0.0114919550176,0.00594925415518,0.00345572548888,0.00834206247365,0.00984157320524,-0.00167617073077,-0.00270738747953
2018-03-06,0.00263538301257,0.0025316150883,0.000580413388942,-0.000848650110462,0.0024890938713,0.0020653344604,0.0107267248014,0.000931729964224
2018-03-07,-0.000483991693956,-0.000366627074265,0.00339834193655,-0.00932583942497,-0.000621637443483,0.0014104611517,-0.00642220641436,-0.00110155433207
2018-03-08,0.00445314825424,0.00482756236877,0.0126932298254,0.0108531083551,0.0180778707969,0.0068081966982,-0.0023891307151,0.00574609355068
2018-03-09,0.0172295465039,0.0172526736989,0.00385616738469,0.0170348631217,0.00142383371149,0.000753923046919,0.00095635168652,-0.00659389933393
2018-03-12,-0.0012747970406,-0.00125622763276,0.000437879818693,0.00962108341317,0.00345015145645,0.00279421893389,0,0.00575095320046
2018-03-13,-0.00638391043584,-0.00648359422768,-0.00644898323285,-0.00967676317674,-0.0134613626459,0.00620507647164,0.00190990030999,0.005046739616
2018-03-14,-0.00574097014258,-0.00514470830965,-0.00180031378612,-0.00853743163708,-0.00246716071917,0.00319459076216,-0.000636249435115,0.00877112003748
2018-03-15,-0.000782236274108,-0.00109029289885,0.00645676578546,0.00117594111907,0.018154455228,-0.00276814735902,-0.00638465858551,0
2018-03-16,0.0017019980779,0.00108397892691,0.00293653664308,-0.00353257886081,0.000606326979305,0.0185894420439,-0.00240484284235,-0.00358299842948
2018-03-19,-0.0143060405805,-0.0136227495406,-0.0114055100842,-0.0153972142261,-0.00607903585134,-0.0206744724549,0.00216462985005,-0.00317628904857
2018-03-20,0.00148070846612,0.00169938106013,0.00564957478863,-0.000342560125449,0.0223102435271,0.000865331967426,-0.00449479043723,-0.00402722542493
2018-03-21,-0.00184569184359,-0.00192135867782,-0.00241893672935,-0.0229147825369,0.0043632655379,0.00689773322976,0.0173057869056,0.00109178853318
2018-03-22,-0.025484887259,-0.0253148517064,-0.0139390399693,-0.0142306552952,-0.0133479714099,-0.00646470950085,-0.00396102861329,0.0098605046386
2018-03-23,-0.0211898070675,-0.0215452309672,-0.014029995944,-0.0234289574018,-0.0260072840111,-0.00977687705405,0.0128555575752,-0.000748657895864
2018-03-26,0.0267950406801,0.0269916621436,-0.00569610948172,0.0463796436196,0.00369846463022,0.00207202893493,0.00523662144725,-0.00383518382758
2018-03-27,-0.0174272857817,-0.0171581005339,0.00971532916748,-0.0259754799081,0.0057259240675,0.00413111548952,-0.00617745256698,0.0106358648945
2018-03-28,-0.0029209188277,-0.00295896898895,0.00286930677268,-0.0111108013059,-0.00531584994611,-0.00554828209497,-0.0139011399968,0.00264124986922
2018-03-29,0.0136757774228,0.0126965052394,0.00715885666739,0.00777826634701,0.0255022200096,0.00641601114787,0.000477083334795,0.00485209689102
2018-04-03,-0.0100547210225,-0.00908534481022,-0.00294196748718,0.0036294475,0.0229168484034,0.0123876209554,0.00404619530888,-0.00577108308577
2018-04-04,0.0115001022586,0.0106422122902,-0.00200512837402,0.0189415927348,-0.000586189149078,0.0122360782679,0.00118689628177,-0.00206986417335
2018-04-05,0.00683942159634,0.00786111183626,0.0258920273632,0.00691029846157,0.0332498949356,0.0267128516213,-0.00515358127746,-0.00748482293049
2018-04-06,-0.0221640669842,-0.0225380535827,-0.00349878765508,-0.0259112261323,-0.00720922871534,-0.00175243555781,0.0046789886333,0.0108766081561
2018-04-09,0.00333099481175,0.00491635419106,0.000978917378707,0.00986887952495,-0.00133363355025,-0.00320246893424,0.00339640152487,0.00165014791084
2018-04-10,0.0165885989676,0.015774983422,0.00835689852689,0.018643060557,0.0480179878854,0.0100894414919,0.00236278755632,-0.00181604198091
2018-04-11,-0.00554068585564,-0.00525577451856,-0.0055963715095,-0.00468612147376,0.01120375448,0.00102405352073,0.00775773184593,0.00354524625577
2018-04-12,0.00821689876343,0.00819361128392,0.00590911340878,0.0098101692584,0.00983472893637,0.0007161972319,-0.0116987788652,-0.00735141837015
2018-04-13,-0.00289079967402,-0.00293783676536,0.00109180618055,0.00338252458311,0.00302032842914,-0.00605165016609,0.00653360847456,0.00231870448781
2018-04-16,0.0080763367777,0.00818813998908,-0.000387667088098,0.0062186457765,0.00301111013754,0.000925490401592,0.00141132220567,0.000331440644393
2018-04-17,0.0106050717289,0.0106415558499,0.00760892022389,0.0136703748646,-0.000179166529335,0.00553532887482,0.00093979959466,0.00272434984009
2018-04-18,0.000831020407424,0.000740139047702,0.00496192606917,-0.00224687039383,0.012632625351,0.0159204272552,0.00078245701005,-0.00803063022539
2018-04-19,-0.00574258188196,-0.00556285123989,0.00212967352236,-0.0287494365646,-0.0200005114278,0.0120003910664,-0.00195733085716,-0.00817989796632
2018-04-20,-0.00857317709998,-0.00851560991033,0.00392244464497,-0.0418350837169,0.00736788607674,0.00673650446864,-0.00763093046526,-0.00723327908775
2018-04-23,5.62299297814e-05,-0.000150001405627,0.00474036950873,-0.00290006061171,0.00642515724876,0.0102161715963,-0.00800792386367,0.00025283939982
2018-04-24,-0.0134708878289,-0.0135590604011,0.00103105780033,-0.0140176713038,0.00248770112151,0.0132041695008,0.00484416262313,-0.00456778913369
2018-04-25,0.00183537394839,0.00246887944786,-0.00568465077759,0.00434822867439,-0.00391161713571,-0.0133996273904,-0.00651726179957,-0.00671992057621
2018-04-26,0.0103801441653,0.0101143396817,0.00741343567131,0.00347712664076,0.00160206182943,0.0147489060069,-0.00351468523173,0.0069745140156
2018-04-27,0.00111300538273,0.000938429976528,0.00541474956392,-0.0116377427262,0.0116711318008,0.00365373031944,0.00423204207223,0.00768328860595
2018-04-30,-0.00822119244305,-0.00772031606573,0.00678139827322,0.0179503347719,0.0170825364433,0.00440490365321,-0.00727744436637,0.00176488124659
2018-05-02,-0.00468614904785,-0.00496486898067,0.0015783597486,0.0661976169805,0.0118546620856,-0.0130798114771,-0.00757330406335,-0.00470613376019
2018-05-03,-0.00225621781074,-0.00220623999059,-0.00499690240828,0.00181041458352,-0.00513708994131,0.00251350266568,0.00508206633639,0.00447056178202
2018-05-04,0.0127298102535,0.0128635597337,0.00261209584073,0.0384833286947,0.00188656756077,0.00941889133986,0.00208988099536,0.00151396282099
2018-05-07,0.00345198057821,0.00337767162867,0.00278256058571,0.00720919645887,-0.00291687252925,0.00838280778303,0.000240849424147,-0.00159823870615
2018-05-08,-0.000265676635107,0,-0.00171708092976,0.0047950591082,0.00240297334137,-0.0172221274661,0.000160507307465,-0.000926558255526
2018-05-09,0.00963564786492,0.00961926474388,0.00229722671739,0.00701644573816,0.0013707906698,0.0185491502425,-0.0020889771544,-0.00599969887799
2018-05-10,0.00932701149504,0.00930706440268,0.00204327135561,0.0142024197039,0.00102636329836,-0.00132702277635,0.00681336444549,0.00802001398841
2018-05-11,0.00170613951177,0.00304687196225,-0.000723357487434,-0.00381012937872,0.00426683049979,0.0116940743393,-0.00143896419425,0.00251963276692
2018-05-14,0.000883099469968,0.000476057619598,-0.000227340645466,-0.00233581621446,0.00390906063147,0.00691401978394,-0.00408836197415,-0.00529819619353
2018-05-15,-0.00686565517606,-0.00691066748091,0.00224989451642,-0.00913034807305,0.0124750109726,0.00371694244911,-0.0162775994849,-0.0114483859376
2018-05-16,0.00405233993386,0.00419634829046,0.00258614849109,0.00928932254222,0.0282451908601,-0.00670138891141,-0.00155249446466,-0.00384486205107
2018-05-17,-0.000856238742637,-0.000845205391546,0.0097199170157,-0.00634378966243,0.00519846130581,0.0177719607459,0.000572246076746,-0.00506419751037
2018-05-18,-0.00263566521405,-0.00250290921154,-0.00131895224373,-0.00364274031318,0.00129503485366,-0.00036738152837,0.000408571309181,0.00856777500843
2018-05-21,0.00735960452426,0.00749019876566,0.00408816070181,0.00705983219466,0.00870005667363,0.00036738152837,0.000571677078734,0.000511883161279
2018-05-22,-0.00314068882775,-0.00278415969189,0.00045937606936,-0.00250827780804,-0.00870005667363,-0.00699709872389,-0.000571677078733,-0.0015356084635
2018-05-23,0.00324314533315,0.00274762090827,-0.0132520822121,0.00639129143488,-0.0166422701007,-0.0315340326632,0.00106141669362,0.00723293500392
2018-05-24,-0.00202526284893,-0.00205085498049,-0.00313108639439,-0.00111529031507,0.00377670473277,-0.0120866044859,0.00853208777846,0.00793851399554
2018-05-25,-0.00236000318604,-0.00238559905466,-0.0010639961332,0.00228252228228,0.00261951111783,-0.0145819021585,-0.00307939471621,0.00620520734171
2018-05-29,-0.0116315726227,-0.0115675535936,-0.019032258018,-0.0036122193593,-0.0266729333863,-0.000979876828783,-0.000162313311386,0.0216666521062
2018-05-30,0.0126158755948,0.0132563867205,-0.00197138705559,-0.00213114997814,0.00585910937396,0.017297280147,0.0014600991915,-0.00673084166186
2018-05-31,-0.0069033331562,-0.00614454616494,-0.00534840819548,-0.00336570347058,-0.00838112434282,0.00288602502003,-0.00219097745701,-0.00164850590819
2018-06-01,0.0107907994674,0.00976971237264,0.0123584631596,0.0178732085629,0.0161955550244,0.0129797259362,-0.00496763927172,-0.00529764231489
2018-06-04,0.00446959489866,0.00474032352975,0.00134943779182,0.00832319440835,0.00857527645522,-0.00170828472248,-0.000980111158341,-0.00725811824666
2018-06-05,0.000702346400362,0.000726835301471,-0.00218769316346,0.00768540684486,0.0166102056401,-0.00647997828589,0.00391481617378,0.00234119424172
2018-06-06,0.00853090069878,0.00832603231136,-0.000620988766797,0.0034601958081,-0.0108791888198,0.00799896758317,0.000569638304367,-0.00813522520765
2018-06-07,-0.000714443813657,-0.000108219990614,-0.00168719342307,-0.00268442885862,-0.0335359796347,0.0124411144861,-0.000488217116412,0.00963838849951
2018-06-08,0.00312102886861,0.00295240887194,0.00034139346681,-0.00913944929056,0.0140824473005,-0.00525936676027,0.00122016526441,-0.0030075250277
2018-06-11,0.00106813711377,0.00132914426722,0.00433718334214,-0.00245438237743,0.00265986397853,0.00570030252275,0.00178688315522,-0.00184236627683
2018-06-12,0.00174186740205,0.0012914434695,-0.00375940996811,0.00547563401421,-0.0196167475685,-0.00875388096906,-0.0033326833935,0.000251782102363
2018-06-13,-0.00403425459721,-0.00319618827656,-0.00011739063369,-0.00825097539503,0.000677304352805,-0.00478933532175,0.00300802630771,-0.000502891599912
2018-06-14,0.00246850037072,0.0025145898583,0.0137928916629,0.000524151411786,0.0235775411979,0.0150575879293,0.0015411042574,0.00826531680125
2018-06-15,-0.00101762027061,-0.00127646644287,-0.00481945793588,-0.0103257131022,-0.00364238252185,-0.0096946359108,-0.0166725099174,0.000914365332545
2018-06-18,-0.00212839114154,-0.00205898974864,-0.00938615622625,-0.000529570622323,-0.0158824670581,-0.00229520197751,-0.00189725775901,-0.000914365332545
2018-06-19,-0.0040315179118,-0.00384025782877,-0.0110414350189,-0.0162919130102,-0.0243937828613,-0.00846002543262,-0.00256292145476,0.00580342964404
2018-06-20,0.00171069005466,0.00170482738341,-0.00340424489794,0.00435263992956,-0.0104146556657,-0.010481261335,-0.0044802280931,-0.00880144930678
2018-06-21,-0.00636572862812,-0.00628879428831,-0.0105350166604,-0.00559187299616,-0.00472249404337,-0.0088195553763,-0.00174773458521,0.00524066912402
2018-06-22,0.00186020323796,0.0018216836062,0.0133361817376,-0.00291615958469,0.00768420876026,0.0325362221284,0.0024126888962,-8.30320650551e-05
2018-06-25,-0.0138197231681,-0.0137064854071,-0.0194022943809,-0.0149829658774,-0.0300218367531,-0.0155547331528,-0.00374638917447,0.0022375745806
2018-06-26,0.00220215078715,0.00221179991256,-0.000486471857856,0.0123296586433,0.00785748296923,-0.00368414832201,-0.00526864691354,0.00140623766721
2018-06-27,-0.00864158639288,-0.00831898051881,0.00865541497515,-0.00146484881199,0.00832532237357,0.0194292007662,-0.00571814531957,0.00937966644881
2018-06-28,0.00615968009914,0.00570130085272,-0.00972578343364,0.00725009809668,-0.0122461289635,-0.00611534092918,-0.00304055129044,0.000245853113099
2018-06-29,0.000758115668982,0.00143851142605,0.00903655177492,-0.00210457130394,0.0184009516135,0.000766605656697,0.00363069588304,-0.00344486380499
2018-07-02,0.00306326092619,0.00213560427649,-0.00882434810287,0.0111203115536,-0.0132359016044,0,-0.0100801581572,-0.00078257091619
2018-07-03,-0.00495962919404,-0.00353734187815,0.00755375121494,-0.0175699250583,0.0135862979696,0.00991054659631,0.0100801581572,0.00534187106894
2018-07-05,0.00858385648196,0.00812500052583,0.0092763722932,0.00801461840292,-0.00721120536251,0.0186011141398,0.0033655983943,0.00286504318569
2018-07-06,0.00844551762452,0.00842282500445,0.00175947112251,0.0137667352222,0.0152407534792,-0.00766175930683,-0.00159725978059,0.00326399914344
2018-07-09,0.00878429096045,0.00896382476101,0.00414704363874,0.013789746283,0.00899961834775,0.0128602967034,0.00243688197854,-0.00645681740192
2018-07-10,0.00346724931307,0.00359194922018,0.00669286621305,-0.00120735000013,0.0102847577727,0.0114160053539,-0.00184813559116,-8.19527505743e-05
2018-07-11,-0.00711948624209,-0.0073413175476,-0.0149108295909,-0.0130611267979,-0.0248629911009,-0.0270936451792,-0.0109059795539,0.00384662173217
2018-07-12,0.00871099138886,0.00902494661008,0.00966002804081,0.0166268691145,0.0116450771392,0.00206680506647,0.00415658237939,-8.1810723455e-05
2018-07-13,0.00107865570397,0.000787341202897,0.00430089776897,0.00156922899752,0.0225533856321,0.00112624958104,-0.00441161319905,0.00252940480013
2018-07-16,-0.0010286646375,-0.000894564289886,-0.00364806995883,-0.00219738823474,-0.0101886402345,-0.0101779959152,-0.00051027385849,-0.00416436713702
2018-07-17,0.0039658242762,0.00403688688643,0.00242058815542,0.00282467942977,0.00985079710605,-0.000757472984304,-0.0108627334164,-0.0018837607931
2018-07-18,0.00215818194897,0.00210126565404,0.00458141516333,-0.00549983793062,0.00992153181552,0.00283945495287,0.000257956064777,-0.00402504267618
2018-07-19,-0.00396082686603,-0.00377803596807,-0.00559071633441,0.00774308283755,-0.0112747621784,-0.00037839829336,-0.0043081232289,0.00631757667422
2018-07-20,-0.000948897732317,-0.00114395871112,-0.00346728493281,-0.00229563173317,0.00270451177887,-0.00530918272587,0.00645524480178,-0.012344430198
2018-07-23,0.00183636222085,0.00185775297436,-0.00372471900262,0.000887609220673,-0.0108605936198,0,-0.00481595362204,-0.0124153144677
2018-07-24,0.00476951893117,0.00501968104331,0.010347422122,0.00722798710286,0.0270994076524,0.00512038986158,0.000344776764557,0.0034316607741
2018-07-25,0.00906043506598,0.00848619507828,-0.00143266233195,0.00938595365628,0.0179381047132,-0.00132488269467,0.0055001771286,-0.00158895978954
2018-07-26,-0.00303690276577,-0.00236178562494,0.00992762306811,-0.00313596985671,-0.00179576753303,0.0224726729767,-0.00782970669533,-0.00192667245919
2018-07-27,-0.00658383462916,-0.00679941390785,0.0056785236376,-0.0167712725132,-0.0159766976049,0.0183492232822,0.000518177906751,0.00167553018074
2018-07-30,-0.00577078906544,-0.00523741763631,-0.00373345673506,-0.00561869046619,-0.00833594101371,0.00272321864569,-0.00155521023993,-0.00343774681382
2018-07-31,0.00487283707446,0.00491732307541,0.00365000240964,0.00199906475104,0.000669593991155,0.0127923483066,0.00293555727991,0.00544495154044
2018-08-01,-0.00104089319533,-0.00167194991861,-0.0023487886623,0.0572399294682,-0.0013395173359,-0.00682643165037,-0.00735519268833,-0.00818034990053
2018-08-02,0.00491434983717,0.00543301993655,-0.00682344878866,0.028811816289,-0.0143426201983,-0.00959872203117,-0.00539931652897,0.00143392253507
2018-08-03,0.00463343208137,0.00427531921381,0.00329069143009,0.00288913592868,0.00373173698817,-0.00309853766513,0.00348676267406,0.00496142450576
2018-08-06,0.00353198240918,0.0036606670953,-0.00032854649632,0.00517896630065,0.00960515401949,0.00309853766513,-0.00514719566058,0.00058701629547
2018-08-07,0.00282020180695,0.00329711662229,0.00802475955796,-0.00941887067992,0.0171253398682,0.0182130061856,0.0022714844842,-0.00521108656254
2018-08-08,-0.000262414393311,-0.000420656167194,-0.00352169234362,0.000675602049051,-0.0129415170688,-0.00825370344352,0.0027887425481,0.00101057002971
2018-08-09,-0.0014427146607,-0.00136694244065,6.36301764763e-05,0.0078341787402,0.0119519915563,-0.00433384250012,-0.00148056633638,0.00838297610992
2018-08-10,-0.00713931232422,-0.00672258648021,-0.0160432833878,-0.00298294921816,-0.0248945281187,-0.0239915356062,-0.000435827928269,0.00723664450994
2018-08-13,-0.00401403743385,-0.00375076360286,-0.00043601219865,0.00643597259918,0.00657609717129,0.00259185086682,-0.0151990889225,-0.0020743221034
2018-08-14,0.00636892991107,0.00636066301525,-0.00164753928433,0.00420422238527,0.00853521580669,-0.0100337871217,0.000973331054913,-0.00224424052097
2018-08-15,-0.00763120866991,-0.00749542814304,-0.0183389825786,0.00233339517758,-0.0301108904848,-0.0280265371109,-0.0167666282448,0.00580929523019
2018-08-16,0.00788821447616,0.00805861549903,0.00822208825454,0.0145438329956,0.0225837198435,0.00555399159415,-0.000809789058603,-8.25383168146e-05
2018-08-17,0.00331760658406,0.00351431214781,-0.000764889329844,0.0197731332044,-0.00302670938925,0.000763700727054,0.00922820707435,0.00124032296729
2018-08-20,0.0024250748965,0.002137931909,0.00647481711067,-0.0097914564097,0.00788378451164,0.00949662073148,0.00498181799393,0.00667261858379
2018-08-21,0.0020663999163,0.00234248936171,0.00536699937279,-0.0019511598874,-0.00133725716958,0.00584291525799,0.00292406394566,-0.00337174336664
2018-08-22,-0.00039823120165,-0.00059387099459,0.00221803251889,4.64943652239e-05,0.00467347526473,0.00972516361812,0.00220955506951,0.00394692722577
2018-08-23,-0.00169269396203,-0.00132905404957,-0.000236124003069,0.00204404706929,-0.00250129497169,0.00815541501291,-0.00949135637661,0.00155753436093
2018-08-24,0.00617970595104,0.00600033510316,0.00242722718125,0.00310451349579,-0.000500564799614,0.0128394790149,0.0173180418565,0.00196430335564
2018-08-27,0.00764114146752,0.0078645050771,0.00854143863317,0.00820080108884,0.0107982561137,0.00997407625956,0.00375949732417,-0.00573942710132
2018-08-28,0.000269242320285,0.000483164579635,0.00107444145174,0.00804317661904,0.0184991457955,-0.0112504003927,-0.00797302174245,-0.006022710945
2018-08-29,0.00568524228569,0.00536662582188,0.00297458213197,0.0148191483327,0.00404690362094,0.000911838957801,0.00456378716336,0.00132330013051
2018-08-30,-0.00444017195838,-0.0040563718874,-0.00423886091167,0.00915156074812,0.0019370183492,-0.00365262217708,-0.00491572276594,0.0021454782169
2018-08-31,0.000134468564228,3.39571579984e-05,-0.0130843481296,0.0114878421367,-0.0259712739077,-0.0143756684897,-0.00114459179943,-0.00231134195836
2018-09-04,-0.00165569210795,-0.00172366068526,-0.0119355066577,0.00320199511795,-0.0351979294861,-0.00446502763824,-0.00512279865126,-0.00579806669099
2018-09-05,-0.00280706278475,-0.00269535557206,-0.0155582878235,-0.00654649877946,-0.0364817265489,-0.0207240994721,0.00344751722674,-0.00266953738835
2018-09-06,-0.0036589910959,-0.0030143691739,-0.00311886721631,-0.0167569663052,-0.00213555342879,-0.00956417497967,0.00193953158773,0.00366898459273
2018-09-07,-0.00221579782959,-0.00194516224504,0.00159686067604,-0.00810114348701,0.0123936750036,-0.000768915695043,-0.00273403172936,-0.00852550299476
2018-09-10,0.00189602815472,0.00173719219574,0.0033092438546,-0.0135113839979,0.00228485830561,-0.00211789992387,-0.000706785065495,0.00368648588203
2018-09-11,0.00373286577063,0.00329186375153,0.00268352147499,0.0249685785414,-0.0029887935526,0.0209806146788,0.000618447685678,-0.00764003090856
2018-09-12,0.000356608247078,0.000242043790322,0.00910711053991,-0.0124965735482,0.0236655392099,0.0168452430372,0.00835571072962,0.00235717584694
2018-09-13,0.00526835223987,0.00589700093767,-0.000752283706124,0.0238679982176,-0.00189350928384,-0.00651742659923,-0.0035975645347,0.00151227197966
2018-09-14,0.000275443615661,0.000171833561837,0.00457830904977,-0.0114162992234,0.00738135487628,0.00614603248863,-0.00652621597808,-0.00479677240903
2018-09-17,-0.00558529077069,-0.00530791383572,-0.000691440996314,-0.0269868687789,-0.014470242929,-0.00278901597027,0.00520677172613,0
2018-09-18,0.00535465294801,0.00541100368427,0.00278547651649,0.00165112049518,-0.000173723036809,0.00501450348679,-0.00149745896957,-0.0105150258098
2018-09-19,0.00125248783419,0.00106543758411,0.00556824319793,0.000595226149647,0.00743519979584,0.00129614996645,0.00387115565203,-0.00598478187047
2018-09-20,0.00781001424443,0.00807076824089,0.0106682153963,0.00757286570562,0.019616519509,0.012684979296,0.0034188068387,0.00462004096989
2018-09-21,-0.00036860089434,-0.000913727350764,0.00778023521407,-0.0108294250383,0.0327357815343,0.00291889736633,-0.00684933321466,-0.000426759898598
2018-09-24,-0.00352188242091,-0.00332766774255,-0.00328157858537,0.0142777964361,-0.000490856911696,0.0114095685691,-0.000176216074549,-0.00256511603237
2018-09-25,-0.00130594828955,-0.000928235821268,0.00053493452275,0.00632085640706,-0.0059053589389,0.0126724982232,0.00158507428064,-0.00102805190529
2018-09-26,-0.00329469971834,-0.00299665465569,0.00611908784899,-0.00799809805634,0.00672290202599,-0.00288233364604,-0.00529334263553,0.00700328785625
2018-09-27,0.00275947612635,0.0027904606607,0.00500857376716,0.0203434266223,0.00554090386683,0.0105876736251,-0.00888499824021,0.00068069952052
2018-09-28,-6.87030500061e-06,0.000102808378954,-0.00850473597788,0.00350577229235,-0.00996322933938,-0.00321832273092,0.006316456962,-0.0026396449687
2018-10-01,0.00363449254046,0.00346848342597,0.00242349469311,0.00671089429987,0.00752262866442,0.00944678426439,-0.00168643361599,-0.00736894111063
2018-10-02,-0.000396768824748,-0.000583326007827,-0.00709446544291,0.00884912869543,-0.0215736217568,-0.00302034911947,0.0114822228016,0.00609428266194
2018-10-03,0.000711266693903,0.000548745982882,0.00429038760343,0.0120949260868,0.00795904139177,0.00177733515134,-0.00395974821604,-0.0175236478437
2018-10-04,-0.00820303564652,-0.00784594684273,-0.0147769991939,-0.0177370778043,-0.0501208372887,-0.00409347244084,0.000528911424719,-0.0070792237957
2018-10-05,-0.00554331456377,-0.00561317496585,-0.00956167567389,-0.0163618799163,-0.00609580357752,-0.0169069662422,0.00281591167724,-0.0086319934638
2018-10-08,-0.000395194459216,0,-0.0110905501488,-0.00232106368932,-0.0153156882007,-0.0197842378048,-0.0111338251634,-0.00336790883723
2018-10-09,-0.00141890992077,-0.0014603459262,0.00344668389127,0.0137581898957,0.0135672037608,0.0143279759928,0.000532975052738,0.0100686136318
2018-10-10,-0.0334163889516,-0.0321749421977,-0.02134656724,-0.0474333428107,-0.0740811551087,0.00491218569498,0.00248358302406,-0.00272764303523
2018-10-11,-0.0207875801703,-0.0222729146336,-0.0193653030337,-0.00886703434189,-0.0127077305873,-0.0349032521804,0.0253665490461,0.0120861133658
2018-10-12,0.0141062355449,0.0137927471687,-0.00203681318388,0.0350960047338,0.00209756646069,-0.00527629950722,-0.00476167295298,-0.00348785909587
2018-10-15,-0.00592248238178,-0.00563288250668,-0.000178618693839,-0.0216179314026,-0.00784027896178,0.0116457262792,0.00666003404556,-0.00043729083997
2018-10-16,0.0212678281021,0.0216302715488,0.0151890478537,0.0217981294139,0.0144849524541,0.00502918700577,-0.00172560006073,0.00226961034817
2018-10-17,-0.000252694284902,0.00017852410412,-0.00544672988349,-0.00433067774149,-0.000378644354501,-0.00671133893894,-8.63767851243e-05,-0.0059469913465
2018-10-18,-0.0144964907048,-0.0145464530951,-0.00548839203596,-0.0236512009803,-0.0123798361079,-0.0124222805489,0.00112206649864,-0.000350536317235
2018-10-19,-0.000361235135318,-0.000542774272407,-0.006299102309,0.0151151437211,0.00896682625079,0.000568012207916,0.00077613076806,-0.00219623243567
2018-10-22,-0.00430879692118,-0.00449912391997,-0.00618470882536,0.00609155361254,0,-0.0142982501993,-0.00258935928126,-0.00132012507077
2018-10-23,-0.00552707639696,-0.00510338379681,-0.0170885543451,0.00938260466341,-0.0199507085764,-0.0197799556813,0.00585956011613,0.00316527764897
2018-10-24,-0.0313507735835,-0.0307671727609,-0.00294333870054,-0.0349039378906,0.00618105142694,-0.00825942189115,0.00231714325108,0.00752043438959
2018-10-25,0.0184537177165,0.0177816795419,0.0158655045622,0.0216617266178,0.0220919876281,0.0150907031166,-0.0022312031337,-0.00419082026917
2018-10-26,-0.01747913803,-0.0177438537233,-0.0129865487639,-0.0160518264935,-0.0113657170637,-0.0152885192274,0.00317360991662,0.00601904051039
2018-10-29,-0.00658120814239,-0.00555582922549,0.00441511185017,-0.018948656564,-0.0019071991564,0.00688935208884,-0.00394713924057,-0.00226357155434
2018-10-30,0.0155453230418,0.0147093965963,-0.00217103684576,0.00498206361279,-0.00766409881779,-0.00471880895398,-0.00439443210989,-0.0049809585141
2018-10-31,0.0107928785982,0.0106242860895,0.022818802122,0.0257323817923,0.0334781052054,0.0237595386452,-0.00562894741029,-0.0050932070968
2018-11-01,0.0105024988865,0.0105859249484,-0.00150505788305,0.0152355225941,0.00371318848095,-0.0257322656693,0.0127708613452,0.000926132005542
2018-11-02,-0.00633672083827,-0.00594082409242,0.00320970887448,-0.0686327882058,0.0337102147784,-0.00773159802609,0.000171510632157,-0.0125107396975
2018-11-05,0.00558469369636,0.00550182389676,-0.00014499819667,-0.0287987194289,-0.00484953889997,0.0226278534271,-0.00240321971292,0.00392090809407
2018-11-06,0.00623978753367,0.00630800739353,-0.00514912744506,0.0107557983227,-0.0170694080334,-0.0101684653127,-0.0028398280289,-0.000622936844072
2018-11-07,0.0209870787731,0.0211828151824,0.0122882584152,0.0298777529505,0.0118344900181,0.0165685819896,-8.6198129928e-05,0.00133368551258
2018-11-08,-0.00251206918295,-0.00181639129254,-0.00126390112324,-0.00349513625503,-0.019187683178,-0.00581654414865,-0.00215693972721,-8.81101886173e-05
2018-11-09,-0.00924158578656,-0.00981605933398,-0.00482511426842,-0.0194701278378,-0.0186222812859,-0.0184464567518,-0.0112916685601,0.00743747266248
2018-11-12,-0.0198981509608,-0.018862246789,-0.00937659965599,-0.051687152897,-0.00963273495451,-0.00536164347462,-0.00718859039199,0.00650760331517
2018-11-13,-0.00148301879905,-0.00187287760604,0.00841664386788,-0.0100416159257,0.0234464111885,-0.0142389837151,0.000351803309611,-0.000613682376336
2018-11-14,-0.00759618899674,-0.00686010916977,-0.00648925151023,-0.0286538984224,-0.00595010022635,0.00302510012101,0.00823340042569,0.000613682376336
2018-11-15,0.010538032726,0.0103828875397,-0.00697455633365,0.0243789247259,-0.0101218995825,0.00902077751481,0.00113332475638,-0.000438027206123
2018-11-16,0.00222083777175,0.00259700106513,-0.00167413746451,0.0110151092385,-0.00434242473996,-0.00229755066034,0.00737887804806,0.00577034186392
2018-11-19,-0.0167831615812,-0.0170592284507,-0.00794158368666,-0.0404390435022,-0.0191027414054,-0.00894076858932,0.000432314415344,0.00278609108659
2018-11-20,-0.0183179952227,-0.0186795558046,-0.0122217420988,-0.0489568468452,-0.0210492486901,-0.013920695878,0,0.000347624669701
2018-11-21,0.0030386692867,0.00340173907231,0.010223900906,-0.00113072190137,0.0264346663149,0.0110911891397,0.00164128228284,-0.000347624669701
2018-11-23,-0.00657641969316,-0.00670116380246,-0.005754603596,-0.0257269221396,-0.0084761084903,-0.0376351396668,-0.000777135995397,0.00104294869791
2018-11-26,0.0154129756268,0.0160154209143,0.00966213960739,0.0134330148535,-0.00718387519306,0.0149140914322,-0.00112352980357,-0.00226074633664
2018-11-27,0.00325638447551,0.00335870286347,-0.00237120255657,-0.00217853097384,-0.00939710136069,-0.00560569795684,-0.00598468338973,0.00113117610299
2018-11-28,0.0227140512337,0.0227642277606,1.81273256957e-05,0.0377318733854,0.00920221772911,0.00446652070278,0.00373377771682,-0.00488101049616
2018-11-29,-0.00218549445984,-0.00218741700578,0.00460680298093,-0.00771176555373,-0.000194917140718,0.00403341675058,0.00311527603788,0.00392383531251
2018-11-30,0.00813754769913,0.00607670899668,-0.000465542155676,-0.00541683593988,-0.0155194657151,0.0148557354558,-0.00172947985745,0.00373551500411
2018-12-03,0.0108820016819,0.0131545417757,0.00995445806046,0.0343454347481,0.0490636373386,0.0131346072765,0.00750167761333,0.00707533882594
2018-12-04,-0.0329002286209,-0.0329388559984,-0.00820930429537,-0.0449855858587,-0.00533236008471,-0.00644445063551,0.0060805992063,0.016603018714
2018-12-06,-0.00152338812836,-0.00151841875011,-0.0474299754194,-0.0112119428828,-0.0547464210671,-0.0435657777347,0.000170716297087,0.00313552178811
2018-12-07,-0.02359633544,-0.0235099314512,0.0068108078039,-0.0363082474621,0.00643348491946,0.0163266253179,0.00807721961588,0.00185883271426
2018-12-10,0.00176060338294,0.00189501040102,-0.0148084811029,0.00656608730453,-0.0253692170259,-0.0172769842797,-0.00347793544754,0.00413043153794
2018-12-11,-0.000356409900446,0.00022717322869,0.0133676969438,-0.00573554149127,0.024366636425,0.00893746196703,-0.00119036660094,-0.000168559716109
2018-12-12,0.00540487098738,0.00502286429267,0.0212551672888,0.00278337984187,0.0202549947973,0.0146522026057,0.00212467676813,-0.0044681288639
2018-12-13,-0.000199950200437,-0.000339296073988,-0.00255553883239,0.0108808159661,0.00588001647127,0.00964995650694,-0.00220977482408,-0.00236851761765
2018-12-14,-0.0192712123112,-0.0186373019641,-0.00886507925299,-0.0325210979517,-0.015360681197,0.00326390803775,-0.00400700485848,0.00346635700884
2018-12-17,-0.020992284922,-0.0198133412343,-0.0111524822834,-0.00934977635444,-0.00736975856982,-0.00992706855633,0.00689574091243,0.00580690032299
2018-12-18,8.63969704e-05,-0.00109700433706,-0.00958564545167,0.0129090019147,0.00756815135907,-0.0257587240571,0.0023726728703,0.00597098911651
2018-12-19,-0.015515459108,-0.015089195836,0.00490375903178,-0.0316884324376,0.00158606116357,0.00160300805458,-0.00611260918356,0.0131240858955
2018-12-20,-0.0158978094584,-0.0164116954249,-0.0179500152793,-0.025558620364,-0.00915421252264,-0.0201679740776,0.01529584066,-0.00363741210863
2018-12-21,-0.0208031206268,-0.0207024591724,0.000409066748486,-0.0396721918657,0.0133056206882,0.00326272757485,-0.00437046419472,-0.000165846869958
2018-12-24,-0.0274865726545,-0.0267781616155,-0.0145891276743,-0.0262146181037,-0.0332962377458,-0.0178583835654,0.0108905827233,0.00495804150593
2018-12-27,0.0569294064432,0.0569379710511,-0.00602284183773,0.0615414104994,0.00812512943989,0.0026492808722,0.00457212656369,-0.0106070156379
2018-12-28,-0.00124235395429,-0.00129087901321,0.017274838798,0.000512142671134,0.0224055569633,0.0160774416959,0.00405577681359,0.00837857493517
2018-12-31,0.00845662609362,0.00872062636865,0.0110421638468,0.00961921874591,0.0213335338539,0.00205940807504,0.00156825587479,0.00379313808056
2019-01-02,0.00126769280723,0.00103992299869,-0.00876851752331,0.00114016677547,-0.0191598002688,0.0102332213358,0.000659592730158,0.00525313163695
2019-01-03,-0.0250683315283,-0.0241520596646,-0.0167514733059,-0.104924253037,-0.0388420141688,-0.00861033820244,0.00902531553807,0.0113154142711
2019-01-04,0.0337593987276,0.0329467059977,0.0268783148659,0.0418031646887,0.0303177168904,0.0246635752299,-0.00811910796947,-0.0116425061055
2019-01-07,0.00698597599635,0.0078538318918,-0.00379646065969,-0.00222833935869,-0.00179341599145,-0.00232315037917,0.00345252291013,-0.00295289818758
2019-01-08,0.00964858745335,0.00935166327428,0.0113986886614,0.018884002741,0.0308321283257,-0.00211600273543,-0.0027117153722,-0.00263175598054
2019-01-09,0.00408967139949,0.00466238408304,0.00840949741512,0.01683920063,0.0115362130254,0.0132590063927,0.00639765149309,-0.00156556382506
2019-01-10,0.00450824151275,0.00352155281609,-0.00164668385381,0.0031909409999,-0.00921820586216,-0.00482049900264,-0.00590409273649,-0.0064545821871
2019-01-11,-0.000146308616678,0.000386157346623,-0.00507361305313,-0.00986675038349,-0.00328547752902,-0.0172700530476,0.00172568349545,0.00389438676998
2019-01-14,-0.00527139484088,-0.00611974703072,-0.00389557680472,-0.0151511873942,-0.0258837476221,0.0056482821985,0.00237806501171,-0.00372811962182
2019-01-15,0.010664619109,0.0113956404482,0.00490526031244,0.0202601774218,-0.00358218630583,-0.00138248204955,-0.00172151541491,-0.00365921978615
2019-01-16,0.00221952059464,0.0024168869642,0.00512047425373,0.0121428843892,-0.00740375072091,0.00138248204955,0.0031947601171,0.000999383891713
2019-01-17,0.00756273059855,0.00755823076476,-0.00340862983387,0.00591990871401,-0.00968709896393,-0.00287339756207,-0.00130940358597,0.000249742079388
2019-01-18,0.0130969128395,0.0132222672757,0.0168685543364,0.00614061543248,0.0274043315388,0.0183744414621,-0.00896648962938,-0.00525544355663
2019-01-22,-0.0142584769819,-0.0136027064807,-0.005841639062,-0.0227021040819,0.0144960791571,-0.016351599167,0.00354683434177,0.00675191154972
2019-01-23,0.00220048998487,0.00209025124185,-0.00147604664848,0.00403615255304,0.000971846266395,-0.00865250327969,-0.00140071709798,-0.000415527453101
2019-01-24,0.00137478012881,0.000531293803543,0.00650310631663,-0.00795754613192,0.00194093439233,0.00865250327969,-0.00156787591569,0.00654481762841
2019-01-25,0.00845286783578,0.00842575891373,0.0109944103084,0.0325997421932,0.012525433136,0.00931622052548,0.0145114661421,-0.00480076143327
2019-01-28,-0.00787777580664,-0.00762930895288,-0.00758883377337,-0.00929775113687,-0.00942748563467,-0.0162536061974,0.00349380811629,-0.000996314237612
2019-01-29,-0.00145730806513,-0.00132774376439,0.00806789852781,-0.0104187337022,0.00424363267147,0.0118182366039,0.0055809744798,0.00505341954447
2019-01-30,0.0154296099557,0.0157066180606,0.00940729395227,0.0661009249248,0.0664613236528,-0.00466784997445,0.00571038657705,-0.000743888605103
2019-01-31,0.00856064887278,0.00874440643901,0.00360381329536,0.00717531822635,0.00771528612148,0.0202107952121,0.000481061583355,0.00856317814382
2019-02-01,0.000898206347997,0.000481393631578,0.00530157135988,0.000480386152636,0.0173639626603,0.0047822152519,-0.00200601872687,-0.00605789282925
2019-02-04,0.00675338115836,0.00701086255087,-0.00380656594611,0.0280091875645,-0.00722775358816,-0.0024919522433,-0.00434679105233,-0.00447449440226
2019-02-05,0.00469737044338,0.00418334310927,0.0164925952588,0.0169649103832,0.029806082328,0.0167030221731,0.00257815162607,0.00455674999503
2019-02-06,-0.00222691580917,-0.00131926551444,-0.000844297336161,0.0003442726247,-0.0105310203747,-0.00245687583633,-0.00678185222139,0.000495992564395
2019-02-07,-0.00940119298427,-0.0095784489087,-0.0185784518855,-0.0191210576177,-0.0164481085714,-0.0151821165176,0.00242734968281,0.00658823408534
2019-02-08,0.00067597257174,0.00122027535935,-0.00480938709078,0.00117420978923,0.000528792342525,0.00798124100509,0.0037910995653,0.00425931986642
2019-02-11,0.000708851798003,0.000554432593511,0.0105914168949,-0.00576724678318,0.0166133776682,0.0059701053678,-0.00492314466286,-0.00393072907837
2019-02-12,0.0128078526686,0.0127777853054,0.00831712275992,0.00857989986007,0.0222955218008,0.00153804787544,0.00210137474119,-0.00254708216176
2019-02-13,0.00301943165666,0.00324165649908,0.00353777764472,-0.00416282577547,-0.000508963533067,0.00235388231521,-0.00396390918308,-0.00379166368223
2019-02-14,-0.00265516344658,-0.00222106588735,-0.00231828916573,0.00363633068847,-0.0129804939338,0.00153236868204,0.00557730902327,0.00568169217557
2019-02-15,0.0108200049595,0.0108383974387,0.0177515419496,-0.00222720147339,0.011452167337,0.0143902710353,0.00594717655005,0.0015592079752
2019-02-19,0.00149762128706,0.00172941012814,0.00142142454304,0.00298817607181,0.0103138464883,-0.00372973770025,0.0151095836753,0.00253800625659
2019-02-20,0.0017755334147,0.0020133724046,0.00684216001915,0.00641446590808,-0.00218947536128,0.00242107716527,-0.00173784702873,-0.00286638264654
2019-02-21,-0.00353266919655,-0.00356249376667,3.07288447373e-05,-0.00565443826821,0.00117945149198,0.00211353351287,-0.0113705353063,-0.00897854384805
2019-02-22,0.0063906386719,0.00618098129461,0.00379184298175,0.0111037886583,0.00938508094658,0.00441359663402,0.00359207725781,0.00593976972618
2019-02-25,0.00123110425411,0.00136050111475,0.00306287741955,0.00725829324052,0.0104540888612,-0.00894820731216,-0.00103636951474,-0.00296570665228
2019-02-26,-0.000790769644997,-0.000715804579544,0.00131227197383,0.000573670585161,0.00444679115223,0.00383061694088,0.00167363255496,0.00493796590352
2019-02-27,-0.000544197246115,-0.000429568668013,-0.0025554347163,0.00309307910199,-0.00609910022023,0.00641774245712,-0.00711234856379,-0.0113940400564
2019-02-28,-0.00282950775027,-0.00186449535811,0.00290079722182,-0.00988504452317,-0.00132358551511,-0.00060013028186,-0.00562977198686,-0.00341024063275
2019-03-01,0.00687165652799,0.00622459388618,0.00469462386863,0.0104566160536,0.0151170500134,-0.00230277937746,-0.0171639715583,-0.00928584619234
2019-03-04,-0.00388810710489,-0.00364398650535,0.00405238798726,0.00501659470147,0.00455612713561,0.00987587461342,-0.00262897790732,0.00780708722064
2019-03-05,-0.00113217375839,-0.0013610856482,0.00206918120846,-0.00182142978752,0.00324094304462,0.00948446167384,0.00131538164854,0.00208780058192
2019-03-06,-0.00654547354292,-0.00607558117806,-0.00164551131513,-0.00577052343913,-0.00681893576772,0.00333709590577,-0.000904122028431,0.00366527079466
2019-03-07,-0.00815891094558,-0.00840073029376,-0.00395769604888,-0.0116419878853,-0.00277369817463,0,-0.000822630835845,0.00646387165196
2019-03-08,-0.0021339643932,-0.00200193484902,-0.00699102135869,0.00237393058783,-0.000817142564257,-0.0136159027535,0.0108860826299,0.00420411575565
2019-03-11,0.0145595357563,0.0143973037364,0.00661889616942,0.0340559314696,0.00196031172942,0.00850720168906,-0.00489635395298,-0.00296588362122
2019-03-12,0.00294896583397,0.00376382244255,0.000814342017283,0.0111726700732,0.00715461885983,-0.00197221803216,0.00603545586258,0.0069885460494
2019-03-13,0.00692554663357,0.00659743454923,0.00683204838128,0.00441226002561,0.00613771171468,0.010798375253,0.00696861262214,-0.00188631508903
2019-03-14,-0.000868399542971,-0.000639823689,0.00814555023895,0.0110553439635,0.0162919014687,0.00467554761347,-0.0116142787772,-0.0072495283397
2019-03-15,0.00497251940926,0.00492807482136,0.01032822284,0.0129242812545,0.00946062341248,0.00484738398273,0.00456433255193,0.0065923135803
2019-03-18,0.00369909682158,0.00361956659969,0.00138845463865,0.0101567210742,-0.00456159659467,0.0109648790632,0.000569082568352,-0.000574629876999
2019-03-19,-0.000130570063397,0.000247849283427,0.00241169036573,-0.00795647809297,0.00988303636703,-0.00174474282161,0.0027594855816,-0.00222155197119
2019-03-20,-0.00294869677987,-0.00301447724327,-0.00800106146256,0.00870075576305,-0.00657757076694,-0.0231606779162,0.00646312647038,0.0104061135243
2019-03-21,0.0107940157263,0.011231155131,-0.000708089862718,0.0361680373709,-0.00125815203399,0.00237977618606,-0.00403454109763,0.00219850840567
2019-03-22,-0.0191568271776,-0.0194336843085,-0.0204594475262,-0.0209255306992,-0.0137821051857,-0.0210193610551,0.00234202407741,0.0154150975684
2019-03-25,-0.000839373006384,-0.000752116806156,-0.00176244897709,-0.0121648088835,0.0134675663637,-0.00364857843352,0.00763390748811,0.00160074270016
2019-03-26,0.00715705312087,0.00742620146567,0.00884556438574,-0.0103853575826,0.0159252783391,0.00677906203371,-0.00497549375281,-0.000719683470862
2019-03-27,-0.00465514336561,-0.00524276927085,-0.00115748318212,0.00895380298373,0.000309894931243,-0.0045482439099,-0.00524301250971,0.00915995432548
2019-03-28,0.0035830546378,0.00378313080478,-0.000887015051661,0.00132570741665,0.0037094247411,-0.00131769411102,-0.014253957248,0.00348269400598
2019-03-29,0.00671170606634,0.00628605598076,0.0101417966926,0.00649654324983,0.0116565301722,0.0045541643267,0.000901972085225,-0.000948894955437
2019-04-01,0.0115021954976,0.0117891103092,0.0102268826252,0.00676803344887,0.0161842178094,0.00964643923553,-0.00394188732505,-0.0143056287421
2019-04-02,1.74556148052e-05,0.000490040535128,0.00331340777791,0.0144321638123,0.00374377802481,-0.000400119053567,0.00369598380822,0.0018473512651
2019-04-03,0.0021460723822,0.00157209002561,0.00834348472155,0.00683152243922,-0.00149578604016,0.000400119053567,-0.00147674155617,-0.00870549291858
2019-04-04,0.00208246550914,0.0026499966388,-0.000934873675498,0.00173914719993,-0.00134825225005,-0.00260367146397,0.00254190612793,0.00282956235243
2019-04-05,0.00462571739556,0.00482856718709,0.00226698268934,0.00667191371679,0.00746720827773,0.00838676424649,-0.00106516457176,0.0012907515359
2019-04-08,0.00104691199342,0.000762161041713,-0.000807529836242,0.015613495132,-0.0121251070449,0.00614536891649,0.00433555416877,-0.00355364379558
2019-04-09,-0.00608597665726,-0.00513810106422,-0.00648319389137,-0.00300320358444,-0.0142577176391,-0.0073389981318,0.00521046517563,0.00315072372958
2019-04-10,0.00347183783586,0.00340516197532,0.00247282696599,0.00559846569575,0.00745767004562,0.00278338699177,0.00308089264662,0.00241676022757
2019-04-11,3.81221942795e-05,-0.000277839542063,0.0065548227814,-0.00835908937616,0.0450648320732,-0.00577431650527,-0.0128729333918,-0.00589133521973
2019-04-12,0.00658757847635,0.00674331759275,0.00309052491288,-0.0004021847347,-0.00596091525831,-0.00179879231535,-0.000984453279049,-0.00714747797085
2019-04-15,-0.000629567249758,-0.000655014781894,0.00109518663913,0.00180809505244,0.000145978168025,0.00159910354652,-0.00188969369794,0.00252355471761
2019-04-16,0.000509228507907,0.000655014781894,0.0036131632214,0.000100854008385,0.0097208158877,-0.0103387431496,-0.00900419944926,-0.00628118820398
2019-04-17,-0.00227640101974,-0.00244988872922,0.0062064150708,0.0192860871127,0.0130534455673,0.0107378313224,-0.00191040382904,0.000409527802976
2019-04-18,0.00157784678131,0.00196750942274,0.00310317222524,0.00358700845055,0.00412415163009,0.00418385038414,0.000748007508403,0.00522117517128
2019-04-23,0.00981385721662,0.00981294911268,0.00202470303926,0.0176013060827,-0.00912448809715,0.0181250529008,-0.00207908922464,-0.00268893446593
2019-04-24,-0.00219416872554,-0.00222183530112,-0.00279911212286,-0.00154346032082,0.00528526105144,-0.0233073283477,0.00290949948943,0.00812539744838
2019-04-25,-0.000369041697555,-0.000616292982079,-0.00330350273554,-0.00911639867262,0.00259081395267,-0.00270159527455,0.000829729549636,-0.00145782388411
2019-04-26,0.00467435034437,0.00464603298862,0.00210117983447,-0.00478542633741,-0.00403301734883,-0.0112848515979,0.00661325870686,0.0033980612779
2019-04-29,0.00107094833958,0.00156670243828,0.00208426314718,0.00151619416988,-0.00317981269744,-0.0153158633103,-0.00445914024468,-0.00640139907681
2019-04-30,0.000950964757233,0.000510019284479,0.00097250590547,-0.0194439139304,0.0106564818472,0.0193610363462,0.00305743329134,0.00510820178502
2019-05-02,-0.00965669029587,-0.0097060070767,-0.00854821185782,0.0413898682727,0.00557106904838,-0.0033358102549,-0.0104504144674,-0.000656632980975
2019-05-03,0.00959212746147,0.00974008516399,0.00180019011317,0.0123546550153,0.0114723932761,-0.00426183806631,0.00590217423255,0.00283471916139
2019-05-06,-0.00448101323106,-0.00412387181104,-0.0118416346256,-0.0155631168175,-0.0304546201891,-0.0242911149737,0.00132523832864,0.00274546826057
2019-05-07,-0.0166494881305,-0.0168404758434,-0.0161356275074,-0.0273271828894,-0.0275244216328,-0.0271413764537,0.00330552325572,0.0076318178365
2019-05-08,-0.0016067154056,-0.00139006445165,0.00403943166715,0.000197364392044,0.0134889116971,0.00587066056912,-0.00247806996366,-0.0043311235239
2019-05-09,-0.00302599860192,-0.0030308138024,-0.0194642471349,-0.0108024947854,-0.0230853811342,-0.0080141298664,0.00239554861413,0.0040911411202
2019-05-10,0.0037133938472,0.00501121251259,0.00268402034517,-0.0139505273993,0.00510977908155,0.00566999977355,0.00189591618299,-0.00136160277542
2019-05-13,-0.0244264690859,-0.0254517119951,-0.0122513443953,-0.0598765500179,-0.0298213081592,-0.000106727495441,0.010159841675,0.00782489789545
2019-05-14,0.00798398755131,0.00900354669239,0.0148589812185,0.0157064555454,0.0320673230144,0.0113510504886,-0.00171336885688,-0.00294714699117
2019-05-15,0.00582199438823,0.00583995189782,0.00614239821877,0.0119077698089,0.00848900824666,0.00693805494255,-0.000571778660232,0.00612359714751
2019-05-16,0.00885595696963,0.009218733911,0.0136478878165,-0.00440944045354,0.0119408692544,0.018166394287,-0.00721607884357,-0.00333545587815
2019-05-17,-0.00585443715292,-0.00648612519154,-0.0018150977932,-0.00569780488731,-0.00102631073019,0.0115571887284,-0.00710277173215,0.00222476784724
2019-05-20,-0.00677225803663,-0.00663396142318,-0.0147527849368,-0.0317692908611,-0.032198558233,0.00111763962917,-8.29126773946e-05,-0.00206576212543
2019-05-21,0.00845994911095,0.00897523602812,0.00500187052535,0.0189891766849,0.0153341126399,0.0109103907475,-0.00232363590027,-0.00159171026826
2019-05-22,-0.0028283920525,-0.00307598673068,-0.00120396078537,-0.0206839330518,0.00342564313759,-0.0153891967619,-0.000997531258933,0.00571905459461
2019-05-23,-0.0119856924884,-0.0122941580813,-0.0183132054907,-0.0172170511143,-0.0068626466498,-0.0335115838271,0.00770477292638,0.011185153964
2019-05-24,0.00135264399883,0.0022657108652,0.00663147311806,-0.00384785812998,0.0074571273912,0.00347590836188,0.00107233894438,0.000860730294655
2019-05-28,-0.00841094999347,-0.00934400271168,-0.000718741818714,-0.00414341074761,0.0179654798061,-0.000736201364187,-0.00388222509068,0.00717417452143
2019-05-29,-0.00693591014934,-0.00673315054598,-0.0171948150925,-0.00478029895721,-0.0129264366969,-0.0145198159108,0.000330997100022,0.003025649093
2019-05-30,0.00209627235529,0.00272732076329,0.00511699360169,0.00517309655887,0.0101497168617,0.000106662433178,0.00676123109249,0.0085622407242
2019-05-31,-0.0132832049516,-0.0135668598802,-0.00789563035195,-0.0182815485665,-0.00896757551096,-0.00427891316658,0.0133868620106,0.0124414239714
2019-06-03,-0.00276907086455,-0.00254602637325,0.00647524266887,-0.0101618866247,0.0055957688185,0.00149961118746,0.0143296525277,0.00666643338676
2019-06-04,0.0212059273109,0.0214745520053,0.0051000148025,0.0359309497265,0.00468799810292,0.0108591547081,0.000319675536331,-0.0114671364938
2019-06-05,0.00812872668997,0.00862459749552,0.00449615341274,0.0160139319278,0.0214004642453,-0.00733300086047,0.00255366028303,-0.00566729362027
2019-06-06,0.00611684071521,0.00648144772579,-0.00256750789297,0.0145751081583,0.0024290202677,0.00775670036074,0.00326235422234,0.00322064963771
2019-06-07,0.0104429793678,0.00995761430828,0.0160905120651,0.0262689801122,0.0189430819177,0.0116800293966,0.00562443768668,0.00861420739643
2019-06-10,0.00464921987432,0.00457825299595,0.00343369983158,0.0126985813935,0.00321586552684,0.0094747776915,-0.0100032114694,-0.00945650971519
2019-06-11,-0.000349941192693,-0.000242155764254,0.00480963113638,0.0115128724564,0.0039008861164,0.0137673270427,-0.00119757308475,0.000612688351582
2019-06-12,-0.00203965789214,-0.00176689890506,-0.00621890572257,-0.00318760823035,-0.00781704875672,-0.0277269080394,0.00517910400178,0.000764982210029
2019-06-13,0.00408901061077,0.00411788620879,0.000132079012499,-0.000205986879306,-0.0043536530335,0.000638633193116,0.00610068841395,0.00343794070406
2019-06-14,-0.00161281209441,-0.00110570036668,-0.00149112558753,-0.00728889377098,-0.00352488822471,0.00573065895988,-0.000316005695725,0.00251366640676
2019-06-17,0.000931315637977,0.000380246092046,0.00433702878597,0.00594901934489,0.0120737665443,-0.002118473165,-0.000632271596181,0.00174796226442
2019-06-18,0.00967048954971,0.0104161863369,0.0217939586382,0.0232459944096,0.0288838940341,0.0218177027747,0.00504732920783,0.00499944104963
2019-06-19,0.00298071681438,0.00225507874583,0.0015814425733,-0.00292678759264,-0.00762120691113,0.00259048198612,0.0060389657978,0.00143414945276
2019-06-20,0.00942760543617,0.00950870837398,0.00309745100118,0.00800340639945,0.0108698372066,0.00773145577475,0.0248661615125,0.00263702330076
2019-06-21,-0.00126001638019,-0.00145440381709,-0.00130871520846,-0.0034149589686,-0.00460533065156,0.00869067218639,0.00661369250916,-0.011046705186
2019-06-24,-0.00173338836506,-0.00122536646868,-0.00119820702345,-0.00100684993463,0.00797795326152,-0.00234401945413,0.0147415877663,0.00742849330836
2019-06-25,-0.00954177569283,-0.00985629449548,-0.00129393928666,-0.0152737093266,0.00121140818853,-0.00112311577851,0.00193924876892,0.00309167472897
2019-06-26,-0.00123469584496,-0.00099777652116,-0.002514616728,0.0213987181849,-0.0110918763285,0.011679471912,-0.00920765579378,-0.00642041495015
2019-06-27,0.00381588593721,0.00353964806126,-0.00129345816269,-0.000300266495052,0.00203827848049,-0.00800876695949,-0.000978179991974,0.0070227588942
2019-06-28,0.00574094187754,0.00513238640211,0.00822302802749,-0.00915380335587,0.0160238597306,0.0030490838774,0.00270636918663,-0.000677841996079
2019-07-01,0.00764301848911,0.00903759445201,0.00521118541399,0.0181746061232,0.000801341619645,0.0100958620559,-0.0195594293882,-0.0023412800025
2019-07-02,0.00292384739799,0.00260128479812,0.00159890278439,0.00583744374318,0.00771185325184,-0.00372388615102,0.0211348169779,0.00768321349513
2019-07-03,0.00764309546189,0.00796294179755,0.00750121830247,0.00825278981721,0.006600658539,-0.00962462950217,0.00164770103624,0.00710400447109
2019-07-05,-0.00180753412117,-0.00113839690693,-0.00447532987881,-0.000880883114016,0.00210288384297,0.00608969825699,-0.0112128651757,-0.0133516219751
2019-07-08,-0.0048471730313,-0.00550981021302,-0.000810213832469,-0.0208294153251,0.00576077009157,0.00575076707983,-0.00645339540507,0.00135822326511
2019-07-09,0.00123579317914,0.00124567940407,-0.00306234428026,0.00608079653059,0,-0.00383035458787,0.00349762379254,-0.000377115810958
2019-07-10,0.00450054675309,0.00476648609751,-0.000809762977235,0.00984011249906,-0.00523546946089,0.0050366669477,0.0156641653311,-0.00552173180918
2019-07-11,0.00228261966256,0.00234154749199,-0.00281300472109,-0.00730903108651,0.00549673526829,0.00200793138821,-0.00847943402184,-0.0134407862097
2019-07-12,0.00460953449406,0.00446707211916,0.00375911004569,0.00765374405432,0.00234653841409,0.000200342840098,0.00623524547614,0.00115268172769
2019-07-15,0.000175853629868,0.000332715636415,0.00095956683887,0.00935080468136,-0.0103401471741,0.00440151105313,0,0.00574272224427
2019-07-16,-0.00340958463284,-0.00323089757649,0.00646321332505,-0.00346568081811,0.013719621292,-0.00249789318545,-0.00849856602123,-0.00298196960094
2019-07-17,-0.0065526654034,-0.00682810624625,-0.0076291411132,-0.0056394962688,-0.00677085835443,-0.0279053189021,0.0163312344355,0.0107401211584
2019-07-18,0.00357559752608,0.00365415234499,-0.00380501480367,0.0112956469257,0.00039191238182,-0.0115920981747,0.0140192218138,7.57434156426e-05
2019-07-19,-0.00619588946572,-0.00557052703679,0.000322445610485,-0.0150401082357,-0.00143758280328,0.00353367803089,-0.0148369211627,-0.0023511214096
2019-07-22,0.00282470172853,0.00245364013925,0.00264047296047,0.0225970231685,0.00651796512151,-0.000104068805757,-0.000148772870636,0.00189649050608
2019-07-23,0.00682414533751,0.00712461349569,0.00914433054294,0.00778720249463,-0.00390565998485,0.0137038853324,-0.00566865844673,-0.00547228154218
2019-07-24,0.00467719284924,0.00468839266746,-0.00218995202487,-0.000814365099826,-0.00785747442774,-0.00842664861915,0.00507344972162,0.00433485078836
2019-07-25,-0.00527629657652,-0.00478843675155,-0.00497506591184,-0.00793859813709,-0.010972520743,-0.0109995575211,-0.00709511938552,-0.00479217544282
2019-07-26,0.00736053558974,0.00667780461836,0.00572037939884,0.00347182645627,0.0248126915681,0.00229271158265,0.00164757771465,0.00236082797574
2019-07-29,-0.00161742169136,-0.00182287785614,-0.00159657287228,0.00929527284807,-0.0179243358309,0.000624919009943,0.0066376050584,0.000304137330559
2019-07-30,-0.00258198535105,-0.00245767282996,-0.0162042597658,-0.00430138311704,-0.0112845924271,-0.0173152238036,0.00333937461707,0.00243075905848
2019-07-31,-0.0109452070085,-0.0110007375266,0.00141978255785,0.0201987287623,0.00213382463067,-0.00424321833847,-0.0131997067693,0.00800771479224
2019-08-01,-0.00903952749417,-0.00874601198782,0.00695365315218,-0.0218767692951,0.0100744300924,-0.0103651940927,0.0237382029164,0.0196664766925
2019-08-02,-0.00730938861849,-0.00755837456059,-0.036354809951,-0.0213851093195,-0.0561503165083,-0.0398824686443,-0.00381935825488,0.0091988833681
2019-08-05,-0.0302301823107,-0.0305342605002,-0.0221601715964,-0.0537678333919,-0.0431908189634,-0.0133912342317,0.0138850086304,0.0171401402301
2019-08-06,0.0129330241562,0.0139254520691,-0.0013172532389,0.0187536735569,0.0207591408739,-0.0134585804611,0.00809553400105,0.00796108343826
2019-08-07,0.000766582008663,0.000590677740474,0.00606789397783,0.0103017844296,0.0203367530861,-0.00841721167147,0.0150754824507,0.000357627229261
2019-08-08,0.0185884626666,0.0194301779187,0.022798967722,0.021816265109,0.0292071594285,0.0167645510106,0.00502205830047,0.00214010990774
2019-08-09,-0.00663859328866,-0.00683473575817,-0.0112059239067,-0.00827466866634,-0.0106469700896,-0.00961092122641,-0.00332168237109,-0.00199720406162
2019-08-12,-0.0123938090578,-0.0122481941666,-0.00331067839593,-0.00254062085193,-0.0216406568445,-0.0059963251506,0.00965177100602,0.0206351967517
2019-08-13,0.0150183462041,0.0154320989668,0.00988631442008,0.0414764097185,0.00837877805798,0.0226421566368,-0.00597734621738,-0.00343363742148
2019-08-14,-0.0297303522107,-0.0300138709146,-0.0210609116297,-0.0302170506492,-0.0322197058235,-0.0132026403025,0.00681829516243,0.0222798775982
2019-08-15,0.00246123669788,0.00263871404339,-0.00274014548062,-0.0049938459392,-0.00706203557791,-0.00782189978023,0.00663292367203,0.0110581919659
2019-08-16,0.0143230581759,0.0146471873059,0.0121203910271,0.023320533212,0.00792354096871,-0.00150205954859,-0.00642279513762,-0.0080429822334
2019-08-19,0.0120331753224,0.0119753180453,0.0132625066987,0.0184723782559,0.0238207380108,0.020942629449,-0.0117652419142,-0.0144052412967
2019-08-20,-0.00794621511374,-0.00769191502644,-0.00502416493425,4.74586022615e-05,-0.00322785458935,-0.0110460558071,0.00776515245124,0.0102907710152
2019-08-21,0.00821297959944,0.00810240607382,0.0168536142855,0.0107804930843,0.0369800272784,0.0163545120323,-0.00316943602169,-0.00668735830698
2019-08-22,-0.000506203140968,-0.000307822180708,-0.00872717258353,-0.000846864451478,-0.0219128246362,0.000225434827649,-0.00254274055623,-0.00666249874376
2019-08-23,-0.0262888812122,-0.0260231811515,-0.0114568112563,-0.0473227689475,-0.0156296868347,-0.0185284789726,0.0194004339216,0.0163004679716
2019-08-26,0.0109231129441,0.0109981554234,0.00452335505745,0.0188206347324,-0.00535912201908,0.00594806443297,0.000138743237842,-0.00405036822851
2019-08-27,-0.00320832190382,-0.00393179130616,0.00671812080874,-0.0113477289982,0.0175212189072,0.00284729720639,0.00952523047426,0.0152916638629
2019-08-28,0.00652415142801,0.00701725234518,-0.00340093794674,0.00668805536645,-0.0111779610425,0.00792932720395,-0.00282050876273,0.00128621037172
2019-08-29,0.012607482539,0.0126917907045,0.0150057599817,0.0167899994094,0.0153375148891,0.0153395578873,-0.00719035871409,-0.00379659050846
2019-08-30,0.000642580823975,-0.000444403834672,0.00558254119299,-0.00129255707182,0.00290163617214,0.00862906753813,-0.00257057150912,0.000272058506917
2019-09-03,-0.00692300919275,-0.00586409386809,-0.00263282305055,-0.014670668709,-0.0188014931238,-0.0136417093704,0.0138171455531,0.00129157556153
2019-09-04,0.0107837250161,0.0112862426553,0.0120021738944,0.0168242025193,0.0354936678762,0.0139724249268,0.00622418470902,0.00149311792101
2019-09-05,0.0129259130228,0.0127738379216,0.0110199531308,0.0193629248075,0.0212116294981,0.017898513097,-0.0242938446153,-0.018276280668
2019-09-06,0.000910190825359,0.000771780569481,0.00189689709924,-9.38543903573e-05,0.00925578195008,-0.0096736823056,-0.00855966085546,0.00709033718197
2019-09-09,-9.40145792229e-05,0.000503157513694,-0.00268741679584,0.00425782315143,-0.0025038386473,0.0118345352876,-0.00374148193771,-0.0179247387565
2019-09-10,0.00032225244687,-0.000234768152448,0.000761886101903,0.0117440201158,-0.015423752327,0.0224127713023,-0.00859476139473,-0.0176835062543
2019-09-11,0.00720367230454,0.00708581542983,0.00443306398864,0.0313000217865,0.0133104101385,-0.00486638503233,0.00604536547708,-0.00177885854397
2019-09-12,0.00287501603907,0.00345786906675,0.00440458581813,-0.00223860796345,0.00409044783677,-0.0120568063663,0.00205424541046,-0.00657239015647
2019-09-13,-0.000724676617276,-0.000664238441012,0.00223043840499,-0.0196458263392,0.00603916029915,0.00150169644029,-0.0083136372244,-0.0215898983872
2019-09-16,-0.00314051303579,-0.00309367991058,-0.00945671411672,0.00524339547262,-0.0397863316326,0.0246660781209,0.0083136372244,0.0126625902532
2019-09-17,0.00257842529443,0.00252908677108,0.00236764134385,0.00363137171851,0.000272488254521,0.000836378715064,0.00197935160858,0.00540922963946
2019-09-18,0.00034263318555,0.000597820324309,0.000914927610579,0.00933567443929,-0.0068316299899,0.00344209713146,-0.00630513908463,0.00423422514564
2019-09-19,1.99746570436e-05,-6.62310788089e-05,0.00681405047193,-0.00815831839806,0.00710376174616,0.0030151319234,0.00404264522964,0.00300413823116
2019-09-20,-0.0049075992042,-0.00473619622136,0.00558593494702,-0.0147261488622,0.00745931122866,0.0269357891137,0.0117511680045,0.0131238684799
2019-09-23,-9.69405969486e-05,-0.000234868367762,-0.0106029009612,0.00453693291706,-0.00977592373115,-0.0166085195441,0.0055807818955,-0.000211742392086
2019-09-24,-0.00845198874845,-0.00787757248672,-0.000431595816603,-0.00476627205698,0.00977592373115,-0.0190857331028,0.0052729950331,0.0119825666765
2019-09-25,0.00613968506327,0.00589728617059,-0.0079432735088,0.0152722129212,-0.024206388255,-0.0116922426837,-0.0187195033027,-0.0147351440501
2019-09-26,-0.00243187100977,-0.00208513973021,0.0065635376593,-0.00517071961934,-0.000830798452388,0.00401805996915,-0.000282131027225,0.00641200674065
2019-09-27,-0.00533053453726,-0.00540153418617,0.00355385999384,-0.00487818526225,-0.00208030094672,0.0184502794444,-0.00516172277901,0.00245517785733
2019-09-30,0.00503491015762,0.00462672969971,0.00657516845146,0.0232626701624,0.0124171068072,0.00617966108368,-0.0156471098953,0.00244922497571
2019-10-01,-0.0123341268667,-0.0119659772097,-0.0142188064086,0.00276422559918,-0.0209220761094,-0.0114467517812,0.00545789505663,0.00300546577918
2019-10-02,-0.0180654043337,-0.0178226246688,-0.0317365142747,-0.0253872780753,-0.0373741308796,-0.0406325859197,0.011606025822,0.00244082343197
2019-10-03,0.00794030498438,0.00815922178153,0.0029461773403,0.00845909448391,0.00810654199841,-0.0120624263792,0.00452041329765,0.00908049738117
2019-10-04,0.0141167852542,0.0134416626516,0.00906922965462,0.0276459194742,0.00804165062952,0.00200174463764,0,0.00735604308313
2019-10-07,-0.00448835237434,-0.00432431300953,0.00604729392414,0.000220116393788,0.0119419713969,0.00476670328469,-0.00856363927792,-0.00832269176145
2019-10-08,-0.0156831593904,-0.0156462511519,-0.0118398877271,-0.0117840517795,-0.00780315786636,-0.0166140236754,0.00870460186405,0.00269027219232
2019-10-09,0.00906329625668,0.00945163531814,0.00776216939846,0.0116519033002,0.0168072188479,0.00917735708481,0.000915624950698,-0.00566464716206
2019-10-10,0.00639520259335,0.00674066907897,0.0126327065359,0.0133884664446,0.0541113046878,0.00920444192863,-0.00876767969384,-0.015006458676
2019-10-11,0.0108795797678,0.0103132802256,0.0171671703387,0.0262508191131,0.00357607489674,0.0244261627492,-0.00555477149932,-0.0124540900115
2019-10-14,-0.00138808194692,-0.00111426932234,-0.00396158859851,-0.00144062100769,0.00277235658181,-0.0124657544762,0.00399114641393,0.00723637604607
2019-10-15,0.00990644561234,0.0098517442051,0.0103956955418,-0.00233422749829,0.00329059115786,0.0133270333806,-0.00699499647692,-0.0121619578259
2019-10-16,-0.00200154480904,-0.00160776060433,-0.000903575063099,-0.00404544031452,-0.00632723539069,-0.0010769111137,0.00571391445118,0.00121597478826
2019-10-17,0.00275902204833,0.00294508161456,-0.00419176364884,0.00387534124655,-0.00889975822476,-0.00410258237956,0.00142336510004,-0.00243316571683
2019-10-18,-0.00392704571003,-0.00438683420087,-0.00651143564174,0.0047910848266,0.000800106160787,0.00259287050928,-0.00106730714747,0
2019-10-21,0.00684811426163,0.00675649728297,0.00214453370652,0.0171943091799,-0.00120048817925,0.00312480745934,-0.0047815541592,-0.00755112461941
2019-10-22,-0.00357504943534,-0.00327222760517,0.00165218681207,-0.00228954227449,0.00545763095719,0.0150536233125,0.00292870679456,0.00583024553329
2019-10-23,0.00284310358008,0.00290542112348,-0.000751472265696,0.0133297974904,-0.00439038775106,0.00285713974595,0.00235102879425,0.00100457180876
2019-10-24,0.00191860448239,0.00163276241889,0.00544908097129,0.00164347499476,0.00545191793757,0.00379666278772,0.00709071968337,-0.00200941186411
2019-10-25,0.00406442958828,0.00408650516944,0.00663131179082,0.0122410277826,0.0181343996199,0.00409663992844,0.00232896114304,-0.00489765265248
2019-10-28,0.00556581990038,0.00562096864056,0.00147037973834,0.00996700582564,-0.00482988805728,0.00324494170613,-0.00863723599663,-0.00913732492779
2019-10-29,-0.00083275185869,-0.00029722207408,0.00166865263845,-0.0233995873418,-0.00485360179506,-0.00376915779953,-0.00277688242371,0.000655706200004
2019-10-30,0.00324808941579,0.00306249265942,0.00447244914984,-0.000123212306912,0.0109848384154,-0.00010468487129,0.00547520825286,0.0145279620299
2019-10-31,-0.00302743865465,-0.00266688251991,-0.00626499958624,0.0223576996666,-0.00508511053524,-0.0111817185136,0.00994884914388,0.0133997843569
2019-11-01,0.00961593039024,0.00922148619041,0.00557449595493,0.0279856564795,0.0174932611611,0.01296308765,0.000912347893774,-0.00308248050528
2019-11-04,0.00369724599325,0.00400964267319,0.0107732174128,0.00654569648676,0.0209729694143,0.0158941860303,-0.00288015380524,-0.013249086927
2019-11-05,-0.00118640292508,-0.00110680934253,0.00387113230496,-0.00143791767212,0.00689445327617,0.016152448009,-0.016312333337,-0.0113105506261
2019-11-06,0.000702250556784,0.000228229777522,0.00338923380244,0.000427457174933,-0.00175042894234,0.000405520927726,0.00428106963926,0.00603332283272
2019-11-07,0.00272637545725,0.00351045471586,0.00412495157138,0.0114752471576,0.0110758786459,0.00535807571407,-0.0156432078609,-0.0182845650456
2019-11-08,0.00255740298822,0.00246304312953,-0.000219009066223,0.00273305780323,-0.00247811793773,-0.0059665883781,-0.00638473467213,-0.00421593618366
2019-11-11,-0.001964395297,-0.00191154868675,0.000699218766752,0.0078876829616,0.00062003977399,0.00233035199146,-0.00240481809178,0.000666517196073
2019-11-12,0.00156342326072,0.00210581155984,0.00438990381884,-0.00091576908048,0.000371860085023,0.000708177050973,0.00269587406621,0.00458217457057
2019-11-13,0.000711281514541,0.000323543759922,-0.00214092031391,0.00953598308998,-0.00384941628566,-0.000708177050973,0.00399407249652,0.00646791527778
2019-11-14,0.000836692695207,0.00145476686115,-0.00101789973529,-0.00694317576548,0.00471674595933,-0.00670135699288,0.00419471225169,0.0102768866572
2019-11-15,0.00766602873745,0.00721020133414,0.0064508353415,0.0118091159013,0.00432514453699,0.00396536057073,-0.00252911211645,-0.00108853546849
2019-11-18,0.00050302620769,0.000737493281368,-0.00159742776071,0.0050295405542,-0.00804715362496,-0.0050863018064,0.00296202215651,0.00181322714962
2019-11-19,-0.000592769889425,-0.000288589321486,-0.00350376480993,-0.0030373387788,-0.0101192994988,-0.00337153356052,0.000504900668887,0.00829821057315
2019-11-20,-0.00376325651601,-0.00372569963254,-0.00254510324924,-0.0117096303612,0,-0.00204867679683,0.000504544979215,0.0102949761943
2019-11-21,-0.00158400612643,-0.00161028117902,-0.00217742132502,-0.00449369509858,-0.00933542092206,0.00194613723782,-0.0054921009109,-0.0062786399164
2019-11-22,0.00217257394242,0.00222166562912,0.0020247294082,-0.000878220782271,0.00442607499781,0.00510429811292,-0.00188579874038,0.00128661233847
2019-11-25,0.00747925204219,0.00772006314871,0.00536978909704,0.0173819106084,0.0199884778406,-0.003467938472,-0.0048031748204,0.0029269679871
2019-11-26,0.00219316365957,0.00226323694343,0.000803114816321,-0.00783929114343,0.00763912651487,-0.0166912289601,0.0048031748204,0.00582731566528
2019-11-27,0.0041657355355,0.00444771272483,-0.000468988730212,0.0133425899677,0.00318623671288,-0.00187160768935,-0.0053140070455,-0.00290915148043
2019-11-29,-0.00401928643868,-0.00371548944362,-0.00366293582536,-0.00220487389636,-0.00330899863913,-0.00825712484852,0.00618480533991,-0.00213424126768
2019-12-02,-0.00866848360494,-0.00853117250157,-0.0202590914558,-0.0116298283883,-0.0267479619011,-0.0118244287801,-0.000507948507376,-0.0134230241118
2019-12-03,-0.0066602252534,-0.00672914098337,-0.0103388489905,-0.0179906879677,-0.0148619380705,-0.00949718769581,0.00953425805617,0.020750742833
2019-12-04,0.00630365773963,0.00615160681444,0.0125724892214,0.0087874322101,0.0134741434092,0.0122543842637,-0.00136678078094,-0.0100353197947
2019-12-05,0.00149912696661,0.00179608780107,0.000322315654331,0.0145640819023,0.000505057251242,-0.00169584642149,0.000575719651594,-0.00487595951681
2019-12-06,0.00909424588038,0.00909243540143,0.0120549011691,0.0191324267114,0.0184829906183,0.0173534126816,-0.00997770568829,-0.00555017278886
2019-12-09,-0.00316783362978,-0.00314907590589,-0.00592019526097,-0.0140992343715,-0.00524622217937,-0.0077454005063,-0.00029064680754,0.00216593448846
2019-12-10,-0.00109753603927,-0.00111570883476,0.00184502010329,0.00582743441995,-0.00615548075959,0.00125996576997,0.00283069683303,7.23453552845e-05
2019-12-11,0.00290393743939,0.00283472356441,0.00219492737127,0.00849325416889,0.00703175063824,-0.00526092949874,0.0068619360112,0.00783011988759
2019-12-12,0.00853866720245,0.00858220947212,0.00398120662327,0.00254550888774,-0.00350960880492,0.00484081939729,-0.00353348134653,-0.0165950287368
2019-12-13,7.25793178733e-05,0.000599022553704,0.00588994840766,0.0135014482533,0.0139652168536,0.00408625999913,0.00446887012238,0.0115017368796
2019-12-16,0.00712236083445,0.00684621484584,0.0121976302871,0.0169729238618,0.0145054738483,0.0095735519126,-7.19910830904e-05,-0.00903116869007
2019-12-17,0.000335236229144,0.000218902125879,-0.00391313988936,0.00196328894896,-0.0173574301707,0.0104054886199,-0.000215774151491,-0.00137975859229
2019-12-18,-0.000432393655148,6.28505506792e-05,-0.00145200725364,-0.00239197464356,-0.00448054266676,-0.00359368774094,7.19994248126e-05,-0.00824574014107
2019-12-19,0.00444937863117,0.00409035817619,0.0021253468686,0.00100010458109,0.00348670429852,0.00799069278445,0.00258621543835,0.00159868923762
2019-12-20,0.00493259595499,0.00437479249679,0.00821261610437,-0.00207335223929,0.0203020344915,0.00142793971692,0.00100393694687,0.00131764541152
2019-12-23,0.000865768694833,0.00152684324224,0.00130120292592,0.0161869265454,0.00800692638131,0.00579124197707,0.00307720569484,-0.00146462586265
2019-12-24,-0.000195467316996,3.1061855439e-05,2.98016739766e-05,0.0009500829132,0.000724570478704,0.00242841793561,0.00938778671291,0.00285372790191
2019-12-27,0.00514904663622,0.00506100492914,0.00129947329496,0.0192661650779,0.00841655848419,-0.00374612196378,0.00747533789624,0.0035020325096
2019-12-30,-0.00579759624343,-0.00552824706616,-0.00918004957395,0.00591788554643,-0.00720991906304,-0.00213276086166,0.00210558045668,-0.00364785566025
2019-12-31,0.0029416905717,0.00242608901829,-0.000695661986587,0.00727960002943,-0.000965098169185,0.000304813112605,0.00189114335735,-0.0098425860469
2020-01-02,0.00834389555972,0.00930888160031,0.0105562150028,0.022560405761,0.0118797918263,0.0124225558505,0.0073209532692,0.0112301686686
2020-01-03,-0.0070849093642,-0.00760128936252,0.000440216919659,-0.00976984610815,-0.000119135206565,0.0112780524035,0.0131812681944,0.0152832481304
2020-01-06,0.00352714499656,0.00380802134898,-0.00507066036382,0.00793671328992,-0.00946967705544,0.0143773632446,0.010434863652,-0.0056952928236
2020-01-07,-0.00280717488213,-0.00281598572101,-0.000206178645556,-0.00471390427329,0.00204513507692,-0.00656400234037,0.00392742920862,-0.00492767489866
2020-01-08,0.00489047342746,0.00531547139092,0.00309713107334,0.0159580222444,0.00670845849886,0.00259113501342,-0.0075297984399,-0.00663214667546
2020-01-09,0.00663321401159,0.00675760987276,0.001913241542,0.021018578002,0.0135183567698,-0.00558876709876,-0.0056676856282,0.00350383698471
2020-01-10,-0.00285926232975,-0.00288179236673,-0.000900678084857,0.00225816949554,-0.00200438635946,-0.00350928025919,0.00600810840542,0.00885111696113
2020-01-13,0.00695199399768,0.00685386631324,-0.000160640424423,0.0211392961254,0.00729080137815,-0.00452943307843,-0.00744714922722,-0.00303827330173
2020-01-14,-0.00151568099862,-0.00152564980479,0.000786617262218,-0.0135952325158,0.00990976152146,-0.00810407188168,-0.00089194198899,0.00513100404262
2020-01-15,0.00186845032939,0.00225715208102,-0.00137164456011,-0.00429459730719,0.00104355252273,-0.0118681036972,0.00581729056961,0.00660970139504
2020-01-16,0.00833174756372,0.00828399940494,0.00106363721788,0.0124486323526,0.00104246206127,0.00431325085281,-0.00157073624282,-0.00315524526279
2020-01-17,0.00385472306869,0.00310782995771,0.010163464821,0.0110096479485,0.0164190157368,-0.00585807158721,0.00184372342167,-0.00858546017487
2020-01-21,-0.00265550033209,-0.00196018276824,-0.00901155116944,-0.00679952220629,-0.0326416045734,-0.00807294353402,0.00109097921759,0.0104509720731
2020-01-22,0.000289034315502,0.000120753130547,-0.00580748758229,0.00356313371965,-0.00353603243785,-0.00656862908316,0.000340598922249,0.00350732431378
2020-01-23,0.00114032617456,0.00114629248605,-0.00654107200059,0.00480411725637,-0.027533444873,-0.0100929376575,0.00224560002823,0.0069772819916
2020-01-24,-0.00908328931731,-0.00893317055205,0.00874788992357,-0.00288619395653,0.0105041256735,0.00137310778753,0.00582855615652,0.00805618415354
2020-01-27,-0.0158557523891,-0.0161588028902,-0.0271297788034,-0.0298460810797,-0.0374446481645,-0.0272757953576,0.00680212069182,0.0154347302813
2020-01-28,0.010003383371,0.0104244229788,0.0106542117588,0.027896422618,0.0270618096654,0.0078844368228,-0.00896686243827,-0.00786195930462
2020-01-29,-0.00086725017706,-0.000826148535887,0.00489370940138,0.0207165632822,-0.0107370043277,-0.00636760356582,0.00540324811987,0.00973119342195
2020-01-30,0.00312945700192,0.00323982306099,-0.0140566287567,-0.00145020540027,-0.0215757033477,-0.0276635118153,6.73155271245e-05,0.000138540682331
2020-01-31,-0.0178644433927,-0.0183247804133,-0.011205727883,-0.045352121372,-0.00906563427796,-0.0174035490288,0.00577571109506,0.00908904788678
2020-02-03,0.00722842565438,0.00740101713069,0.00449700219177,-0.00274972161221,0.00366125744198,-0.00875966448325,-0.00651687610058,-0.000811057749977
2020-02-04,0.0148693159122,0.0151264703814,0.0174280204476,0.0324802546991,0.0343132844324,0.023488117812,-0.013094308599,-0.0135581174022
2020-02-05,0.011187778504,0.0114818834774,0.00844773438422,0.00812136131077,0.0106590532898,0.0140745390813,0.00122855600824,-0.0109951283849
2020-02-06,0.0033201550901,0.00335893677975,0.00877951702939,0.011628722456,0.00732235903509,0.0101824568014,0.00537393227868,0.00449637470767
2020-02-07,-0.00541549090195,-0.00534379070181,-0.0013971206741,-0.0136857250916,-0.00985571517279,-0.0140415144811,0.0026423608123,0.0124010323264
2020-02-10,0.00729969013442,0.00743742473377,-0.00233783205634,0.00473868395004,-0.000966779495522,-0.0152503194212,0.00256794986066,0.00276598286423
2020-02-11,0.00168704865337,0.00173161622324,0.00647698245483,-0.0060517400522,-0.00290603795979,0.00926705226942,-0.00344788900236,-0.0050534753884
2020-02-12,0.00644185305434,0.00642226209097,0.00821917635599,0.0234701931041,0.029510706685,0.0109422912934,-0.000813082708884,-0.00507829946436
2020-02-13,-0.00163177642954,-0.00106751520651,-0.00190030659067,-0.00714692917661,-0.00744464729939,-0.00198077856496,0.00567730644725,0.00382861874571
2020-02-14,0.00184183618654,0.00160079864852,-0.00391203920918,0.000246303263879,-0.0157806256189,-0.00319913594598,0.00416972148682,0.00436812318202
2020-02-18,-0.00292421397233,-0.00258046469075,-0.00206665064738,-0.0184800156127,-0.0148095273676,-0.0123410502229,0.0127373531909,0.00682488881382
2020-02-19,0.00469474820131,0.0047698295697,0.00894485605598,0.0143789345768,0.0246418555492,0.00791116728885,0.0058142813861,-6.8315064185e-05
2020-02-20,-0.00382281746544,-0.0041163137923,-0.00804050301034,-0.0103120860041,-0.0223210167989,-0.00668156972922,0.00407634362033,0.00780270156282
2020-02-21,-0.0105738090939,-0.0103519306307,-0.0053886230392,-0.0228950140541,-0.0130173107834,-0.0102193925511,0.0149134540439,0.00929714191315
2020-02-24,-0.0340880792897,-0.0337278016124,-0.0402453805426,-0.0486656060766,-0.0477217103614,-0.0492814114692,0.00894500015743,0.0148187060923
2020-02-25,-0.0307479044862,-0.0307704870001,-0.0195603061754,-0.0344592065299,-0.0146272072796,-0.0246094848784,-0.0180359328968,0.00530992695527
2020-02-26,-0.00378569720814,-0.00368491174836,0.000857009987688,0.0157392601295,0.0135896263935,-0.00231204683017,0.00436097928936,-0.00530992695527
2020-02-27,-0.045168136409,-0.0459520847076,-0.0338041441931,-0.0676026895406,-0.040794963921,-0.0338217028488,0.00019481767703,0.0107896094713
2020-02-28,-0.00827246308784,-0.00421029830978,-0.0343748056714,-0.000585451845069,0.00270018061601,-0.0333108119703,-0.037176017955,0.0223321951125
2020-03-02,0.0450108685172,0.0423952733147,0.00443845248034,0.0890185912695,0.0140573713369,0.0185860125174,0.00551108320378,-0.00738419728972
2020-03-03,-0.0285104848337,-0.0290507066908,0.0111218870303,-0.0322744064426,0.00331793099243,0.00561102344795,0.0309503873152,0.0154062873831
2020-03-04,0.0413363493632,0.0411740290722,0.0132106946679,0.0453409586822,0.0205895970815,0.0157701630443,0.00175299507557,-0.0106754179787
2020-03-05,-0.0345107825144,-0.0338069740763,-0.0191748222196,-0.0329750187548,-0.0280371502866,-0.0226606996334,0.0213709458814,0.0245867723711
2020-03-06,-0.0172009435811,-0.016669126245,-0.0422893101223,-0.0133688977144,-0.0386495848636,-0.0498789505878,0.000380891310321,0.0507352701067
2020-03-09,-0.0790104127294,-0.0813125121484,-0.0876357801119,-0.0823952288416,-0.0640301206672,-0.181622269225,0.00164887784172,0.0267422609908
2020-03-10,0.0482150521153,0.0504505904124,-0.0152606397317,0.0695460364882,-0.00951256322951,0.0171219036764,-0.0213271528596,-0.0526187568314
2020-03-11,-0.0501028925776,-0.0499770061257,-0.00570138074858,-0.0353476551108,-0.0139861959614,-0.0176060296479,-0.00356670408017,-0.0374916471818
2020-03-12,-0.0999448523008,-0.10056860301,-0.130983491129,-0.103977878321,-0.0907770271674,-0.160251308394,-0.0407056082848,0.00617767118183
2020-03-13,0.0888084069521,0.0820278866589,0.0181563982535,0.113157386652,0.043485048672,-0.0135486842493,-0.0309915490889,-0.0228624400416
2020-03-16,-0.127652197567,-0.11588632474,-0.0592436311287,-0.13770805805,-0.0565047955092,-0.0671420791277,-0.0115121305896,0.0627544942311
2020-03-17,0.0582263123965,0.0525846993617,0.0280258925067,0.0430309425436,0.0448460932092,0.0329423215813,0.0134644321644,-0.0690103455486
2020-03-18,-0.0532222720281,-0.0519596178828,-0.0611915560839,-0.024784630191,-0.0778096862225,-0.143177145632,-0.0201231095496,-0.0580662546106
2020-03-19,0.00469676100215,0.00212267295916,0.0264550023997,-0.00769150444774,0.0240192664961,0.0318346215201,-0.0190864952785,0.026861353335
2020-03-20,-0.0443276241742,-0.0440502714891,0.0489198527292,-0.0655903406295,0.0529870929351,0.105360755667,0.0148843880005,0.0725025446856
2020-03-23,-0.0297315012174,-0.0259007026661,-0.0337814692482,-0.0214732721047,0.00128503200195,0.0582684077269,0.0432314930115,0.0403835583122
2020-03-24,0.0896832326205,0.0867310121128,0.0805608212198,0.0956061779603,0.0853643651863,0.139762193411,0.0473895212878,-0.0187900976744
2020-03-25,0.011468990636,0.0148594037268,0.0437186876979,-0.00552398033349,0.0693367266319,0.0750450268587,-0.0137842091973,-0.00227393592002
2020-03-26,0.0605438307735,0.0567484985254,0.024796672047,0.0512850705472,0.000550154396648,0.00455599587044,0.0127407118385,0.00490937024011
2020-03-27,-0.0342678452882,-0.0302381803728,-0.0431968957753,-0.0422838057585,-0.0625423619908,-0.0229896408511,-0.006481445871,0.0263431467167
2020-03-30,0.0329665903223,0.0319592667561,0.00619006146054,0.0281383285112,0.0241462076178,0.0614254680466,0.00439098915947,-0.00826301476019
2020-03-31,-0.0161423106152,-0.0150173819105,0.00401392990453,-0.00204279465376,-0.0335566620681,0.0527965261066,-0.0323648209385,-0.00815002459385
2020-04-01,-0.0451463627751,-0.0460490913118,-0.0439154539493,-0.0540519225395,-0.0416288546483,-0.00538292399141,0.00941179384532,0.0139132882545
2020-04-02,0.0225726569209,0.0228131995904,0.00325567471133,0.0165488701581,0.00215397552755,0.030220112321,0.0162605014457,0.00632585475756
2020-04-03,-0.015252860828,-0.0145596398034,-0.0158512221483,-0.0144753636005,-0.000922729308007,-0.078826097325,0.00492530977323,0.00237638643884
2020-04-06,0.0679682444179,0.0650065435551,0.0450767674272,0.0836396538139,0.044231131616,0.00846406894539,0.0273335338843,-0.00261450624632
2020-04-07,-0.00160433922441,0.00101932995373,0.0209765390142,-0.011649648287,0.0138839944269,0.0132198591364,-0.00536887398142,-0.0105275886523
2020-04-08,0.033489371062,0.0330168507389,0.00100888870195,0.0252727814061,-0.00378056631241,-0.011299695507,-0.00894787944437,-0.00730228007704
2020-04-09,0.0143834703453,0.0151027210386,0.0143249292539,0.00719025865754,0.0121634264073,-0.00755477772573,0.0257881658441,0.00181509732913
2020-04-14,0.0199585003992,0.0198943536109,0.0037782153029,0.0687066923256,0.0131542744734,-0.0291185937613,0.0248324118318,-0.00941625204377
2020-04-15,-0.0222767329667,-0.0214767820989,-0.0383459971944,-0.00916916204397,-0.0288203716588,-0.0623773836352,-0.00511502056615,0.0261454228029
2020-04-16,0.00579983805251,0.00481236664546,-0.000818039551736,0.00791412798842,0.00233637734559,-0.0220766005189,-0.000865366566397,0.0112926809
2020-04-17,0.0264409321013,0.0266570480957,0.0336446586672,-0.0136617419032,0.0433858049735,0.0329347843907,-0.0196084705312,-0.013495649967
2020-04-20,-0.0180428457954,-0.0177747562404,0.00648922949932,-0.0209749378772,0.00682034090252,-0.00484713333196,0.00710085608973,0.00801343431169
2020-04-21,-0.0311551150491,-0.0308340107386,-0.0384572402163,-0.0313982868445,-0.0294201416771,-0.0386379196981,-0.0068486712155,0.0125120191117
2020-04-22,0.0226713005788,0.0219517188833,0.0123934154042,0.0283964780533,0.00980889288794,0.0465429632426,0.0194798881789,-0.0102690814277
2020-04-23,-0.000539567743888,-7.13778054568e-05,0.00884606478527,-0.0038828133645,-0.0136734383457,0.0410853060108,0.00990564004223,0.00529479385311
2020-04-24,0.0138220904228,0.0138423044147,-0.0130436245943,0.0284606981067,-0.022626313758,-0.017423907506,-0.00429473026979,0.00234358455477
2020-04-27,0.0146068681015,0.0143154440564,0.0251603856677,0.000706449731493,0.0292015008785,0.0121667021451,-0.00666258485563,-0.0187890209072
2020-04-28,-0.0052561698803,-0.00460916972239,0.0142217094175,-0.0163421341114,0.0170918252866,0.0167581239195,-0.00446652115627,0.0114452978018
2020-04-29,0.0262367039775,0.0258418409827,0.0219294409499,0.0323175042977,0.00781262871953,0.0307758648906,0.00551819623947,-0.00520223464011
2020-04-30,-0.00925514327539,-0.00935424119511,-0.0214065477446,0.0208766254868,-0.0206394993507,-0.0291003623855,-0.0182826856944,-0.0117456720387
2020-05-04,-0.0242193886418,-0.0240759360983,-0.043345625173,-0.00218095310787,-0.040237037338,-0.0745529051868,0.00965096796309,0.00381168917235
2020-05-05,0.0089999351386,0.00919679519747,0.0236769085366,0.0148974054667,0.011599797044,0.0763778586186,0.00423207004565,-0.00642176500848
2020-05-06,-0.00700388021353,-0.00680156867281,-0.0111591906643,0.010264082453,-0.0179706336701,-0.0218100349396,-0.0129389372305,-0.0162669821729
2020-05-07,0.01143895557,0.0119946255995,0.015235086051,0.0102921721607,0.0268365262878,0.011425219076,0.0152341213686,0.0165684876137
2020-05-08,0.0167307952649,0.0164111214429,0.0106508065855,0.0235229534424,0.0192037231424,0.0126611672065,-0.00602842638006,-0.0130866274329
2020-05-11,0.000133069169484,0.000204844307343,-0.0131463928573,0.0156124343478,-0.00955581258682,-0.0183577546082,-0.00625314701721,-0.00783638775734
2020-05-12,-0.0207133656987,-0.020133018484,-0.00395420980774,-0.0114936799541,-0.00589280955007,-0.00216379044331,0.00388152379567,0.0102123635155
2020-05-13,-0.017616996559,-0.0178441498615,-0.0289332403498,-0.0121476648922,-0.0346127235737,-0.038645092505,0.00957664817936,0.00697193278525
2020-05-14,0.0114589178041,0.0118967190227,-0.0166677436423,0.00612453135692,-0.0121614339491,-0.00904691747143,0.0088111295159,0.00973996413944
2020-05-15,0.0039186751437,0.00458608553215,0.00105253814599,-0.00592941477401,-0.00226866651888,0.00162144024034,0.00562794679198,-0.00257617281889
2020-05-18,0.0310152087931,0.0300049702572,0.050309314597,0.023287679816,0.0582264231612,0.0714310369414,-0.00759290292281,-0.0221987833348
2020-05-19,-0.0105397478136,-0.0103242753326,-0.00897224530617,-0.00579504634935,0.0210592118177,-0.00574875185503,0.0096039460581,0.0037337899729
2020-05-20,0.0165139906104,0.0168453945169,0.00866989607635,0.0192614320087,0.0118181357731,0.0125141740032,0.00237146450894,0.00298910422677
2020-05-21,-0.0078039680885,-0.00692794639502,-0.0115249108697,-0.00748347114858,-0.00526605175941,-0.0181438437494,-0.0146836167972,0.00249519712012
2020-05-22,0.00235094554917,0.00189741158772,-0.000200255337743,0.00641763936631,-0.0127249165677,-0.0030565091136,0.00589940246793,0.00599806014122
2020-05-26,0.0122142852363,0.0122452916275,0.0357310670761,-0.00679654613385,0.0280302670069,0.0213502209301,-0.0143168626046,-0.0135008216136
2020-05-27,0.0147184473954,0.014769339907,0.0177519827634,0.0043478219203,0.0228619810632,0.019729157599,0.00180081401914,-0.00183847811092
2020-05-28,-0.00211013954139,-0.00184690114596,0.0174737562213,0.000439706518712,0.0340529624071,0.00819189132481,0.00334474148944,-0.00368689530575
2020-05-29,0.00480079384047,0.00444633650033,-0.0160458833515,-0.000974265634433,-0.0309817319131,-0.0204584098298,0.00733147467541,0.0071163995135
2020-06-01,0.00374421619152,0.00403338131817,0.0142396738102,0.0122227916847,0.0103464107712,0.0269930899689,0.00459320390864,-0.00675511859923
2020-06-02,0.00817730731915,0.00824593923391,0.0199950393091,0.00461886480742,0.0158409610025,0.0285366139511,-0.00649789552607,-0.00364292091498
2020-06-03,0.0135566708692,0.0132206030588,0.0330773760991,0.0054896358913,0.0218406989024,0.0244556287822,-0.0186225114044,-0.0133859631898
2020-06-04,-0.00337438891312,-0.0026300017856,-0.00207285902953,-0.0086492423555,-0.008678894417,-0.00854682492442,0.0104712560729,-0.0145846312066
2020-06-05,0.0258740128237,0.0253066114117,0.03640250014,0.0280826880593,0.0357582755415,0.0596550678914,-0.0204836881628,-0.00714941114287
2020-06-08,0.0119696564238,0.0120148567477,-0.004293721693,0.00589519813474,-0.0203665960458,0.0133445043608,0.0107639979361,0.00383592364886
2020-06-09,-0.00782974343818,-0.00748454388694,-0.0156585917125,0.0310894600836,-0.00202184439362,-0.0300478553824,0.00959564979507,0.0112944516843
2020-06-10,-0.00532725571499,-0.00559567163292,-0.00821600298728,0.0254023826264,0.00781147383724,-0.0183368340248,0.0142231378145,0.0147187924795
2020-06-11,-0.060752693014,-0.0593776090847,-0.0482045579305,-0.0492010676885,-0.0602637596144,-0.0638633995784,-0.00724023274659,0.0187246194251
2020-06-12,0.0129762866243,0.011905114699,0.00490109969353,0.0085965830253,0.0107391896105,0.0105987904585,0.00141531671418,-0.00968809556
2020-06-15,0.00827786072026,0.00929182119425,-0.00487615669588,0.0122913173017,-0.0205175985491,-0.0116072613007,-0.00178484738983,0.000554455977071
2020-06-16,0.018784852756,0.0190649139161,0.0279988035272,0.0261568673617,0.0143003462399,0.0323341805848,-0.000492957059136,-0.0154526439007
2020-06-17,-0.0036067962329,-0.00416215480234,0.00874721552199,-0.00139272546045,0.00621725230925,0.00320450446237,0.00190879650277,0.00411968694117
2020-06-18,0.000594043514188,0.000384609074638,-0.00747793762974,0.000398208533677,-0.00489133428681,-0.00739981365212,-0.00197040086561,0.0105318251908
2020-06-19,-0.00566551367644,-0.00573132800043,0.0041657894849,-0.00573117547361,0.00726236874951,0.000280312320455,0.0109725806066,0.000801131768702
2020-06-22,0.00647409323701,0.0063946981792,-0.00619452710136,0.0258274812682,-0.00303053888596,-0.00717059374564,0.00644142368262,0.000123355167369
2020-06-23,0.00429816930683,0.00459329747387,0.0138427553304,0.0211201941771,0.0305396888857,0.0209449787426,0.0083844025479,-0.00685855426425
2020-06-24,-0.0261952656167,-0.0258399289128,-0.0295945797951,-0.017809848827,-0.0240943465833,-0.0352987966107,-0.00348999702844,0.010668167786
2020-06-25,0.0108998278452,0.0106634072326,0.00964675605293,0.0131883176357,0.00653407011499,0.00798424685107,-0.000602900234749,0.00287856696918
2020-06-26,-0.0245252042937,-0.0240379755622,-0.00181923955103,-0.0312074716547,0.00998019382327,-0.001847982452,0.00445321798044,0.0106472875008
2020-06-29,0.0145788879797,0.0145904338576,0.00726932885098,0.022784920159,0.00463189640301,0.00246306565949,0.000540336781405,-0.00315153038051
2020-06-30,0.0152923494924,0.0127280662362,-0.00191666804207,0.00831316834151,0.00256413302092,-0.0167824854723,0.00443108509448,-0.00486859339776
2020-07-01,0.00500956386063,0.00698056564759,-0.00183521435913,-0.00189369919625,0.00281297487948,0.00543038360871,-0.00449116011325,-0.00194401414818
2020-07-02,0.00453097068709,0.00549169736793,0.0245473465849,0,0.0258379201539,0.0198542271139,0.00215828027253,0.0010395307149
2020-07-06,0.0157569308506,0.0153195240585,0.00634297516555,0.0263992500945,0.00533596736129,0.00686417551436,0.00597088007423,-0.00410415747193
2020-07-07,-0.0108774780773,-0.010367262338,-0.00746253170795,-0.00310804714766,0.00310948954511,-0.011466484573,0.00629043101236,0.0139583842472
2020-07-08,0.00779698624953,0.00761950301599,-0.0124891343206,0.0230230466048,-0.00710354567486,-0.0117452049531,0.00619235331156,-0.00400319082173
2020-07-09,-0.00565959129351,-0.0057087310928,-0.0121430030009,0.00429104060115,0.00287235846752,-0.0332177232792,-0.00270806122549,0.0157971362735
2020-07-10,0.0104118097003,0.0101579982329,0.0100026644603,0.00174763955023,-0.000623691558813,0.00481349964761,-0.00259726839181,-0.00503776192375
2020-07-13,-0.00940664510235,-0.00869641760701,0.0171047314626,-0.00462380024409,0.0189116054673,0.0116366727808,0.00124039120709,0.00330142500337
2020-07-14,0.0133173006354,0.0128759072236,-0.00969234964113,0.0164131210639,-0.00910227813853,0.00988860971275,0.00465272495933,0.00143664807783
2020-07-15,0.00904105691567,0.00914539281494,0.0200709790463,0.00685384384681,0.0181223678183,0.00833675763083,0.000880944472331,-0.00467831165502
2020-07-16,-0.00341191545178,-0.0032990908182,-0.00464972214678,-0.0123812821135,-0.00951008448462,0.00276304366584,-0.00949663572676,0.00473834951939
2020-07-17,0.00284456255398,0.00289457409959,-0.00312365236851,-0.00202224674655,0.00513205568727,-0.0175828130524,0.00820426049068,-0.00209584989895
2020-07-20,0.00837179743414,0.00804939551964,0.00467602721045,0.0208549228271,0.00619647477968,-0.0184995298119,0.00480858844347,0.00245507989598
2020-07-21,0.00167762935369,0.00212528928485,0.00217693688937,-0.0138977696715,-0.00692794363713,0.0164278033286,0.0119789650599,0.000597586429361
2020-07-22,0.00573063068479,0.00567583690176,-0.0132448479386,0.00280529949566,-0.0146203300605,-0.0319060550771,0.0150879434048,0.00298480684532
2020-07-23,-0.0123963785891,-0.0120034291597,-0.000667340125937,-0.0465850442699,-0.000990789473834,-0.00505973462403,0.00878658757346,0.0116135307803
2020-07-24,-0.00620963993216,-0.00646103448267,-0.0154814142544,-0.0024804376023,-0.0112121253343,0.00368227983324,0.00854227990143,-5.89968125704e-05
2020-07-27,0.00736792872941,0.00726577511805,-0.00339733018135,0.0234241822643,0.00574652258933,-0.00799524359222,0.0195611981702,-0.00371836020728
2020-07-28,-0.00649443551111,-0.00636233452918,-0.00216448602571,-0.0165641671683,-0.0415853983767,0.0004630638445,0.00830653454527,0.0068948719302
2020-07-29,0.0123517833533,0.0122235380801,0.00602778057202,0.0189869209867,0.00543919223868,0.00138772884711,0.00748216991619,-0.00170481122015
2020-07-30,-0.00375730154733,-0.00357421862481,-0.0215670286939,0.0120275506457,-0.034957603389,-0.0161544571454,-0.00742777683769,0.00656693355563
2020-07-31,0.0076412360934,0.00787106380855,-0.0143724918185,0.0995635927225,-0.0191742912978,-0.0199277963028,0.00904688341776,-0.00064237785822
2020-08-03,0.00715536259363,0.00692828104324,0.019098688698,0.0248850937063,0.0150193552136,0.0345403567755,0.00113189439701,-0.0050482353079
2020-08-04,0.00360542322507,0.00385508802444,0.00278325166788,0.00665632130031,-0.00174735088355,0.024391384047,0.0210545157296,0.00948684186389
2020-08-05,0.0064091605055,0.00619139706715,0.00892206858082,0.00361803725672,0.0119027566885,0.0190936654806,0.00924041851208,-0.00878131048136
2020-08-06,0.00640712584715,0.00666250505652,-0.00982033856261,0.034294209826,-0.00559953580255,-0.0237734235909,0.0131867395575,0.00557060467132
2020-08-07,0.000632829214028,0.00071775716401,0.000898269981792,-0.0229979802901,0,-0.00759412088185,-0.0160128247247,-0.00668802112835
2020-08-10,0.00273846545032,0.00298450115471,0.00407994957983,0.0144302489169,-0.00657215255379,0.0134780411714,-0.00346495524039,-0.00448362708483
2020-08-11,-0.00800105561158,-0.00828867562496,0.0238462555733,-0.0301911615906,0.02956785425,0.028178982932,-0.0551897297164,-0.0119562154249
2020-08-12,0.0138995025172,0.0138457057197,0.00897312776966,0.0326939927199,0.0219676298986,0.00670478877785,-0.00467913053629,-0.00913743303673
2020-08-13,-0.00204927267132,-0.00180939493088,-0.00611530653243,0.017542791118,0,-0.0125715391937,0.0233434759167,-0.0107469887103
2020-08-14,-0.000171897400893,2.97102375638e-05,-0.0158818420439,-0.000891537725644,-0.0132521604162,-0.0145207762421,-0.00431852974325,-0.00391465103627
2020-08-17,0.00270617733621,0.00317165978112,0.00181376653421,-0.00261441327272,0.00439413635247,-0.00628840871753,0.0214619503429,0.00250956275104
2020-08-18,0.00230074040154,0.0021581193655,-0.00683754066515,0.00829836403422,-0.00439413635247,-0.0146763580127,0.00896767529632,0.00712678352072
2020-08-19,-0.00441412315575,-0.00417251488559,0.00790095390274,0.00125394584907,0.00297460092794,0.0083481548352,-0.032074387245,-0.00627107006178
2020-08-20,0.00315365473572,0.00310853383808,-0.0133470039755,0.0219469449724,-0.00999313243121,-0.0170737186402,0.00689014035941,0.00899836607333
2020-08-21,0.00343519988155,0.0035410999501,-0.00304054256306,0.0502485955034,0.00546324733731,-0.0049321614543,-0.00804316433042,0.00597456258649
2020-08-24,0.00999361531058,0.0100823219693,0.0225287352275,0.0118889799773,0.0205424660581,0.0383466998025,-0.00567447189838,-0.00162584285345
2020-08-25,0.00358989977761,0.00349326876566,7.58540187511e-05,-0.00823716543667,0.00910825469816,-0.0109142778489,0.00121473704624,-0.00768402024585
2020-08-26,0.0101440012645,0.00997545912887,0.00798678864791,0.0135071518496,0.0148742660464,0.00315228575048,0.0117396706681,-0.0038327571613
2020-08-27,0.00167164621588,0.00218430482477,-0.00645047340924,-0.012026426011,-0.00497512520071,-0.00255104461159,-0.0116292915935,-0.0171546841231
2020-08-28,0.00671000286706,0.00643869768254,-0.00260113747781,-0.00162093265599,-0.0116636690153,0.000600533914873,0.0172309269071,-0.000744979508838
2020-08-31,-0.00219737512626,-0.00362903374786,-0.0111998817245,0.0333496896381,-0.00899715514389,-0.00602402275931,0.00238342022156,0.00661929316736
2020-09-01,0.00749683120717,0.00937432662959,-0.00184518443487,0.0390595795607,0.00987989543433,-0.00454187533929,0.00118958052866,0.0113725780627
2020-09-02,0.0152490502719,0.014360448846,0.0187852335742,-0.0209356250121,0.0262466964704,0.0102657843632,-0.0132186112351,0.00947556967103
2020-09-03,-0.0357575940551,-0.035020251007,-0.00442578913562,-0.0834480798157,0.00282005361966,-0.00240593566331,-0.00813725638273,0.00283718264792
2020-09-04,-0.00816628085362,-0.00819831257613,-0.00891274547507,0.000661654027564,-0.0136829447146,-0.00740474048918,0.00275649329814,-0.0191710465495
2020-09-08,-0.0281488290719,-0.0277030732643,0.00170048229555,-0.0696661237176,0.0038401154346,-0.0188324625025,-0.00192878029495,0.00612605041045
2020-09-09,0.0199447606477,0.0195548099548,0.013869330291,0.0391114951773,-0.000865839925964,0.0119837753049,0.0096614355258,-0.00269068652506
2020-09-10,-0.0177412460654,-0.017516533478,-0.00378464224735,-0.0331905999946,0.000742313986311,-0.000152854146805,-0.00322834667331,0.00506924572625
2020-09-11,0.000532930368608,0.000509217240831,0.00203020344642,-0.0132157893983,0.02984560638,-0.00674341550628,-5.48628423051e-05,0.00213061802518
2020-09-14,0.0126613349177,0.0130852351344,0.00351769365076,0.0295587931181,0.00872323699707,-0.0151845176839,0.00786160087513,-6.09790111993e-05
2020-09-15,0.00520578589844,0.00503969056257,0.00317205685967,0.00155933291046,0.00888376491249,0.00901447626504,-0.00239561286667,-0.00243497729492
2020-09-16,-0.00462964691085,-0.00397647378939,0.00127973237425,-0.0299579736371,0.00505774299802,-0.00387560843705,0.0028305718253,-0.0029917694688
2020-09-17,-0.00844794938951,-0.00883403587721,-0.00690534649844,-0.01609262101,-0.0145364657439,-0.0205578801104,-0.00550511829911,0.00305288976189
2020-09-18,-0.0112455769282,-0.0115797586935,-0.0122424730668,-0.0322341972925,-0.014750978867,-0.0135685841039,0.00131084789023,-0.00311340513892
2020-09-21,-0.0116385639929,-0.0111917808297,-0.0381081815838,0.02987513677,-0.04522664874,-0.0453725633409,-0.0202917912485,0.00506112216802
2020-09-22,0.0104630161662,0.0101329058324,-0.00401473327926,0.0155938093479,-0.0114417938187,0.00703886147118,-0.00485809373178,-0.000790891221616
2020-09-23,-0.0240073387674,-0.0234640397557,0.00614510882993,-0.0428513106252,0.0228791731467,-0.00804874001371,-0.0218433375853,0.00133830850627
2020-09-24,0.0029830055497,0.00266189448752,-0.0082886301608,0.0102164552421,0.0042399854935,-0.022989368258,0.0037119022106,0.00382278354285
2020-09-25,0.0158504392094,0.0160376366385,-0.00694461025528,0.0368295602777,-0.00398998564593,-0.010810959246,-0.00285404608534,0
2020-09-28,0.0159821919375,0.016473014648,0.0237367652675,0.0235885657982,0.0141420925609,0.0260301920672,0.0100102929235,-0.00285043294562
2020-09-29,-0.004824282718,-0.00546117599273,-0.00231520570512,-0.00759688402526,0.00992865345465,-0.0164540197098,0.00839704561558,0.00115327170762
2020-09-30,0.00821984247937,0.00755339065813,-0.00594259524451,0.0149634322039,-0.026071897602,0.0302473170757,-0.00602296723242,-0.00963101850764
2020-10-01,0.00527894961513,0.00639967415493,0.00427944373426,0.00842664708389,0.0254619027024,-0.0246152854022,0.00888096464659,0.00164784531593
2020-10-02,-0.00962381287988,-0.00953974200792,0.000174080417064,-0.0328128466246,-0.00501633949332,-0.00987665793783,-0.000895778833155,-0.00374145764195
2020-10-05,0.0178131090664,0.0175776395266,0.00969203121394,0.030326518859,0.0119483311748,0.0226067099786,0.00486108518228,-0.0197320112445
2020-10-06,-0.0140720644,-0.0143181237506,0.00483036606298,-0.0290885510286,-0.00327751271122,0.0227847142458,-0.011830481726,0.00537518918432
2020-10-07,0.0172471635631,0.0172569289136,-0.0027532650722,0.0168248230188,-0.00109503126204,-0.0119270775928,-0.000451325738776,-0.00732028365105
2020-10-08,0.00797821297741,0.00882351090709,0.00611399180421,-0.000956312474133,-0.00868027779991,0.0110798280423,0.0035486278689,0.00538527910434
2020-10-09,0.00875509533835,0.0088904207685,0.00707397254448,0.0172462170159,0.0114762514412,0.0153086036035,0.0179984014818,-0.000186920123345
2020-10-12,0.016282530121,0.0159596113125,0.00654438210432,0.0615846745636,0.0152986103032,-0.00905607888727,-0.00287581217997,0.00318091106025
2020-10-13,-0.00632689161083,-0.00654733632468,-0.00638271441525,-0.0268854306906,-0.00359268591271,-0.0159624904553,-0.0158538377381,0.0071345292442
2020-10-14,-0.00664517215056,-0.00630366867565,-0.00120326529793,0.000742942008758,-0.0109778334426,-0.00136986230332,0.00308999370711,0.00228524036324
2020-10-15,-0.00152892351864,-0.00123637399261,-0.0213198340834,-0.00396859421153,-0.0225722414705,-0.0332872184663,0.00363948998482,-0.00172885753312
2020-10-16,0.000134910541842,-0.000604364975596,0.0201453907706,-0.01409953232,0.0708770892419,0.00847011449928,-0.0034712256918,-0.00278443055442
2020-10-19,-0.0164646635951,-0.0153203021857,0.00136868325269,-0.0258737494088,-0.000693821917376,-0.00864724266459,0.000504617462811,-0.00378721513269
2020-10-20,0.00471619522907,0.00399779312076,-0.0027026895031,0.0131056751286,-0.00486957266484,0.000708673444739,0.00480932032225,-0.00956109975914
2020-10-21,-0.00219811383887,-0.00189471403119,-0.0154000425054,-0.00546121977458,-0.00559436041279,-0.0162490978669,0.00750319472575,-0.00345982515744
2020-10-22,0.00520535381738,0.00547018888591,-0.00052967019966,-0.00962958101578,-0.00140355259841,-0.0055961857835,-0.00984902912173,-0.010450935904
2020-10-23,0.00343983851,0.00338959982427,0.0119374708248,-0.00615279171654,0.00187088712353,0.0165174745068,-0.0010630431497,0.00609381795375
2020-10-26,-0.0187644730198,-0.0186529607605,-0.0192319983341,8.72419931505e-05,-0.0147103413047,-0.0371855582849,-0.000503911091578,0.00925972489231
2020-10-27,-0.00303020533175,-0.0034532353896,-0.0179038883032,0.0133820147629,-0.00689999861792,-0.0326853867905,0.00262886294419,0.00668721008606
2020-10-28,-0.0359255423053,-0.0347765016691,-0.0343064835682,-0.0474187036354,-0.0406876789011,-0.0355684015111,-0.0162751666543,0.000934435337864
2020-10-29,0.0118765249033,0.0101118619363,-0.000317301897534,0.0363805278999,0.00409447203506,-0.00555578469125,-0.00415334140177,-0.00975541247711
2020-10-30,-0.0122037132987,-0.0104796180809,0.0053624207264,-0.0576481948281,-0.0037215756645,0.0270868282992,0.00455065074542,-0.00991439625155
2020-11-02,0.0122429508007,0.0111460633447,0.0208722565973,-0.000827211331882,0.00829269345877,0.0480155287692,0.00965813045399,0.00746243398926
2020-11-03,0.0176427377224,0.0175019789281,0.0241083044611,0.0152368438245,0.00810218726971,0.0242511477862,0.00566094045651,-0.00581850179096
2020-11-04,0.0218075255696,0.0221032283524,0.024103694044,0.0400249318999,0.0309383303802,0.00521083115269,-0.000559014933786,0.0214609053353
2020-11-05,0.0192732658457,0.0193150799694,0.01234317102,0.0348783415839,0.0348297192095,-0.014259006367,0.0227237752845,0.00173605817929
2020-11-06,-0.000287756652172,-0.000228462358483,-0.00464770124273,-0.00113681961634,-0.00286612530003,0.00453427032376,0.00142034877779,-0.0121579020132
2020-11-09,0.0116319748621,0.012487373959,0.0729531230785,-0.0201701066238,0.0737879944628,0.140406997774,-0.045280852769,-0.0212392008979
2020-11-10,-0.0014007753046,-0.00146790508773,0.0153695563187,-0.00301347312917,0.0109243841569,0.0388637878447,0.00330730751419,-0.00578408521297
2020-11-11,0.00762272841611,0.00740118347426,0.00483051580475,0.029900964765,0.0278778601184,-0.0170865000014,-0.004335983541,0.00360324251999
2020-11-12,-0.0100286514502,-0.0097480454863,-0.0152930110102,-0.00234565603498,-0.0303069372125,-0.00896450155774,0.00604238854305,0.0168744755886
2020-11-13,0.0135185465441,0.0137494174401,0.00327483754194,0.0004192579305,-0.00657764041575,0.0135698420159,0.00679656537117,-0.00132675863141
2020-11-16,0.0115807349886,0.0124052837102,0.0168310004058,0.00868258557589,0.0159445565583,0.0475569266195,-5.65041915789e-05,-0.00240507034431
2020-11-17,-0.00480344383674,-0.00539271754571,0.00210325351231,-0.00759325578092,-0.0048302176393,0.0116162779647,-0.00367592106853,0.00650612737805
2020-11-18,-0.0116312105828,-0.0121079896002,0.00517538539857,-0.0114565787438,0.0232022691349,0.00389012641086,-0.00573878665618,0.00289287802636
2020-11-19,0.0039386756559,0.00420133770713,-0.00669758000793,0.00515485997342,0.00512936156835,-0.0191645171799,-0.00188222494771,0.00513457073527
2020-11-20,-0.00681573733814,-0.00687157717194,0.00387036327888,-0.0110178739726,0.00794946748785,0.0113688274127,0.00302122499119,0.00883116102656
2020-11-23,0.00562010822999,0.00597687892883,-0.000680782947856,-0.0301940780861,-0.000101553441176,0.0458874453698,-0.0198903201378,-0.00459233649363
2020-11-24,0.0160324587534,0.0159850163223,0.0119940990396,0.0115276585912,0.00476027368215,0.0550723810084,-0.0154470338539,-0.0100026369722
2020-11-25,-0.00158567482013,-0.00154273078767,0.00231275078717,0.00743937860667,-0.00131440082855,-0.0102715187782,-0.000471843135403,-0.00308296614739
2020-11-27,0.00239411121509,0.00278108129359,0.00481494438562,0.00481474203349,0.00363568094143,-0.0019873561685,-0.0101987368508,0.00965912104416
2020-11-30,-0.00460614067968,-0.00443703892179,-0.0143264670685,0.0208801257262,-0.0267662820386,-0.0510141360305,-0.00669735822847,-0.00124968969968
2020-12-01,0.0112081405629,0.010878001069,0.0113675552784,0.0303616542214,0.0324274240801,0.0139978366105,0.0208408617342,-0.0148541547507
2020-12-02,0.00178956463941,0.0021015084018,0.000245350999587,0.00292942617581,0.00221190374698,0.0104054019562,0.00749338478797,-0.00796792234583
2020-12-03,-0.000624352063209,-0.000272787647736,-0.00155052759218,-0.00113821622227,0.000301270636482,-0.00669635850917,0.00784266941604,0.00803174572503
2020-12-04,0.00879746358353,0.00858093882349,0.00622168745878,-0.00562825423385,-0.0116133705276,0.0330417051632,-0.00283945946232,-0.0147749593543
2020-12-07,-0.00193751337135,-0.00205700600421,-0.00639750426557,0.0121952076781,0.00294135414196,-0.0141617160477,0.014803945113,0.00898064570717
2020-12-08,0.00278327115324,0.00292192303182,-0.00228308059393,0.00507793459326,0.00151801735517,-0.00566720136675,0.0034818437627,0.00471410712325
2020-12-09,-0.00798096504632,-0.00900930573243,-0.00249383172882,-0.0211253552766,0.00715399903046,-0.00148969594365,-0.0172418064345,-0.00330986880505
2020-12-10,-0.00128593433621,-0.000327103490915,0.000510086204215,0.0119176596943,0.0060060674322,0.0206552309595,-0.00191488729946,0.00882415987508
2020-12-11,-0.00126579816089,-0.00117349531914,-0.00761500227146,-0.00675753070863,-0.00119833289764,-0.0172726689919,0.00185694359177,0.00353366589207
2020-12-14,-0.00436878832646,-0.00448702394723,0.00367727148916,-0.00516012898565,0.0174330364542,-0.0114102396076,-0.00552285800826,-0.00277518485862
2020-12-15,0.0128384820357,0.0134288032827,0.000446768232074,0.0488762254275,-0.00393533770291,-0.00109354165262,0.0138939889044,-0.00335330611092
2020-12-16,0.00177122570485,0.00156812520701,0.00313597157369,-0.000547339135145,-0.00434709334978,-0.00205346987089,0.0055039240594,-0.00266486507337
2020-12-17,0.00574114264929,0.00557632240054,0.000320764628235,0.00693902568357,-0.00416715123202,-0.00274479355568,0.0104654066608,-0.00264946129946
2020-12-18,-0.00351729685571,-0.00400085648604,-0.003903504434,-0.0159774286164,-0.00668375931848,-0.0109154579138,-0.00169886780796,-0.00300210099381
2020-12-21,-0.00391392842359,-0.00358199528076,-0.0246322841348,0.0123188768323,-0.018894013489,-0.0379433260154,-0.00317891383095,0.00395787653133
2020-12-22,-0.00207524466204,-0.00168663215551,0.0135395561994,0.0280670302349,0.00427481223782,0.00690258879,-0.00793451067601,0.00514733354659
2020-12-23,0.000745533271771,0.000898127520882,0.0110475012898,-0.00700046930704,0.00768926493514,0.0275614744584,0.00662588248792,-0.00693252854258
2020-12-24,0.00353035002568,0.00388279212805,-0.00101000555157,0.00768290240974,0.000705255073944,0.000697056913318,0.00397734615231,0.00394918864923
2020-12-28,0.00868470731576,0.00855428239619,0.0119475389411,0.0351406681128,0.0150934609281,-0.000975882337622,-0.00363574209714,0.000444954598279
2020-12-29,-0.00222986473111,-0.0019095704963,0.00418032766544,-0.0134043763355,0.0173095843554,-0.00237329796423,0.00363574209714,-0.00127144428377
2020-12-30,0.0013406480951,0.00142551850693,-0.00220848576718,-0.00856288915329,0.000584758052079,-0.00504501535177,0.00762602757291,0.00216098956293
2020-12-31,0.00641820463277,0.00506809472251,-0.00860928526077,-0.00773299116197,-0.00429673596621,-0.00818148779468,0.00370726708769,0.0014588995873
2021-01-04,-0.0148647627092,-0.0137075438718,0.00674123872144,-0.0250295705193,0.00234592611766,-0.00158932838073,0.0220142576543,-0.00120528911661
2021-01-05,0.00705763136305,0.0068637610785,-0.00436809442076,0.0122879601678,-0.0115878329129,0.02597182312,0.00295724752448,-0.00745447222336
2021-01-06,0.00569360360823,0.00596055737699,0.0117909038664,-0.0342412262917,-0.00773438607862,0.0430115184785,-0.0163743829401,-0.0207416638645
2021-01-07,0.0147382599788,0.0147485218427,0.00694665383351,0.0335540266937,0.0255515797947,0.0108703341951,-0.00233734878345,-0.00885363979615
2021-01-08,0.00547683750391,0.00568126164836,0.00650976437508,0.00859443035225,0.0192203669235,0.000667254614481,-0.034808798191,-0.00323287131147
2021-01-11,-0.00657632782161,-0.00676362818272,-0.00781928423885,-0.0235235103365,-0.00553587024811,-0.0153228889766,-0.00196336613238,-0.00165344361781
2021-01-12,0.000415702034726,0.000211219948743,-0.00202590989862,-0.00139658976162,-0.0127145755094,0.00365015763802,0.00645309347049,-0.000793877955226
2021-01-13,0.00227305652231,0.00268939693743,0.00206824877386,0.0160964037936,-0.00719928196923,0.0103378134732,-0.00431667781053,0.0111983059604
2021-01-14,-0.00376051311392,-0.00350806560184,0.00325644227576,-0.0152425478194,-0.00803840820995,0.00970295294062,-0.000519232676069,-0.00941205931289
2021-01-15,-0.00721600078181,-0.0073191697375,-0.0123000295082,-0.0138257453892,-0.028047087936,-0.0188268158818,-0.0124852466748,0.00396009270842
2021-01-19,0.00810345760697,0.00782107565022,-0.00233358325191,0.00541224710562,-0.00588832700817,0.00148179315906,0.00843737786208,0.0032224227429
2021-01-20,0.0138394174945,0.0137439598102,0.0053139780649,0.0323282123071,0.0333448523159,0.00523508014668,0.0161511513995,0.000984111394523
2021-01-21,0.000316672978801,0.000911111614227,-0.00671169828968,0.036002014812,-0.000196909893162,-0.0235719546883,-0.000627370486413,-0.0070428634945
2021-01-22,-0.00301515249239,-0.00354564927281,-0.00559987246486,0.0159461138324,0.00765353947474,-0.00701564657378,-0.0079043027244,0.00323137825893
2021-01-25,0.00360931732631,0.00393578524902,-0.0158107928901,0.0273074566174,-0.018946694129,-0.0243128810503,0.000862244636225,0.0117170706362
2021-01-26,-0.00148994310043,-0.00156188730839,0.00930539924207,0.00167780000786,0.0120806271757,0.017664729472,-0.00247365732874,-0.00188916382967
2021-01-27,-0.0260133149524,-0.0247442334582,-0.0116361301418,-0.00771346485189,-0.00315455478981,-0.00431723165612,-0.00635577919978,0.00253934158659
2021-01-28,0.00971329870329,0.00856341142898,0.00927978451172,-0.0356114941018,0.0207159776244,-0.000279199511144,0.000926935184506,-0.00554311441951
2021-01-29,-0.0195003777674,-0.020222705463,-0.0204063568587,-0.0381386815488,-0.0368406273287,-0.0260233159512,-0.000405409957861,-0.00603421063773
2021-02-01,0.015924300186,0.0165083989207,0.0115038276131,0.0163849317533,0.0186886418658,-0.00979120816588,0.00934152228465,0.00115879331405
2021-02-02,0.0138025290323,0.0140412694017,0.0184008128132,0.00631672950425,0.0333170413763,0.0090746875251,-0.0122424293845,-0.00646825057447
2021-02-03,0.00100826054181,0.000785961846859,-1.07958184661e-05,-0.00780886815122,-0.000762366712624,0.00771318652548,-0.00151177488212,-0.00891319042116
2021-02-04,0.0107948475508,0.0113018025145,0.00814395910694,0.0254315112073,0.0011431717405,-0.00585088065281,-0.0217656357062,-0.0026757593869
2021-02-05,0.00388991963614,0.00392805677716,0.00900265720684,-0.00310256965212,0.00683249167758,0.00385675599393,0.00982375067649,-0.00840887930929
2021-02-08,0.00737210753638,0.00719610282765,0.00471915124972,0.00109613512045,-0.00151421567403,0.00313169021204,0.010019748023,0.00438149645318
2021-02-09,-0.0011141455695,-0.00066619743676,0.000968617115264,-0.00659533721367,0.0170912063698,-0.0176363406174,0.00325959537864,0.00073956015806
2021-02-10,-0.000345244354589,-0.00043550302583,-0.0036507017603,-0.00456923267747,-0.0140650623106,0.00519431012044,0.00365443130422,0.00663142281145
2021-02-11,0.00166107481451,0.00161369429201,-0.000172826712208,-0.00192202921587,0.00377016519521,-0.00302639550852,-0.00872301378401,-0.00548891710725
2021-02-12,0.00469997084652,0.0049273102224,0.00595247346308,0.0017744504145,-0.0041478052492,0.00962413783587,-0.0030418566088,-0.0124975350073
2021-02-16,-0.000569434455835,-0.00086614318028,0.0144229519929,-0.016234807707,0.0196433025839,0.039797934017,-0.0144574963795,-0.0153437607889
2021-02-17,-0.000320453408525,0.000229442758995,-0.00358194271582,-0.0178014818082,-0.00893214317455,0.0155400514731,-0.0114177822872,0.00633000889051
2021-02-18,-0.0044256141196,-0.00426503614603,-0.00652676955537,-0.00867408074896,-0.00187094386103,-0.0106065417819,-6.00931894338e-05,-0.00405491802819
2021-02-19,-0.00185661915552,-0.00176767839313,0.0078630555084,0.00123270780191,0.014501134488,0.0102008941267,0.0041399752879,-0.013380962201
2021-02-22,-0.00776289290971,-0.0077212492155,-0.00105881119475,-0.0302520502643,0.00202842249707,0.0139748122756,0.0148582317084,-0.007637548735
2021-02-23,0.00125552956322,0.00121351797345,0.00214767598899,-0.00111160244057,-0.0064677237543,0.0221703596447,-0.00230340007649,-0.00288765809071
2021-02-24,0.0112876678108,0.0109591683066,0.00313360392883,-0.00406038702423,-0.0123113793954,0.0172094076337,-0.000709777634047,-0.00658168655085
2021-02-25,-0.0247833944872,-0.0243910142081,-0.00243308719724,-0.0354020873864,-0.00338399382009,0.0122406200821,-0.0189958100206,-0.0164651533029
2021-02-26,-0.00476153241256,-0.00516592575689,-0.0140455250651,0.00222911738115,-0.0113638399597,-0.0277547315017,-0.024480109851,0.0325246443425
2021-03-01,0.0235121732238,0.0239512390918,0.0155830822263,0.0524514223652,0.0227858072034,0.011915690789,-0.00173191731667,-0.013295550395
2021-03-02,-0.00811367866355,-0.00783375699662,0.0029200471982,-0.0211149842695,0.00408775682199,0.00205785605163,0.00543314908067,7.06357135228e-05
2021-03-03,-0.0131523358009,-0.0133343557002,0.00349320728381,-0.0247606387536,0.00830962144202,0.0100991415454,-0.0110827311846,-0.0109049804795
2021-03-04,-0.0135080380633,-0.0124520255144,0.000101167596566,-0.015938127906,-0.0183730165631,0.0313036202012,-0.00988559673676,-0.00647088572913
2021-03-05,0.0193083561542,0.0182291428669,-0.00826643144418,0.010680889589,-0.0202447205377,0.0101796908457,0.000628612771435,0.00194606259468
2021-03-08,-0.00537364302833,-0.00499071579441,0.0205970036672,-0.0425667973602,0.022116203008,-0.00134313919863,-0.0104223157311,-0.00780567235093
2021-03-09,0.0140554005491,0.0141764982498,0.00371661816017,0.0398453852379,0.0107846929877,-0.0062509005401,0.0210480612251,0.0137629314254
2021-03-10,0.00601220398001,0.0062052128889,0.0110075350561,-0.00920906705874,0.022493531667,0.0157362307148,0.00508533188935,0.00200145926533
2021-03-11,0.0103418254242,0.0100877744463,0.00718713149309,0.0163680876328,0.0205820969975,0.0103555287269,-0.00086639027967,-0.00723926396146
2021-03-12,0.0010148833275,0.00134612674069,0.00211750265237,-0.00765469671437,-0.00195031247678,0.0107231993231,-0.000185746566672,-0.0214499934254
2021-03-15,0.00647093940932,0.00594591447063,-0.00175122287176,0.024162468653,-0.00927268073212,-0.021562800409,0.00438687098298,0.0058624817617
2021-03-16,-0.00157091686047,-0.00126217922812,0.00321881290378,0.0126624504352,0.00375502867391,-0.012796443373,0.000924412320418,-0.00402654596976
2021-03-17,0.00287524458721,0.0034040886643,-0.000100799240398,-0.00647146399699,0.0140012665369,-0.0038095418637,0.00711958446128,-0.00751121179758
2021-03-18,-0.0148705600028,-0.014656555697,0.00131547660627,-0.0344932855275,-0.0033495708628,-0.00431851791382,-0.00582696788036,-0.0101782376058
2021-03-19,-0.000602885601871,-0.00185196616599,-0.010750691691,-0.00449030763141,-0.0158410437571,-0.005082888945,0.00417438908038,0.00617909540971
2021-03-22,0.00700055683825,0.00795327677041,-0.00492711964203,0.0279418711257,-0.0014361345989,-0.0125063312214,-0.00147134036059,0.0111437999921
2021-03-23,-0.00766011802722,-0.00790205616695,-0.00389132662659,-0.00691251756369,-0.00432088034024,-0.00732605568236,-0.00732740575522,0.00898573807301
2021-03-24,-0.00548233661174,-0.00509642916687,0.000334701531742,-0.0201962039727,-0.00144479895966,0.0157226025635,0.00345485575362,0.00536790641546
2021-03-25,0.00522658344415,0.00560967540814,0.000860545598976,0.00415488993931,0.0039673468665,-0.016891150248,-0.00364026939658,-0.00791647530648
2021-03-26,0.0164944185231,0.0159866623256,0.00609653202709,0.00512832259963,-0.00126069136447,0.010654397524,0.00283936981279,-0.00350647733514
2021-03-29,-0.000868389583119,-0.000505020250013,0.00444835716088,0.00148382359846,0,0.0148279538568,-0.0119673229956,-0.00852461311119
2021-03-30,-0.00316282939377,-0.00265656243803,0.0119851022832,-0.0123503801212,0.0329701972465,0.0126259558928,-0.0172395798271,0.00522635882475
2021-03-31,0.00361595365519,0.00404489640372,-0.00342404229589,0.0185917174534,-0.00946048504858,-0.011871218457,0.0150539793409,-0.00559530878693
2021-04-01,0.0117558302748,0.0107412934367,0.0058717380467,0.00693451230896,0.00631708183595,-0.0171162955891,0.0125490183869,0.0164611548625
2021-04-06,0.0133609827684,0.0136605478623,0.00463940468299,0.0257628955921,0.00888071184802,-0.00718684697916,0.00762614404136,0.00239702880691
2021-04-07,0.0014741457557,0.0011562807902,-0.000110860871097,0.0133016970139,0.000693441828097,0.00244417330224,-0.00282229775439,-0.00698940368595
2021-04-08,0.00421175101323,0.00473593668436,0.00570251617973,0.0190509142683,0.0153016007634,-0.0169750556279,0.0106946358246,0.00822164384275
2021-04-09,0.00769028818087,0.00724356106165,0.000598281655578,0.0200493699661,0.00374664506145,-0.0109058622763,-0.00756603160067,-0.00362926896371
2021-04-12,-0.000196098241271,0.000364547384493,-0.00125373844557,-0.0133215096335,0.00237702339163,-0.00463496603175,-0.00608206446131,-0.000437110973472
2021-04-13,0.00328907202827,0.00295938371478,0.00363200156626,0.0240157800912,0.00861137045383,0.00542747228147,0.00706148909711,0.00746632124737
2021-04-14,-0.0040961044417,-0.00342106182682,0.00395072115039,-0.018014285747,0.0281800622563,0.0110277616937,-0.0043537828274,-0.00318227931438
2021-04-15,0.0110331014917,0.0106851719095,0.0041084416448,0.0185349573742,0.00797724262564,-0.00773289056884,0.0160335372687,0.0165959653192
2021-04-16,0.00360232339788,0.00333695270212,0.00845445487126,-0.00253094700668,0.021337119222,-0.0013166173639,0.00602956281855,-0.0077971181162
2021-04-19,-0.00532068984102,-0.00492530782881,0.00152897370163,0.00505573332241,-0.00812826779336,0.00236871455775,-0.00276912645692,-0.00287639098434
2021-04-20,-0.0068255611934,-0.00734849915427,-0.0211181322373,-0.0129131235764,-0.0254458058187,-0.0315113363677,0.00355024598238,0.00459818339454
2021-04-21,0.00926302104805,0.009417563772,0.00734347055761,0.00292573494664,0.0313873854238,0.00122006272913,0.00986236137126,0.00200491355137
2021-04-22,-0.00925333800387,-0.00917502510515,0.00909298696079,-0.0117541771276,0.0117779721949,-0.000270980078292,-0.00650425664159,0.00435499273001
2021-04-23,0.0108694100388,0.0107840757176,-0.00149136636888,0.0178778525807,-0.0061900498248,-0.00325775999337,-0.00383877045873,-0.00235349919878
2021-04-26,0.0017806844899,0.00208547922503,0.00280530525233,0.00297327606183,-0.00366865309334,0.00230867734254,0.00264075302426,-0.0014289079695
2021-04-27,-0.000214918899349,-0.000215431267226,-0.000280534666779,-0.00245241558219,0.0109656167497,-0.00190065034934,-0.00252054389918,-0.00876133220935
2021-04-28,-0.000845897572424,-0.00028759936539,0.0052811347951,-0.00604539397478,0.000790010382617,0.0176467797451,0.00294006750084,0.000648943390821
2021-04-29,0.00674004152151,0.00635268476672,-0.000699494628813,-0.000749156927355,0.00394028911549,-0.009256030045,-0.00414255081433,-0.00295932358789
2021-04-30,-0.00722071342432,-0.0065921650153,-0.00526404539057,-0.0152490315999,-0.0150568707889,-0.00743997296658,-0.00337469882504,0.00231038019706
2021-05-03,0.00274432155999,0.00215443857462,0.00610938714758,0.00818197875712,0.00700172092348,0.0112063967189,0.0128948557789,0.00059915082334
2021-05-04,-0.00670073749025,-0.00618853399152,-0.00894137599821,-0.0360268765121,-0.0187277469045,0.0113476433042,-0.00735668858139,0.00676330137701
2021-05-05,0.000703216567129,0.000312786423642,0.0139337780991,0.00195374726993,0.0206290917908,0.0352151894085,0.00413361072391,0.00164810387079
2021-05-06,0.00813229939402,0.00795379707311,0.00277549828127,0.0127212197656,-0.0103415747347,0.00319861133862,0.0165420069597,0.00164507499719
2021-05-07,0.00734629154503,0.00725184647489,0.00446062341952,0.00531320406605,0.00970830172248,-0.00230178891192,0.00895658278906,-0.00494354700015
2021-05-10,-0.0104904805321,-0.00995189491249,7.52406530519e-05,-0.0261433229054,-0.0101879405569,0.00739859521824,0.00302592610598,-0.0101791236264
2021-05-11,-0.00871175011122,-0.00896491809674,-0.0187465431107,-0.00743782829792,-0.020529440804,-0.0236637785158,0.000174280319976,-0.00567555647877
2021-05-12,-0.0216827824565,-0.021474211368,0.00190646564741,-0.0252547981095,-0.00343559513798,0.0226463274424,-0.00998347924754,-0.0105633070352
2021-05-13,0.0120996445935,0.0119411816909,0.00142905952451,0.0177609790031,0.00946037581765,-0.0125463618236,0.00409891664235,0.0015476693787
2021-05-14,0.014807778646,0.0152385472203,0.0152778900204,0.0196505229555,0.0194524155181,0.0239318345483,0.00907456037111,0.00930766158133
2021-05-17,-0.00253325828133,-0.00254756042,-0.00279005123118,-0.00930178007574,-0.00654904606345,0.00150803368432,0.0115721087897,-0.00211795531224
2021-05-18,-0.0085537723993,-0.00865308015559,-0.00215079942522,-0.0113094722537,-0.00160396679034,-0.00289259242793,0.00194427927504,-0.00256182668979
2021-05-19,-0.00294775172795,-0.00262532812758,-0.0144451671602,-0.00128221233267,-0.00627975523675,-0.0335583522043,0.000685385526705,-0.0024214527606
2021-05-20,0.0104994292363,0.0107003571004,0.0128558708758,0.0207943480028,0.0157055613522,0.00415949597987,0.00455687149283,0.00819463498821
2021-05-21,-0.000784188097847,-0.000818992331874,0.00672902945315,-0.0148772273303,0.00428407766474,0.0117354664076,0.000454465916913,0.00320161577086
2021-05-24,0.00986249762335,0.0101426012268,0.00345139067055,0.0132264172054,0.00929795234362,0.00102499488027,0.00175948852611,0.003697553653
2021-05-25,-0.00212754543052,-0.0022211143214,-0.00284718612535,-0.00157483256812,0.00344524762829,-0.0183537870487,0.00903190439222,0.00922045466309
2021-05-26,0.00187505741647,0.00198256602042,0.000208119468047,-0.000394116198889,0.00140572811359,0.00364578005168,-0.00174357030299,-0.00172245846806
2021-05-27,0.00116463622387,0.000524933418652,0.00687751939641,-0.012453957189,0.0121025376156,-0.0111091485012,0.000394022792873,-0.00403058758156
2021-05-28,0.000768586341355,0.00178717271505,0.00749238442535,-0.00536247874148,0.0113480975856,0.00262515507087,0.0037630866807,-0.0015877947697
2021-06-01,-0.000492454706604,-0.000881206195276,0.000815513980258,-0.00265187501941,0.00198022823397,0.0175407653968,-0.00269457332313,-0.00022412275229
2021-06-02,0.00144588900722,0.00157125559138,0.00493741925165,0.00625665870844,0.0059176700616,0.0221636721025,0.00487852485714,0.00231244458936
2021-06-03,-0.00363530292951,-0.00371837275351,-0.00208759593654,-0.0122286384628,-0.0101878647115,0,-0.0197724208951,-0.00376052507706
2021-06-04,0.00879530336752,0.0091043397469,0.00118864933682,0.0188434857942,-0.00474906121238,0,0.0107256367264,0.0136017744551
2021-06-07,-0.000797056225006,-0.000970757192515,0.00427283482295,7.94629207391e-05,0.00932355758376,-0.00505157497723,0.00399961664351,-0.0030784908387
2021-06-08,0.000175009527244,0.000213356188404,0.00113783162079,0.00664991582365,0.00364473347209,0.00366464765831,-0.00309686892346,0.00700226095328
2021-06-09,-0.00182553260527,-0.00149321287605,0.0018972085421,0.00307228186632,0.00423531469778,0.00954201108452,-0.00191934011572,0.00878965766332
2021-06-10,0.004641454754,0.00463769949598,-0.00258734516044,-0.00805560095471,-0.00727151634087,-0.00488518808479,0.00428512720353,0.00598133001078
2021-06-11,0.00194653878556,0.00165107919672,0.00824060377166,0.00978470914398,0.0156887073269,0.0127266031808,-0.0113161779225,-0.00161505599459
2021-06-14,0.0018135564,0.00223651792064,0.00237420552283,0.0242804767067,0.00671312597661,0.0136676326332,-0.00587816196607,-0.00768867070607
2021-06-15,-0.00201371981462,-0.00183559641601,0.00349580154145,-0.00645814551103,0.00770138493875,0.000733335443921,-0.00378486505887,-0.00120434487143
2021-06-16,-0.00540470387988,-0.00559918780224,0.00197558206786,0.00392595965632,0.00661727068361,0.000855160800568,-0.0170360011058,-0.000851480719747
2021-06-17,-0.000435810536303,-0.000331903697919,0.00204369112431,0.0125222828723,0.00730147532398,-0.00563243292528,-0.0312228288177,0.0148614964069
2021-06-18,-0.0132113556957,-0.0135822832537,-0.0146729537346,-0.0101432060924,-0.00906177051491,-0.0295331909817,-0.00556270255252,0.0186309381599
2021-06-21,0.0139051635725,0.0142144059766,0.0050684352003,0.0140057157256,-0.00146939948355,0.0106925608378,0.0121732494024,-0.0168849302919
2021-06-22,0.00511140629812,0.00533207578395,0.00135612762588,0.0126180920128,0.00161639785052,0.00611278248391,-0.00420166888425,0.00243962253933
2021-06-23,-0.00108387036404,-0.00120591368839,-0.00918218879639,-0.00209201010968,-0.017922611975,-0.00411243958117,-0.000661879144058,-0.00257919538322
2021-06-24,0.00579442939909,0.00589825765497,0.0121498601563,-0.00217143362543,0.00610906151015,0.0219758456765,-0.000602119365584,0.00160373336387
2021-06-25,0.00332506317958,0.00354587101381,-0.00124939996547,-0.00225078743006,0.000593764230144,-0.00798074224662,0.00330699888426,-0.0104372817798
2021-06-28,0.00231228886792,0.00201391257303,-0.00984009723136,0.0124675118855,-0.00894722239353,-0.0292196810448,-5.99933971426e-05,0.0102281923508
2021-06-29,0.000277297881051,0.000538059670096,0.00143387959602,0.0114345119899,0.00954093341623,-0.00465183416033,-0.0105610346365,0.00167180088546
2021-06-30,0.00132727835009,0.000840949704731,-0.009116531469,0.0046108894098,-0.0190224532299,-0.0117250434918,0.00484176327485,0.00444308185076
2021-07-01,0.00520804133821,0.00552152193113,0.00704197959607,0.00226063175916,0.00392390348886,0.0157320917316,0.00343544921898,5.56924927793e-05
2021-07-02,0.00747209604617,0.00761457154255,-0.00014648423928,0.0194069071428,-0.000753363815317,-0.0037478408041,0.00653692712888,0.00601623762503
2021-07-06,-0.00202390284185,-0.0018231487274,-0.00694929322999,0.0146112063894,-0.011522265118,-0.0185580579349,0.00494918889657,0.011653178004
2021-07-07,0.00335334661107,0.00352769532849,0.00310547608991,0.0177960301461,0.00698992761581,-0.0115424359881,0.00379957723201,0.00882006822795
2021-07-08,-0.00859788110321,-0.00818127240771,-0.0202708383555,-0.00924227420251,-0.032628375925,-0.00992352130779,-0.000652031697243,0.00390970517331
2021-07-09,0.0112148260246,0.0106183729146,0.0205311874047,0.0129703995122,0.0356520797293,0.0093896548775,0.00331506251823,-0.0141618946608
2021-07-12,0.00344523266684,0.00357526039491,0.00455816058096,-0.00421245241175,0.00542034207915,0.000533866430287,-0.00124187352617,-0.0012976894724
2021-07-13,-0.00352301120962,-0.00341460771041,-0.000118890323644,0.00785831789956,0.00703214009325,-0.00750076623851,0.00130093448275,-0.00768310004137
2021-07-14,0.0011642566226,0.001490974307,-1.37734287313e-05,0.0238145487574,0.00134089865275,-0.00228817347041,0.0106977569448,0.0112981464586
2021-07-15,-0.00326757367002,-0.00342149399321,-0.00996350818369,-0.00450228369113,-0.0125862503122,-0.0124745390576,0.000175464032487,0.0109699151757
2021-07-16,-0.00756741502875,-0.00787446789323,-0.00513838152264,-0.0141759846533,-0.013510728349,-0.00987276634644,-0.00975103441891,-0.00188752302316
2021-07-19,-0.0159967814303,-0.0148778745782,-0.0257319333704,-0.0272831701366,-0.0222541345638,-0.0392038948204,0.00117985381541,0.0216915320343
2021-07-20,0.0150488061868,0.0142286966174,0.00804886195079,0.0256425078946,0.00809345574082,-0.00071687000107,-0.00129794708487,-0.0096862127386
2021-07-21,0.00820804147497,0.00806359444243,0.0183639305205,-0.00514473596299,0.0216217467068,0.0263247183571,-0.00372618506649,-0.0127480556374
2021-07-22,0.00201463919512,0.00209195793672,0.00264325377424,0.00958225022298,0.00181882614786,-0.00433949731034,0.00195353626603,0.00940870938627
2021-07-23,0.0100943324794,0.0102356058335,0.0133683587427,0.0119178777692,0.0203842510586,-0.0001406387995,-0.00313933626357,-0.00671123030316
2021-07-26,0.00237936700756,0.00245179094727,0.00148778632798,0.00289034056252,-0.000890549886324,0.0228877692,-0.00237582671521,-0.00296777381577
2021-07-27,-0.00472358343864,-0.00456801706878,-0.00712105594425,-0.0150123025726,-0.0056591388521,-0.000274420308063,0.00166368425188,0.0106152754465
2021-07-28,-0.000186279181841,-0.000410196137856,0.0117783543553,-0.0122712471733,0.0273992668438,0.00710780144877,0.0050335641326,6.71266724593e-05
2021-07-29,0.00419733170357,0.00413849963694,0.00369400300662,0.00454219898327,-0.00612168839168,0.0214249918995,0.0110440237233,-0.00556217074593
2021-07-30,-0.00542071344516,-0.00486795339978,-0.00317219256031,0.00150902846522,-0.0148762590857,-0.0216975067283,-0.00791810923195,0.00469253148659
2021-08-02,-0.00184450581236,-0.0021003000154,0.00950293148238,-0.00233351906802,0.0192524618214,-0.000272552704932,-0.00123740401171,0.00887980854447
2021-08-03,0.00816996131819,0.00810252011769,0.00715095495366,0.0125651097304,0.012871859734,0.0268903894683,-0.000707732249398,0.000530691514466
2021-08-04,-0.00464315064036,-0.00493077423856,0.0033288604397,-0.00278620846762,-0.00172596062396,-0.00265663979277,0.000235938880973,0.0020549942222
2021-08-05,0.00598748612481,0.00631272689789,0.00516876670305,0.000748390471116,0.00387889537508,0.00225886117247,-0.00395992124778,-0.00511083028601
2021-08-06,0.00167386457657,0.00165112078727,0.00526102488389,-0.00477887964433,0,0.00687741382792,-0.0253087091515,-0.016841608405
2021-08-09,-0.000940350293057,-0.000814032035012,-0.000554621604605,-0.000341974893695,0,-0.00316831467703,-0.0178948150558,-0.0035933111819
2021-08-10,0.000992186876309,0.00124325836826,0.0010312600978,-0.00335932760116,0.00600432126829,-0.00490423723487,0.000309147111969,-0.0046284784448
2021-08-11,0.00127493066174,0.00248166743939,0.00552417255751,0.00178372429069,0.00455083159748,0.0139861857681,0.0136908297561,-0.000614565965912
2021-08-12,0.00413780776373,0.00299245822235,0.0035632003733,0.0205607890925,0.010163781463,0.0043144672824,0.00024383002714,-0.00163958886832
2021-08-13,0.00160601634894,0.00181833755534,0.00196970908134,0.00140938190783,-0.00309457641542,-0.00274323755469,0.0142241665661,0.0156728063178
2021-08-16,0.00261742227595,0.00235174853502,-0.00833944563684,0.0134570776967,-0.0212153209655,-0.0123736908028,0.00497589228462,0.00242006089373
2021-08-17,-0.00708574354919,-0.00657682303946,-0.00277190553201,-0.00617313050204,-0.00635207259358,0.00198478124299,-0.00149615515209,-0.000402676200434
2021-08-18,-0.0108066527106,-0.0110051285623,-0.00731867358538,-0.0258314995966,-0.0529332583072,-0.00264710973139,0.000778309958025,0.00335330599558
2021-08-19,0.00125590322056,0.00154701870297,-0.0245556186697,0.0023198676242,-0.0659545671901,-0.0383673618842,-0.00293671356497,0.00733808490233
2021-08-20,0.00810860384796,0.0079255928184,0.00305618829174,0.0101053773119,0.0111912790186,0.00439719637908,0.000540013817329,0.000664514096831
2021-08-23,0.00848766792139,0.00875804833518,0.0085640820888,0.0102053435425,0.026422124036,0.0167251441873,0.0121040087434,-0.000664514096831
2021-08-24,0.00149461873236,0.00158608019892,-0.0028155351775,-0.000601655349533,-0.0195105710748,0.00215491781223,-0.000474254572712,-0.00780709314713
2021-08-25,0.00221765741738,0.0020963450661,0.00182446831713,-0.00845703878632,-0.00352995463081,0.00469826768567,-0.00696160866353,-0.00834084647709
2021-08-26,-0.00584194973725,-0.00592069313074,-0.0015664514879,-0.0055425369183,-0.000804326491514,-0.000669907878453,0.00113383275403,0.00276563612885
2021-08-27,0.00876907149887,0.00890126611681,0.00238091165388,0.00715889563496,0.00241039586663,0.0117240721868,0.0149177217366,0.00678069950453
2021-08-30,0.00429732413465,0.00438781167092,0.00080481634684,0.0299639912735,0.0030446592032,-0.00119258525174,-0.00494785706479,0.0026063433201
2021-08-31,-0.00135002685373,-0.00148268681288,-0.00106521643321,-0.00846052952222,0.0028758981568,-0.00959373435823,0.00200564007757,-0.00683100961272
2021-09-01,0.000311640067846,0.00053140323569,0.0116841159241,0.00446880581104,0.0314094770274,-0.00658205427457,5.88997909917e-05,0.00167446310604
2021-09-02,0.00283860563027,0.00307185308003,0.000649343561988,0.00744712654543,0.000309250701785,0.0128551116948,-0.00265524276954,0.0043561991439
2021-09-03,-0.000335087144071,-0.00024269332511,-0.0108660047776,0.00422134271085,-0.0188787788841,-0.00841732459059,0.0106374486684,-0.0091367928373
2021-09-07,-0.00340135253512,-0.0035819992028,0.00537858012311,0.0153706315798,0.0281096654833,0.00934823612908,-0.0197780213786,-0.00847183689103
2021-09-08,-0.00131943682771,-0.00121877524041,-0.00853754464118,-0.0101346207105,-0.00660698191243,-0.00948277757285,-0.00250754758257,0.00678368215114
2021-09-09,-0.00461624713632,-0.00428962523991,0.0023709071926,-0.00672772334263,0.014842302349,-0.00849010563139,0.00441373743885,0.0120277223447
2021-09-10,-0.00775255227954,-0.00791593469901,-0.00313896355815,-0.033662015414,0.00771634097393,-0.00856254991599,-0.00507149453856,-0.00885587800273
2021-09-13,0.00227390026951,0.0025559525614,0.0019729339653,0.00388576442179,-0.00984484103119,0.0301177837715,0.00334415696433,0.00604620972422
2021-09-14,-0.00576321379103,-0.00541106620016,-0.00359492360798,-0.00960788613594,-0.0156469576803,0.00251342689909,0.00641790865555,0.012050771058
2021-09-15,0.008438294082,0.00831808704935,-0.0104786400159,0.00612487322551,-0.0403839900839,0.0220820254306,-0.00588152578295,-0.00351345387132
2021-09-16,-0.00155234464302,-0.00158654485161,0.00590174474381,-0.00161189063604,0.0108870505906,0.000775748305777,-0.022902242409,-0.00459268176898
2021-09-17,-0.00915263036039,-0.00978888856481,-0.00794376612128,-0.0185184410091,0.0047657223108,-0.00855944675161,-0.00158630294168,-0.00481567456986
2021-09-20,-0.0171230777494,-0.01681492216,-0.0175622327427,-0.0215926018233,-0.0196853301199,-0.0142983269848,0.00711875464456,0.0123261631726
2021-09-21,-0.000812688644281,-0.000944919206037,0.0149012439677,0.00342228696979,0.0275779695825,0.0241776160172,0.00664689749549,-0.000861959852258
2021-09-22,0.0094745853815,0.00970766774927,0.0127783005101,0.0167316901176,0.0114127538559,0.0252719743738,-0.003740998853,0.00594722027249
2021-09-23,0.0120616802006,0.0120769179696,0.00974294797886,0.0066969208487,0.0166489730357,0.0142313867309,-0.011613562206,-0.0228556798306
2021-09-24,0.00145994281152,0.00164556597904,-0.0095229991394,0.000612232682097,-0.0172709217453,0.00163857257142,-0.00128510161981,-0.00982216240826
2021-09-27,-0.00278024387828,-0.00286484874654,0.00187370786318,-0.0106061188134,-0.0084350239469,0.0338093380804,0.00207986860271,-0.00368209833609
2021-09-28,-0.0205743176335,-0.0203576371695,-0.0219520336318,-0.0240887457181,-0.0312276498399,0.0129456168457,-0.00976393884986,-0.0156995528332
2021-09-29,0.00156795430754,0.00168158009672,0.0083108397834,0.00646193284727,0.0122244864946,-0.0135544690496,-0.00451493470318,0.00173310506652
2021-09-30,-0.0119812029739,-0.0122975862803,-0.00623664322788,-0.00935526842844,-0.00867025678301,0.00728406478006,0.0178169849729,-0.00013860338753
2021-10-01,0.0114259521135,0.0118141788318,-0.000355864159571,0.00809411764707,0.0158390554355,-0.00145247277213,0.00225051038313,0.00838084757262
2021-10-04,-0.0130709520198,-0.012979975281,-0.00616065151111,-0.0249131341501,-0.0142279183767,0.0195530740167,0.00466741266776,-0.00254884827393
2021-10-05,0.01046951752,0.0103512826718,0.0151098451101,0.01405864053,0.0181881821076,0.0294966744859,-0.00466741266776,-0.00970328927726
2021-10-06,0.00409439938529,0.00414736806351,-0.0127260304134,0.00628761132798,-0.0122487250933,-0.0138205419546,0.00266976074281,0.00562555626432
2021-10-07,0.00826403923868,0.00860853532629,0.0163552547415,0.00904356535159,0.0207500414532,-0.00140404467986,-0.0052856831471,-0.0105131554338
2021-10-08,-0.00191555663072,-0.0018253814613,-0.00610931332229,-0.00272562357671,-0.0161190433157,0.0152245866345,0.000426273644507,-0.00702349077716
2021-10-11,-0.00688944179442,-0.00726621066067,0.00160691259999,-0.000629899019959,0.00635207446487,0.0198704518877,-0.00188936826381,-0.00254055137634
2021-10-12,-0.00241970567241,-0.00246442441182,-0.00341958936705,-0.00914486071492,0.00347682749127,-0.0118291085791,0.00450427443319,0.0169553402372
2021-10-13,0.00301795602085,0.00359134284968,0.00749614531945,-0.0042486441473,0.0310631838013,-0.00977313925919,0.0176377303662,0.00967926555403
2021-10-14,0.0169191622986,0.0166805463103,0.0132250350515,0.0200236897031,0.0201351939666,0.01205904003,0.00244348287425,0.00370844237534
2021-10-15,0.00743252051076,0.00758687827031,0.00630896162061,0.00748447954589,-0.00360358830767,0.0148434529902,-0.016020490743,-0.00584354450585
2021-10-18,0.00336908785767,0.00295599949477,-0.00812204520137,0.011737250963,-0.0225137210088,0.00437706617805,-0.00248299294866,0.00467789940173
2021-10-19,0.00736614281179,0.00768537004783,-0.000487148646518,0.0149674452896,-0.00617289500113,0.00402296135748,0.00320852052365,-0.0138906092824
2021-10-20,0.00365733346752,0.00392007926195,0.00534708343575,0.00335548534111,0.0155137899317,0.000780624982983,0.00872577848286,-0.00677308848242
2021-10-21,0.00299139322358,0.00260482629313,-0.00290326677514,0.00147286890898,0.00547183695018,-0.0144808977004,-0.000899109922385,-0.00119234651066
2021-10-22,-0.00107312926596,-0.00103654877614,0.00708207359866,-0.00529896653894,0.0114545373437,-0.00942925207023,0.00609833282874,0.0109537139315
2021-10-25,0.00473695941384,0.00534830645263,-0.00309667908338,-0.000336633146585,-0.0113028727134,0.00273556123747,0.00689036887288,-0.00152770155665
2021-10-26,0.00181814152123,0.00089968755208,0.00795881303225,0.00456460378016,0.00785010385393,-0.00410625823364,-0.00742702711086,0.00823478206403
2021-10-27,-0.00506437030938,-0.00444015074288,-0.00192155641704,-0.00315264607673,-0.00105322246489,-0.00251777946363,0.00262062100976,0.0180308406449
2021-10-28,0.00978128840332,0.00960270371048,0.00747918612702,0.0246843690216,0.0110781819402,-0.00782264008786,-0.000237911960413,-0.00339036839901
2021-10-29,0.00194743724524,0.00202713516893,0.00383139035495,-0.018322471337,0.00815473367846,0.00173099694651,-0.00854429968569,0.0030520605024
2021-11-01,0.00179845893228,0.00171871627973,0.00917405045801,-0.00562331493186,0.00911372061692,0.00368242540809,0.00520700224982,-0.00722632086057
2021-11-02,0.00367360701906,0.00403491608077,0.00488263852931,0.00709109047013,0.00204645754757,0.00332547748012,-0.00215130949109,0.00442899189507
2021-11-03,0.00644049464019,0.00608673081364,0.00340404741152,0.00975055949466,-0.00336418814241,-0.0176708245553,-0.00835015194229,-0.0103871040464
2021-11-04,0.00417322247656,0.00470139130958,0.00532917960058,-0.0035044398062,0.0145455971518,0.00789254805155,0.0112771275568,0.010454679615
2021-11-05,0.00372584992522,0.00346361067446,0.00755603943793,0.00357610803504,0.023406328198,0.0036922595806,0.01297835672,0.01484575268
2021-11-08,0.000887394027499,0.000853326565376,0.000949717955976,-0.00556831787084,-0.00211806509745,0.00207132235094,0.00358518714002,-0.00187764742653
2021-11-09,-0.00350491085993,-0.00331077937684,-0.000597549473984,0.00245636495021,-0.000141650174804,0.000804211282347,0.00491600466008,0.0129348005854
2021-11-10,-0.00825984215041,-0.00807747616764,0.000268324573814,-0.0193489708762,-0.0123766712467,0.00869060084165,0.0108002505529,-0.0184523878753
2021-11-11,0.000550788420361,0.00032358567301,0.00204040409652,-0.000338107219301,0.00968695111015,-0.00113908008149,0.00558645177187,-0.00148553591728
2021-11-12,0.00719669753671,0.00751848488609,0.00450148596977,0.0142350904525,0.0245056913637,-0.0158552388487,0.00189346246761,-0.0044022873778
2021-11-15,-1.07398846896e-05,0.000342086585664,0.00523628524402,6.67579794948e-05,-0.00290901484254,0.0107125688962,-0.0015489433596,-0.0126363753796
2021-11-16,0.00385777891727,0.00395016882138,0.00335688698261,0.00664420548914,0.0122716775404,0.005028540922,-0.00726015884289,-0.00254638114061
2021-11-17,-0.00260501538311,-0.00243210522134,0.000594013056652,0.0163560078319,-0.00494562431655,-0.00732271221512,0.00909569340909,0.0078937226484
2021-11-18,0.00337906470023,0.00339078126481,-0.00207990769589,0.0281363203931,0.00329967657087,-0.0108530713429,-0.00321431798265,0.00375355828707
2021-11-19,-0.0013996445784,-0.0017900529579,-0.00416576701523,0.0168336341281,0.00684019445722,-0.027660440691,-0.00767570346783,0.0105022626621
2021-11-22,-0.00320225841702,-0.00281914297723,-0.00102551746766,0.00292295340544,-0.00711456810258,0.0118639109035,-0.0226756218231,-0.0117971630798
2021-11-23,0.00165576140333,0.00132520038086,-0.00853454000856,0.00241923312067,-0.0141044626664,0.0114921692674,-0.00869004922649,-0.0145649179242
2021-11-24,0.00229122385658,0.00266615018525,-0.000339343005211,0.0032781770167,0.0110791597409,0.00534841366552,-0.000956961812689,0.0159279603986
2021-11-26,-0.0229870112134,-0.0225554149823,-0.0439050167281,-0.0321912064054,-0.048101859879,-0.0618284378596,-0.00161684617186,0.0249548654197
2021-11-29,0.0131138362243,0.0121918539594,0.00540398978525,0.0216380841803,0.0074862834296,0.0163958778818,-0.00137950061947,-0.0080708416298
2021-11-30,-0.0191433812885,-0.0196494732108,-0.00816306969641,0.0310894098177,-0.011008185704,-0.0144239138179,-0.00674454572124,0.0150874873705
2021-12-01,-0.0118855414718,-0.0111692168101,0.0236296524445,-0.003211441091,0.0157505873834,0.032106307287,0.00398000882392,0.00615020665943
2021-12-02,0.014094638485,0.0152001139659,-0.0125930175523,-0.00614877203024,-0.0157505873834,0.00214409979919,-0.00555221085346,0.00124658323475
2021-12-03,-0.00848445516864,-0.00873936897058,-0.00445828894007,-0.0117936294233,-0.00233301596648,0.00734916684343,0.00837682276955,0.0118618259331
2021-12-06,0.0116625992887,0.011773856102,0.0147104934135,0.021274704148,0.00741763560052,0.025766562088,-0.00246359741613,-0.0138302566765
2021-12-07,0.020495603159,0.0204736283705,0.0286586144401,0.0348325366168,0.0493352517106,0.0191524931356,0.00354321003527,-0.00811327741689
2021-12-08,0.00308053559988,0.00264456826815,-0.00721884633694,0.022527523955,-0.0143090261213,-0.0011297743025,0.000539366541843,-0.0174359348867
2021-12-09,-0.00720698831277,-0.00677451374156,-0.000904219488344,-0.00297458831796,0.000419896639165,-0.00623654339243,-0.00613012919767,0.00557799802973
2021-12-10,0.00950376928464,0.0093695839371,-0.00236427398815,0.027627799309,-0.00701767497971,0.00306629062605,0.00421102099299,-0.00241526658412
2021-12-13,-0.00917815840881,-0.0088978996232,-0.00699987842846,-0.0208905964103,-0.00140952077034,-0.0145070804601,0.00251812590332,0.0146709813823
2021-12-14,-0.00749872283414,-0.00690395847815,-0.00687953855269,-0.00805580075504,-0.0104921490534,0.0063085284436,-0.00938520900772,-0.00238641062273
2021-12-15,0.0162162673709,0.0155044335989,0.0046762675714,0.028110446564,0.0145742612788,-0.0102281425565,0.00428235527962,-0.00966807871576
2021-12-16,-0.00878186335732,-0.00885771118502,0.0111164009981,-0.0400555873099,0.00196461314189,0.0316076810174,0.0120249722269,0.000388599548475
2021-12-17,-0.01034096455,-0.0107000040771,-0.0112607609305,-0.0065228439478,-0.0202514344674,-0.0229816978449,-0.00214311900398,0.0112681118489
2021-12-20,-0.0114533982815,-0.0106904020158,-0.00819471011235,-0.00815524337893,-0.0017180008207,-0.00677959659338,-0.00424024644467,-0.00752035811585
2021-12-21,0.0176217551818,0.0176032544724,0.0137175286434,0.0189071738452,0.00528806797587,0.0235867093983,-0.000418975792547,-0.00381449584895
2021-12-22,0.0101287282165,0.00994916291823,0.0123682520669,0.015202451891,0.0196210214452,0.00695756502655,0.0093561184272,0.0046161489319
2021-12-23,0.00620441258553,0.00620284522995,0.00769613536312,0.00363712743976,0.00918320263963,0.00912853137048,0.00225148218926,-0.00871487097306
2021-12-27,0.013744051502,0.0140527096189,0.00480682338793,0.0227149869776,0.00593808146829,-0.00366357311387,0.00236445109109,0.0024211770372
2021-12-28,-0.00101066524228,-0.000817466562882,0.00568653223869,-0.00578382269558,0.00617682558102,0.00665113047182,-0.00431938195866,-0.00397118773944
2021-12-29,0.0014009134148,0.00127845815646,-0.00273169639622,0.00050190818325,-0.00397605285917,-0.0111099607998,-0.000296551321696,-0.0109844303116
2021-12-30,-0.00299423402475,-0.00276839047329,0.0016337867915,-0.00660030312344,0.00288059258589,0.00323471880068,0.00715158344358,0.00835082278085
2021-12-31,-0.00262963422949,-0.00252317679433,-0.0028200254244,-0.00354130369789,-0.00411800676393,-0.00603178664469,0.00680836041105,0.00195925005557
2022-01-03,0.00635382420919,0.00577305251244,0.0089338538911,0.0246966860263,0.00548700738952,0.0229328165046,-0.0155033016437,-0.0266012232078
2022-01-04,-0.000629820349938,-0.000335114075562,0.0137865945489,-0.0127726510356,0.0176276340158,0.0084109024222,0.00733951188751,-0.00416687181172
2022-01-05,-0.0195832643181,-0.0193888824845,0.00802520200271,-0.0269602648587,0.0186423915304,0.0119408039579,-0.00301219252926,-0.00544208272125
2022-01-06,-0.000964233647043,-0.000939844331519,-0.017327070814,-0.0168342121841,-0.0416195377436,0.000435450852878,-0.0123197093444,0.0025850037229
2022-01-07,-0.00405844118229,-0.00396138612026,-0.00417166735336,0.000988103433107,-0.0156630781003,0.0113643398024,0.00454081552554,-0.00721367799094
2022-01-10,-0.00144207051751,-0.00124485014249,-0.0144694748171,0.00011586084361,-0.0184708478695,0.0060088016845,0.00303559655496,0.00245651681173
2022-01-11,0.00911828641937,0.00906693134856,0.00945655752972,0.0166446732024,0.0103349293962,0.0182322979572,0.0119924525254,0.00663990491895
2022-01-12,0.00281379213381,0.00269980190366,0.007462993267,0.0025667949208,-0.00183259397391,0.0302112144448,0.00263913593429,-0.00383837978597
2022-01-13,-0.0143460293407,-0.0138743513042,-0.00499363551296,-0.0192114681232,-0.0267407192645,-0.00521114847709,-0.00340276646718,0.00884149706424
2022-01-14,0.000819644376849,0.000408925932833,-0.00810650967387,0.00509785384853,-0.0213865248975,0.0148467046866,-0.00288383213201,-0.0152252187622
2022-01-18,-0.0185591055332,-0.0178681608439,-0.00128458813489,-0.0190751581765,-0.00355983437778,0.0177082009213,-0.00165161957251,-0.0141745998987
2022-01-19,-0.00973679079728,-0.0104380174821,0.00547291808057,-0.0212489733516,0.0360439827034,0.0165229192054,0.0157557538872,0.0068999056032
2022-01-20,-0.0110987424916,-0.0111296178239,0.00294842134804,-0.0104007112821,0.00884707723888,-0.0113791605836,-0.00250201163313,0.00614851537219
2022-01-21,-0.0190959953124,-0.0198259083294,-0.0176086037463,-0.0128476465104,-0.00956401456266,-0.021137720932,-0.0032677744918,0.0118360130008
2022-01-24,0.00276790489316,0.00423773439826,-0.0405355880287,-0.00487590734809,-0.0505989048718,-0.0349650044715,0.00547916393896,-0.00824966219967
2022-01-25,-0.0122465906711,-0.0122841982244,0.00736402014142,-0.0114500370376,0.00631668299041,0.024532096927,0.00319203427298,-0.00161592057689
2022-01-26,-0.00149775680386,-0.00251196152722,0.0208402382302,-0.00056359014661,0.0245827083183,0.0392364251613,-0.0162985705685,-0.0121679084173
2022-01-27,-0.00539863516358,-0.00495012011374,0.00597468029744,-0.00294743021136,0.0150992165131,0.0130338544257,-0.012982114253,0.0181967294562
2022-01-28,0.0240559679056,0.0245318179652,-0.00828042589016,0.0674509275826,0.0317665159259,-0.00971067175165,-0.00298775233951,0.000349215453534
2022-01-31,0.0187098262146,0.0178507382485,0.00477195619982,0.0257901594995,0.00861723206786,-0.0201069759203,0.00590705494054,-0.00518334168093
2022-02-01,0.00683956026537,0.00673437026553,0.0142270987713,-0.000972983516776,0.0131978160843,0.0212772144092,0.00083254050557,-0.00332515896127
2022-02-02,0.00937840050293,0.00966714830073,0.00222019818835,0.00701950834211,-0.00396843767702,-0.0206801686686,0.00361943026913,0.00338093862081
2022-02-03,-0.0246934718517,-0.0237855953453,-0.0155290868255,-0.0168612092835,-0.0244286791505,-0.0108043204656,-0.00142241606829,-0.0078361643699
2022-02-04,0.00514367849588,0.00469115462337,-0.00777391061838,-0.00168063310426,-0.00789960371613,0.0250310878933,0.00154089400848,-0.0148520540662
2022-02-07,-0.00370858093493,-0.00321427894502,0.00829052112246,-0.00424360782886,0.0140628767457,0.00508778786136,0.00737531733662,0.000647008805116
2022-02-08,0.00836611349463,0.00819422006196,0.00272982358676,0.0182984076885,-0.0140628767457,0.0011706687079,0.0030522063423,-0.00670820966403
2022-02-09,0.0144128421408,0.0145300577187,0.0144741036675,0.00825935851746,0.0147608037192,0.0214110150142,0.00339341525984,0.00188015509128
2022-02-10,-0.0182818245605,-0.0181291731072,-0.00412158994119,-0.0238816820623,-0.014619144313,-0.0090100713492,-0.00380378485079,-0.01602019324
2022-02-11,-0.0191516825467,-0.0199157062271,-0.0127471082784,-0.0204256666888,-0.030479661606,0.00614331291554,0.0188756078172,0.0147190249202
2022-02-14,-0.00384799079088,-0.00327465699575,-0.0229961372911,0.00142220856426,-0.0221411527317,-0.021668576193,0.00533644641532,-0.0125192960817
2022-02-15,0.0156437175687,0.0159982607026,0.0184748525212,0.022888551109,0.0351943113971,-0.00254589920649,-0.00954525657185,-0.0114175687321
2022-02-16,0.000880819853008,0.00112012216848,-0.00214991671742,-0.00138991472145,-0.00926476789437,0.00820154008947,0.0102317325596,0.005909435281
2022-02-17,-0.0214005041351,-0.0215929567721,-0.002610757281,-0.0214986363876,-0.00510325316255,-0.0150877516167,0.0135755059406,0.00741039196935
2022-02-18,-0.00719196179259,-0.00649594044861,-0.00247757173573,-0.00939971101187,0.00321090051639,0.000197382144648,-0.00073372468136,0.0104721958033
2022-02-22,-0.0101947353048,-0.010789690798,-0.0207089712844,-0.0179728190863,-0.0252318195994,-0.015416512902,0.00208685673998,0.00260075686392
2022-02-23,-0.0185837358359,-0.0178977979609,-0.00102152692899,-0.0262045978444,-0.0050938844729,-0.00704067161578,0.00449710131395,-0.0138775836368
2022-02-24,0.0148461051799,0.0149370269406,-0.0390405296115,0.0165427687895,-0.0459478120647,-0.0394267311546,-0.00647102404862,0.000658563801787
2022-02-25,0.0221260805457,0.0218241038834,0.0348670901505,0.0128819295419,0.0471487387448,0.0135574692074,-0.00333623536944,0.000730824110776
2022-02-28,-0.00244559147761,-0.00256167678437,-0.0139586610071,0.00163640399467,-0.0101017859925,-0.0571219968385,0.0103119949014,0.0216819612702
2022-03-01,-0.0155944676067,-0.0153476803843,-0.0401943661563,-0.0116958709714,-0.0530575106759,-0.0275757162002,0.0180004304636,0.0114954443888
2022-03-02,0.0184710466793,0.0182290124126,0.0157480791888,0.0203790536644,0.0193075343363,0.0785676038178,-0.0104608622233,-0.03478054417
2022-03-03,-0.00526852081594,-0.00499071496163,-0.0185849210257,-0.00198342461019,-0.0328210899046,-0.0382417173287,0.00593576204266,0.0101338640587
2022-03-04,-0.00796568450038,-0.0081580496053,-0.0509288814662,-0.0185793806523,-0.0662895258901,-0.0369492206463,0.0158036104704,0.01711666765
2022-03-07,-0.0299625867116,-0.0299224510416,-0.0131836177596,-0.0240034299247,-0.0174585682336,0.00872587902821,0.0147534953178,-0.00765885136417
2022-03-08,-0.00726004411013,-0.00761053846161,-0.00323310239339,-0.0117447836952,-0.0316692038191,0.0186489006299,0.0269914301309,-0.0101107623694
2022-03-09,0.0253735982409,0.0264575842369,0.0688276342659,0.0343988514166,0.0911535580608,0.0106566863297,-0.0301614995861,-0.00984737456216
2022-03-10,-0.00430104985403,-0.00452558056304,-0.0286846897984,-0.0275623704966,-0.0246965174778,-0.0114224456445,0.00311636917862,-0.0144715127134
2022-03-11,-0.0130462789467,-0.012796555837,0.00851018040409,-0.0241994278825,0.0118363139616,-0.00240996998595,-0.00705269840513,0.00334123638975
2022-03-14,-0.00744867525956,-0.00733511504237,0.0173699207084,-0.0269215771143,0.00636734830811,0.00350354266451,-0.0151884735165,-0.0236259892915
2022-03-15,0.0211826297182,0.0217518951585,-0.00234813648376,0.029245428647,-0.0146380922256,0.000109322610028,-0.0188826119279,-0.00174727584939
2022-03-16,0.0221369216572,0.0219320711607,0.0361050700756,0.0286025836792,0.0638496656131,-0.00471019297223,0.00624129091328,0.00975997993004
2022-03-17,0.0122722051616,0.0124334659068,0.00361785006206,0.00643333019197,0.00142997750337,0.0102677779358,0.00487672905894,-0.00748159430742
2022-03-18,0.0115948143415,0.0108931738451,0.00116683363527,0.020703032661,0.0151281669628,-0.0110365903094,-0.0088287088425,0.0121388188548
2022-03-21,-0.000434754763256,-0.000292375074499,-0.00574286056354,0.00850162401593,-0.00974400111289,0.0059158655669,0.00761175437311,-0.023428852552
2022-03-22,0.0112406994427,0.0116333078676,0.0116421176142,0.0205871164887,0.0167570601383,0.0189919471265,-0.0072771868167,-0.0128941852485
2022-03-23,-0.0123486302743,-0.012962112946,-0.0117788417696,0.00820004543208,-0.0309125678434,0.00769094942062,0.0135672098315,0.0216781636283
2022-03-24,0.0142420123105,0.0149620042655,-0.00390649274576,0.0224244082485,0.000640826091593,0.0075254329228,0.00723413572518,-0.00786373120076
2022-03-25,0.00505338084897,0.00487174188027,-0.000318830154806,0.00372709649758,0.00207854461615,0.0194094906998,-0.00410386053506,-0.0139698411198
2022-03-28,0.00711955103307,0.00708781523328,0.00539151469644,0.0050240618326,0.0153766736198,-0.0193024280683,-0.0183715158842,0.00851330091133
2022-03-29,0.0121820440732,0.012294906808,0.030350763334,0.0189538833554,0.055233712719,-0.0190278797517,0.000446683428254,0.00752387849221
2022-03-30,-0.00631358914121,-0.00619403940138,-0.0074732498177,-0.00667198495299,-0.0169633989338,0.0249003701916,0.00800628648993,0.00777133846125
2022-03-31,-0.0157763352142,-0.0155109003151,-0.0121957965974,-0.0179355949431,-0.0169484159173,-0.0201092596096,0.000387520425496,0.00242568609116
2022-04-01,0.00340442095478,0.00283013520178,0.00366301548764,-0.0017197637072,0.000308028458267,0.0156278684062,-0.00638621645192,0.00379947342379
2022-04-04,0.00805838265538,0.00853001021,0.00701570854519,0.0234170270369,0.0217746371966,-0.00235537636782,0.00483506103298,-0.00697365803968
2022-04-05,-0.0126311591768,-0.0127116945583,-0.012837302999,-0.0191235448009,-0.00452893990714,-0.00742394644153,-0.00628455114781,-0.0228517582428
2022-04-06,-0.00976443394775,-0.0100496301612,-0.0223192307422,-0.0186232849447,-0.038089566574,-0.0141381230764,0.00234048025184,-0.00812697682484
2022-04-07,0.00424436564264,0.00502627243641,-0.00573279956053,0.00180266685098,-0.0193624803097,-0.0163433251672,0.0037777378261,-0.00756090065297
2022-04-08,-0.00265454672425,-0.00267760051777,0.0133039166818,-0.0119805388193,0.0122640275406,0.0165622650171,0.00624642040605,-0.0108901175862
2022-04-11,-0.0170213345853,-0.0172401461461,0.00115839855221,-0.0258471757331,-0.0188564106243,0.0209141236987,0.00494720671447,-0.0159510179552
2022-04-12,-0.00342330056611,-0.00371185256766,-0.00281060194671,0.0114576951504,0.0175891976949,-0.00429848323392,0.00764743446172,-0.00138152466686
2022-04-13,0.0111126033962,0.0113883111928,0.000723263583263,0.0162104756456,0.00505934548235,0.0119900491409,0.00477711133099,0.00203076442679
2022-04-14,-0.0122184803828,-0.0125299891492,0.00719037421603,-0.0304471511889,0.00926144672885,-0.00629828280632,-0.00330902155261,-0.0202492423465
2022-04-19,0.0157251554341,0.0164249200025,-0.00831450635944,0.0126846360717,-0.00926144672885,0.0139310321279,-0.0121358620587,-0.012500151559
2022-04-20,-0.000618666490265,-0.000741915056254,0.0136965925535,-0.00101600705535,0.01284897093,-0.0065689796256,0.00488300954233,0.0199258147813
2022-04-21,-0.0148628555381,-0.0150664231684,0.0135219260692,-0.00485536204027,0.0171339601983,0.00244188700934,-0.0035639426439,-0.00742566322222
2022-04-22,-0.028132076357,-0.0278223176827,-0.0201082208169,-0.0282156088142,-0.0213466722285,-0.0275226194741,-0.00976966536398,-0.00631378305919
2022-04-25,0.00568176513705,0.00578070592917,-0.020266531659,0.00671468245339,-0.0382454367851,-0.0409403205512,-0.0181344312255,0.00995157531783
2022-04-26,-0.0285500089598,-0.0293885127616,-0.00541204602926,-0.0380426821597,-0.00213854592492,0.0163320629324,0.00152385385123,0.0100158346698
2022-04-27,0.00209584911475,0.00280775787727,0.00477300263567,-0.00146808989893,0.0151976409321,0.00834404277144,-0.00758571986595,-0.0129085479551
2022-04-28,0.0244456553259,0.0249456600108,0.00970878153963,0.0441657831269,0.000972692147162,0.0359085550804,0.00538380507368,0.00148872899958
2022-04-29,-0.0369591597318,-0.0376557585816,0.00393039296938,-0.0372914428348,0.00371947323236,0.00946752681974,-0.000112983270352,-0.0130581543661
2022-05-02,0.005659199286,0.00600145088275,-0.0166925685427,0.00196444962017,-0.0210430192402,-0.00520148458418,-0.018714524138,-0.0174858512466
2022-05-03,0.00482546491797,0.00457351549218,0.00783931095286,0.00957658063747,-0.0101069027926,0.0380085207894,0.00264575674109,0.00671921020966
2022-05-04,0.0294252216987,0.0299983313277,-0.0125080675716,0.0401898506761,-0.0120625653331,0.000512139485663,0.00977461842192,0.00549499728781
2022-05-05,-0.0363006776384,-0.0361897422334,-0.0042745447179,-0.0573283902408,-0.0330706209363,0.014033027789,-0.00381841848113,-0.0277804735792
2022-05-06,-0.00569038430811,-0.00598683106035,-0.0174300971836,0.00471586465609,-0.0213054691316,0.0216760620949,0.00165450328723,-0.0148455983069
2022-05-09,-0.032561519659,-0.0325409620541,-0.0279238070814,-0.0337524042396,-0.0349516300864,-0.049942035051,-0.0145853460016,0.00875925254714
2022-05-10,0.00245488186209,0.00230769360067,0.00506275157431,0.0159836565392,0.0126364883556,0.000207638154081,-0.00848106731694,0.00902854368935
2022-05-11,-0.0166002320473,-0.016013482676,0.0246761957661,-0.0532333380891,0.0418770426879,0.0447813473231,0.00813395711434,0.01908888434
2022-05-12,-0.00129680511724,-0.00104459782199,-0.0101748659416,-0.0272622138528,-0.0133522802514,-0.0196554455996,-0.0154527052874,-0.00186698156916
2022-05-13,0.0235892680935,0.0236266025485,0.0248912775188,0.0314173399431,0.0277334457103,0.0340499263955,-0.00814262840121,-0.0148913667084
2022-05-16,-0.00395420856409,-0.00406585772118,-0.00234612662955,-0.0107297732862,-0.0108970638492,0.0122580185827,0.00949328195476,-0.00103512445218
2022-05-17,0.0199689196071,0.0203617401516,0.0129005043522,0.0251049421119,0.0259219601551,0.0119188749736,-0.00629909369544,-0.0121572421392
2022-05-18,-0.0412338092837,-0.0411465512289,-0.0120863890308,-0.0580732911686,-0.0198534959313,-0.00287052557646,0.000531341709918,0.0210939425744
2022-05-19,-0.00585086488496,-0.00614365310501,-0.0127092166413,-0.0249498875447,-0.0174371622462,-0.0125351086329,0.014590280123,0.00239195610674
2022-05-20,0.000146130999877,0.00043634636826,0.00199559274624,0.00174540324443,-0.0211544816493,0.00348675923576,0.000697767074617,0.0112861654582
2022-05-23,0.0183849955202,0.0185374399222,0.0116262166165,0.0393355400074,0.00769591143982,0.0300977997718,0.00463958958846,-0.016591103969
2022-05-24,-0.00815395102249,-0.00766303988492,-0.0167465218205,-0.0194031149541,-0.0163569891722,-0.0158882765641,0.007493711421,0.0195399199677
2022-05-25,0.00940638565005,0.00879592212267,0.00724999933173,0.00113932640675,-0.00145090438463,0.0281972543518,-0.00604824849344,0.00394664168974
2022-05-26,0.0196881661525,0.0197844622419,0.0176160037975,0.0229348042204,0.0360045850427,0.0214547534811,-0.00185060776142,-0.00453550104928
2022-05-27,0.0244411300787,0.0242527946667,0.0162725602815,0.0399476322247,0.0381293440049,-0.00436345841443,0.000520881929196,0.00243810016126
2022-05-31,-0.00629413518667,-0.00562675458621,-0.00723173314771,-0.00536021306582,0.00638330645329,0.0128543085891,-0.00994227193307,-0.0213891607694
2022-06-01,-0.00751090507226,-0.0081215126926,-0.00774536285926,-0.000873721065992,0.0010042758217,-0.026799665648,0.00634884047616,-0.00114378497191
2022-06-02,0.0182632254775,0.0188645320133,0.0126246309415,0.0166712511515,0.0170831212227,0.000923590656714,0.0122340379123,0.000515870559456
2022-06-03,-0.0164824055727,-0.0165478588189,-0.00233181061015,-0.0393184678168,0.00164301257507,0.00570637447508,-0.0102038988662,-0.00215174476213
2022-06-06,0.00313248947532,0.0030402403886,0.00974069269436,0.0052140493127,0.00768671365932,0.0183690062972,-0.00441345071877,-0.0186161602487
2022-06-07,0.00947833153122,0.00954632779992,-0.00742270324427,0.0174331673527,-0.00883673396961,0.00395699510059,0.00649726714677,0.0107420494062
2022-06-08,-0.0108526229788,-0.0109315773579,-0.00798834967911,-0.00505642225584,-0.0110733991533,0.0144349543273,-0.000925621953957,-0.00889972633176
2022-06-09,-0.0240864578685,-0.0240702625271,-0.0140814834693,-0.0366179136623,-0.023712628449,-0.0144349543273,-0.00318833352013,0.00332499229102
2022-06-10,-0.0295424148301,-0.0294242283494,-0.0272987161868,-0.0393944659332,-0.025335107166,-0.0219590258439,0.0133231320068,-0.00622114619808
2022-06-13,-0.0395399318319,-0.0387079535633,-0.0270149494313,-0.0390371417527,-0.0407930252376,-0.0213267960046,-0.0267673552772,-0.0318822972539
2022-06-14,-0.00378081821498,-0.00301775644143,-0.0121082356948,0.0066508003229,-0.0109691191192,0.0135905189526,-0.00803541103459,-0.0126935122849
2022-06-15,0.0144870589002,0.0141556026443,0.013404247756,0.0199118205221,0.0142365586996,-0.0102222217612,0.0129665100045,0.01848453983
2022-06-16,-0.0330522069242,-0.0336560448379,-0.024151086523,-0.0404589736439,-0.0227283919345,-0.0295755110156,0.0111804458556,0.00790803190361
2022-06-17,0.00219844724294,0.00215364813317,-0.000610139455784,0.0114669661434,0.00977796783423,-0.0519316618231,-0.00825680917881,0.00321723316563
2022-06-21,0.0241824749143,0.0248617787077,0.01384475692,0.0322355356275,0.0160264145352,0.0364596240024,-0.00374378315687,-0.0170976065945
2022-06-22,-0.00130241996655,-0.00181474704573,-0.00808507064139,-0.00383426973503,-0.00325726813357,-0.0292350746186,0.00397727022528,0.0271289709508
2022-06-23,0.00948707224986,0.00975492979437,-0.00564406887965,0.021344325819,0.025589532143,-0.0195598863884,-0.00614811797857,0.00818147088829
2022-06-24,0.0301055397935,0.0312989123352,0.0317874221365,0.0242213756952,0.0371120574509,0.0299048085621,-0.000998965880021,-0.013939546338
2022-06-27,-0.00297749993859,-0.00382708193139,-0.00429680870951,0,-0.0123331320202,0.00893989954634,-0.00111769184604,-0.0085652338585
2022-06-28,-0.0203486729963,-0.0206443480163,0.0063807861627,-0.0302421583282,0.0152228538797,0.0129162707337,-0.0016493819071,0.00464861495496
2022-06-29,-0.00071199889788,-0.000814891880786,-0.00900192420915,0.0129396905691,-0.000169686500708,0.00610168451623,-0.000766653925669,0.0154876540999
2022-06-30,-0.0087978661641,-0.00815742669917,-0.018172999563,-0.0181925058871,-0.0124712399475,-0.0116452432745,-0.00609558309012,0.00874395702771
2022-07-01,0.0104985112144,0.0105209953632,0.00138354187678,0.0160351709705,-0.00292676631426,-0.00437747984778,-0.000831403303311,0.0102139905189
2022-07-05,0.00158287524898,0.0018868596846,-0.0232143915552,0.0187534259114,-0.0138891456878,-0.0218723124266,-0.0214377977542,0.00782635595337
2022-07-06,0.00356679556245,0.00337152230575,0.0200598703043,0.00956152550209,0.0437826180771,-0.0294732489252,-0.0159690199906,-0.0169335327817
2022-07-07,0.0148537231654,0.0148662398438,0.01582710751,0.0237159866664,0.0165951790942,0.0357714492642,0.000554903373904,-0.00883885918204
2022-07-08,-0.000830616299998,-0.000823176733901,0.00439038263538,0.00470335025571,-0.00115275209967,-0.00212878491109,0.000431436238879,-0.011137900034
2022-07-11,-0.0115944176154,-0.0114890977708,-0.00612334816114,-0.0148675139095,-0.00429336821584,-0.00712916649497,-0.00537492419784,0.0170974305157
2022-07-12,-0.00928686854572,-0.00888843362238,0.00795658696953,0.00681025614613,0.0105352343923,-0.013479585395,-0.00372364986394,0.00592430647593
2022-07-13,-0.00446686423491,-0.00526553858167,-0.00729965936726,-0.00253983792598,-0.00739573038094,0.00165623686928,0.00477626427266,0.0114010138715
2022-07-14,-0.00300313868521,-0.00243135620892,-0.0142386707265,0.0202758812698,0.000329719132444,-0.0477668510974,-0.0141466475607,-0.00819200273384
2022-07-15,0.0190192315809,0.0189248311802,0.0201807042056,0.0113847908403,0.00329262512143,0.0308704089988,-0.00201047377524,0.00561246500709
2022-07-18,-0.00839874236779,-0.00829120411718,0.00922014615251,-0.0208591148535,0.0096508394202,0.0230826127298,0.000942948810928,-0.0104730116102
2022-07-19,0.0272535174508,0.0266605149335,0.0177843944996,0.0263707081298,0.0222160817737,0.00930994216381,0.00238461991617,-0.00540945530816
2022-07-20,0.00587849395745,0.00635289628843,-0.00267402370628,0.0134199508837,-0.00382818631691,0.00203471604777,-0.00944650935623,0.00262078015876
2022-07-21,0.00981306673333,0.0101318156269,0.00265622834052,0.0149811978123,0.0120730178137,-0.0270913579747,0.0140117967128,0.0171287695844
2022-07-22,-0.0093762872035,-0.00932135345527,0.00253020749468,-0.00814382857842,0.00220822996681,0.0135858308137,0.002492641644,0.0166713052013
2022-07-25,0.00131430295355,0.00121405496063,0.00332895212869,-0.00742570477715,0.00424487284174,0.0114708111132,-0.00274230155169,-0.00983333143474
2022-07-26,-0.011610342583,-0.0119013733368,-0.00419305136791,-0.00886551755624,-0.0193257064327,0.00203471604777,-0.00118651780571,0.000766501029075
2022-07-27,0.0258200486299,0.025634707754,0.00745665359761,0.0336617476189,0.0171269445656,0.0110162628846,0.0101334679927,-0.00563356517159
2022-07-28,0.012060319985,0.0124647881611,0.0129031008098,0.00356530190296,0.0414256577774,-0.0338355757557,0.0121116787076,0.00792933974529
2022-07-29,0.0141077756784,0.0144733130892,0.0170933967675,0.0322666947815,0.0180884179006,0.0341372146593,0.00280714770889,-0.0027214180338
2022-08-01,-0.00282707648426,-0.00296571347268,-0.0018067233341,-0.00617229507149,0.0195121386654,-0.0164123086477,0.00565123483686,0.0237981612992
2022-08-02,-0.00668468852369,-0.0066190333387,-0.00421278351262,-0.00933080313606,-0.0136035886004,-0.0146107926743,-0.00595599180175,-0.0213868825472
2022-08-03,0.0155174563995,0.0155379245514,0.00966642075831,0.0375343405217,0.00967314692127,0.00836054132223,0.00243527669822,0.0156221300203
2022-08-04,-0.000777642577513,-0.000675729824099,0.00636561951073,-0.00192804537323,0.0107356777282,-0.000102676963844,0.0164046923582,-0.000335443469049
2022-08-05,-0.00162706901908,-0.00169147929816,-0.00632080649932,-0.00138998260048,-0.015707110438,0.00512658539187,-0.0113097821712,-0.0240912652563
2022-08-08,-0.00123831692599,-0.00116169760224,0.00801584418266,-0.00290702113613,0.0100634288412,0.0188433640623,0.00843434737387,0.0160127176463
2022-08-09,-0.00425774429615,-0.00397873422069,-0.00529258601198,0.000303131509944,-0.0140290847896,0.0204636999651,0.0030548707547,-0.0038943539908
2022-08-10,0.0210671583334,0.0207862617521,0.00513930440439,0.0258573072228,0.0153342586071,-0.00611485024822,-0.0025151100451,-0.00655289768248
2022-08-11,-0.000705722721719,0,0.00324913088417,-0.004441603144,0.00520382227316,0.0284786843781,-0.00264171026951,-0.0235855784048
2022-08-12,0.0171740467598,0.0167873754133,0.00140320213928,0.021199556958,0.00129690203776,-0.00134697297964,0.00915597815596,0.0100898524882
2022-08-15,0.003961684202,0.00411218992779,0.00245208365423,0.00631343598912,0.00717345931106,-0.0237737987944,-0.0129505256652,-0.000865680332889
2022-08-16,0.00187392268791,0.00195687069402,0.00343853420698,-0.000924374682239,-0.000858011238035,0.0154586694781,-0.00175163271085,0.00414904517635
2022-08-17,-0.00726411480968,-0.00712333558819,-0.00979517689629,0.00874617573532,0.00214407592606,0.000776490115647,-0.00648934555564,-0.0104923864073
2022-08-18,0.00226698953347,0.00290221017057,0.00444455887483,-0.00229414533144,0.00923740007101,0.0241529589774,-0.00261984488811,0.00148091848819
2022-08-19,-0.0129839287364,-0.0135292804807,-0.0094337234097,-0.0152169624796,-0.0122404150825,-0.00208524809329,-0.00734755328379,-0.0162335235179
2022-08-22,-0.0216323664463,-0.0210422555923,-0.0181898222,-0.0232987565892,-0.0227397446731,0.00662039722266,-0.00665930442209,-0.00336752288834
2022-08-23,-0.00224037045735,-0.002422233855,-0.00262468224272,-0.00203122566244,-0.0041103511307,0.031913654941,0.00696655195427,-0.00551807014976
2022-08-24,0.00291191692546,0.0031962008362,0.00388112077705,0.001792420781,0.0102445159957,-0.0206650627736,0.00294458217858,-0.00734554505882
2022-08-25,0.0139932416783,0.0140189097419,-0.000814470088266,0.0148126104226,0.00130954168033,0.00742961641734,0.00305810635882,0.0138394912847
2022-08-26,-0.0342685762993,-0.0344352977407,-0.0169570783383,-0.0384284567882,-0.027568615807,-0.0014814719528,-0.0122271501532,0.00750966423899
2022-08-29,-0.00668867527504,-0.0066341312655,-0.00831914796482,-0.0137846002298,-0.00915986419936,0.00812109210113,0.000618045883564,-0.00830802419731
2022-08-30,-0.0110894164149,-0.0110386448972,-0.00194000784755,-0.0154238350613,-0.00166088739277,-0.0368851815909,-0.00837555547132,0.00248241081437
2022-08-31,-0.00784773818071,-0.00763805820231,-0.0138012578414,-0.010691969385,-0.0218445463847,-0.0337499801915,-0.00775531439614,-0.00960738326389
2022-09-01,0.00299175235385,0.00313296462414,-0.0149335740946,0.00469591108849,-0.0229644453265,-0.00951487718874,-0.00882902250627,-0.0184777727046
2022-09-02,-0.0107945525977,-0.01060054081,0.0218336281486,-0.01370479262,0.0184756410023,0.0265321090079,0.00876617756209,0.00564110679829
2022-09-06,-0.00410346485457,-0.00378018153089,-0.0102509518656,-0.00824920973664,-0.0101350353405,0.00290493436378,-0.00585658028891,-0.0250806109641
2022-09-07,0.018174848723,0.0178055945467,0.000214578569168,0.0092116504875,0.00515838129747,-0.0377364419469,0.0101172822632,0.0156916853711
2022-09-08,0.00658896701726,0.00651487186718,0.00326688882885,-0.00966437949109,0.00326857247971,-0.0120210354869,-0.00602037442386,-0.0103105307882
2022-09-09,0.0151560147878,0.0154160386554,0.0140103710047,0.0186642448457,0.0135826281843,0.0128239254085,0.00526984276102,0.00221860420153
2022-09-12,0.0105286515269,0.0106900503308,0.0193311519435,0.0377850965317,0.0100672057127,0.015233868346,0.00505538895152,-0.00825142430139
2022-09-13,-0.0441991630745,-0.0444563072612,-0.013975574944,-0.0604715367666,-0.0122157888309,-0.0115284624679,-0.013096731441,0.00232470231129
2022-09-14,0.00338128924154,0.00380855124154,-0.00373429983268,0.00950984113835,0.00505709631491,0.0244878057484,-0.00385503069759,0.00343055830106
2022-09-15,-0.0113822721394,-0.0114180318064,-0.0104312752163,-0.0191112961513,-0.0197597138607,-0.0242881270037,-0.0188558020325,-0.000648021708228
2022-09-16,-0.00720804989605,-0.00765810097621,-0.0131655550575,-0.0110206873004,-0.00296674578389,-0.00510983825045,0.00553376370085,-0.00837037687207
2022-09-19,0.00683369786515,0.00772494257081,-0.00258837014343,0.0247735504242,0.00234289401903,-0.00958894456315,0.000769794770825,0.0023318661313
2022-09-20,-0.0113361147516,-0.0115450446579,-0.0136401449398,0.0155439399225,-0.0109804259432,-0.00876028114065,-0.00572293598074,-0.0100202312388
2022-09-21,-0.0172646740969,-0.0175975655336,0.00863559196976,-0.0204759263168,0.0150283738051,0.0153447257315,0.00463222857509,0.0166139810386
2022-09-22,-0.00846329398764,-0.00843534309147,-0.0188845247866,-0.00639537752283,-0.029485757935,-0.000204601206046,-0.000577842019926,-0.0258799827008
2022-09-23,-0.0173828288319,-0.0168968783869,-0.0230895373171,-0.015239677251,-0.0353429200191,-0.0504166325908,-0.017427813516,0.00407611365605
2022-09-26,-0.0103943607805,-0.00994181720342,-0.00242712165484,0.00225812831179,0.00595042424656,0.0110118885942,-0.0117014157432,-0.0192953418861
2022-09-27,-0.00212261095486,-0.00255596468575,-0.00270242797427,0.00654448986745,-0.00429396792698,0.0172875877902,0.00204773999793,-0.0266842177652
2022-09-28,0.0194811441815,0.0194852523651,0.00194289626955,-0.0127318792153,0.0147859157645,-0.0144207298522,0.0205735568669,0.0329338971327
2022-09-29,-0.0213527947247,-0.0211103473964,-0.0154068026176,-0.0503665523726,-0.00851613475102,0.003069877994,-0.000193942133585,-0.00518958644287
2022-09-30,-0.0151813516801,-0.0155843577408,0.0149435700206,-0.0304998585518,0.00393973809908,0.0202978086453,6.46170752197e-05,-0.0129944587712
2022-10-03,0.0255545776809,0.0260589873867,0.0055051558107,0.0302892096746,-0.00393973809908,0.0302975644012,0.0240190090841,0.0157642309365
2022-10-04,0.0301253414139,0.0305161087051,0.0415039054086,0.0253004263073,0.0618621237023,0.0306742042018,0.0142264428717,-0.0027967939049
2022-10-05,-0.00201998773221,-0.00233099843045,-0.00901948800319,0.00205096206651,-0.0147966101576,0.0108548662385,-0.00555365699298,-0.00960772489086
2022-10-06,-0.0102979227077,-0.0103692221161,-0.00822694341453,-0.00664765723535,-0.00345810765066,-0.0116348017284,-0.00112692848334,-0.00557365583847
2022-10-07,-0.0284031966867,-0.0282905178045,-0.0117730517964,-0.0374098167807,-0.0269702601676,0.0256104578399,-0.0110233861346,-0.00975514935873
2022-10-10,-0.00752067298682,-0.0076645211513,-0.00450825604283,0.00235302486559,-0.0125338864578,-0.0211343720839,-0.015318202207,-0.0156682759924
2022-10-11,-0.00654051849863,-0.00635321369242,-0.00125916881397,-0.0103079604205,0,-0.0207972035673,-0.00206021190563,0.00441595357212
2022-10-12,-0.00329619976364,-0.00330375290395,-0.00252839075064,-0.00461547121217,0.018501083238,-0.0136735302563,0.00533506633251,0.00489456459119
2022-10-13,0.0256342593608,0.0260486881169,0.010381609748,0.0330599951411,-0.00710017180506,0.0305795902353,-0.0069476057444,-0.00961205222276
2022-10-14,-0.023947120815,-0.0230523965798,0.00892893757488,-0.0327710303428,0.0123924636241,0.0173920744392,-0.0125371611932,-0.00828481880458
2022-10-17,0.0261355246111,0.025372418103,0.0181653784663,0.0287068201062,0.0197963517863,0.0150206067489,0.00287207774853,-0.00488167235861
2022-10-18,0.0113627681278,0.0116811690699,0.00435094563496,0.00936520797719,-0.00251225947411,-0.0165545311936,0.00214866119159,0.0023424214253
2022-10-19,-0.00669445514328,-0.00711177115536,-0.00434100322803,0.000765158482822,-0.0176038933418,0.00935735164985,-0.0134889288983,-0.0183740019492
2022-10-20,-0.00798268679015,-0.00842060652403,0.00761565909047,-0.00327266762395,0.0142972335199,0.0066306406835,-0.00158346012364,-0.0172405358233
2022-10-21,0.0234477599414,0.0240107580342,-0.00849840662933,0.0266996761118,-0.00395107494006,0.000188881951917,0.0176705977443,-0.0181874536447
2022-10-24,0.0118119402339,0.0121621840132,0.0157760645098,0.0146941828035,0.00694341456954,0.0099560686004,-0.00324886588233,-0.00829850450278
2022-10-25,0.0161357698778,0.0158423375852,0.0192528659762,0.0191530294387,0.0341635245397,-0.00468387923595,0.00227535288692,0.0286965782689
2022-10-26,-0.00741514019993,-0.00756246123946,0.00411280889086,-0.0198221641415,0.00757007695872,-0.00621669834747,0.00634344811239,0.0143047510204
2022-10-27,-0.00610118509778,-0.00535421119851,-0.00515646474897,-0.0309393259702,-0.0115292620133,0.0290525736278,-0.00154972909245,0.010416429661
2022-10-28,0.0243280368299,0.0235120793851,0.00463687584424,0.0728347328294,-0.00935082938291,0.00201702320798,-0.010263168708,-0.00689817547589
2022-10-31,-0.00748232725554,-0.00724956614482,-0.00100157508044,-0.0155304411454,-0.0159905372609,0.00929897603899,-0.00819488617462,-0.00715295898181
2022-11-01,-0.00410966351015,-0.00438550828811,0.00976266305321,-0.0176983596446,0.0182982118047,0.0250911298678,0.0101517258131,0.00930158458308
2022-11-02,-0.0253198439347,-0.0254162501184,-0.00815071353815,-0.0380187271294,-0.0219038710896,-0.00479047864411,-0.00699697462435,-0.00434949423928
2022-11-03,-0.0106424223105,-0.010350487895,-0.00536737223095,-0.0433301775206,-0.0105789077693,0.0114933763801,-0.0038132919694,-0.00541133676176
2022-11-04,0.0135268232177,0.0142906866045,0.0273577867022,-0.00194931221098,0.05587020361,0.0153527786559,0.0302345789347,-0.0169437145202
2022-11-07,0.00956806167893,0.00952006526673,2.64819357214e-05,0.00389449495914,-0.0154292362086,0.00690132304927,-0.00397025999307,-0.0100265172308
2022-11-08,0.00558228267341,0.00538081920978,0.00387151274242,0.00416645407675,0.00228393111876,-0.0176933029202,0.0228363299295,0.0108754282362
2022-11-09,-0.020996784698,-0.0208170605312,-0.00169827833075,-0.0337531798641,0.000760220232234,-0.00755379592135,-0.00502989443129,0.00328186719793
2022-11-10,0.0539525157133,0.0534970512004,0.0194441124319,0.0852363857906,0.0428382440096,-0.00335607613813,0.0299901540181,0.037752177655
2022-11-11,0.00919831244216,0.00963218518008,0.0057469164917,0.0190855015063,0.0278553481733,0.00898277608899,0.00658459896283,-0.00367076005577
2022-11-14,-0.00897594063492,-0.00854317635213,0.00220388401303,-0.00953110137546,-0.00781862020704,-0.00193075148734,0.00218526252053,-0.002454923285
2022-11-15,0.00867537629724,0.0084928886614,0.00490388887632,0.0117996830108,0.00498253673162,0.0149959990992,0.00351069910551,0.0160506037192
2022-11-16,-0.00828628301023,-0.00765807812636,-0.00519893268086,-0.00836606635544,-0.00798417125059,0.00792965071884,-0.00229874280493,0.0216329120459
2022-11-17,-0.0030941045255,-0.00306452011077,-0.00471809949659,0.0128880577208,-0.00257976159996,-0.0140054578641,-0.00729396028262,-0.0106080493161
2022-11-18,0.0047472955728,0.00453007960957,0.010338495331,0.00377456330037,0.00200709891057,-0.000522489820414,-0.00691750810934,-0.00690135432591
2022-11-21,-0.00389124993071,-0.00364270164815,-0.00150761889016,-0.0219185281541,0.00157417741801,-0.0313216484715,-0.00560563272549,0.00420654135053
2022-11-22,0.0134886063415,0.0133672911795,0.00347271260252,0.0145546099126,-0.00200393714695,0.0429263577486,0.0011730329665,0.0140914224777
2022-11-23,0.00589726613116,0.00628177934484,0.0032332147698,0.00590881366243,0.00571522552695,-0.0079531081131,0.00621250635373,0.0172917026972
2022-11-25,-0.00028308436697,-0.00022359051279,0.00498674996784,-0.0197881961353,-0.00242504512634,0.0143043735278,0.000858099952825,-0.00339557138019
2022-11-28,-0.01556469685,-0.0160856974068,-0.00706848739642,-0.0266151763123,-0.00214450150856,-0.0120499908171,-0.00793489031097,0.00281424295688
2022-11-29,-0.00159313355176,-0.00171907590195,0.000565467514594,-0.0213751192353,0.00471203536545,0.0205696691227,0.00492826123511,-0.0117953459419
2022-11-30,0.0304786433705,0.0310146585646,0.0103792818572,0.0474499011653,0.0490612956549,0.0229777732441,0.012700922019,0.00732745113947
2022-12-01,-0.000868009814365,-0.0007361654497,0.00228577266384,0.00188979870012,-0.0155510156038,-0.0173945807246,0.0182178377049,0.0314463734419
2022-12-02,-0.00119537461782,-0.00115446985169,-0.00173681486512,-0.00337686914639,-0.00793713598427,-0.0064319919805,-0.00346166275597,0.012496983717
2022-12-05,-0.0180562495614,-0.0181528041329,-0.00674001084637,-0.00801511755749,-0.00111902994361,-0.00220999461022,-0.0173078106215,-0.0141060091441
2022-12-06,-0.0145038693909,-0.0145197795012,-0.00137020466347,-0.0256975891295,-0.00041996003388,-0.000692693861963,0.00273363476634,0.0127979207188
2022-12-07,-0.00186410728107,-0.00170255717739,-0.00407543580362,-0.0138808047427,-0.00196232815452,-0.0206553513205,0.00899849662207,0.0232892937955
2022-12-08,0.00749363444129,0.00780309756449,-0.00199577536722,0.0120597749408,0.00866060263854,0.00476401689158,0.000841340186275,-0.00274449782607
2022-12-09,-0.00737671947569,-0.00749806006438,0.00455238180021,-0.00344062758887,0.00180642092106,-0.00919550658468,0.00353789834301,-0.0263584658723
2022-12-12,0.0141783073538,0.0143142115964,-0.00406512353501,0.0162569982027,-0.00570829248468,0.00584545296228,-0.00829484251881,0.00319235944661
2022-12-13,0.00726322306814,0.00754145534862,0.014098992837,0.00675957523028,0.0145542662427,0.0221823131448,0.0169368907034,0.00960970656307
2022-12-14,-0.00607111662827,-0.00641421672533,-0.00210599412495,-0.0156576805701,0.000962968172676,-0.00710768265323,-0.00243598943301,0.00426222020907
2022-12-15,-0.0252374778119,-0.0247657158728,-0.0313933919971,-0.0479876807687,-0.0361133809589,-0.0184360311065,-0.0164946003931,0.00389375553299
2022-12-16,-0.0112002400555,-0.0118764437181,-0.0108113539034,-0.0146861163266,-0.0111796266588,-0.0137393190991,0.00867101840567,-0.0112332412674
2022-12-19,-0.00904832886024,-0.00851592169448,0.00319670456236,-0.0160373203277,-0.00941288433461,0.0176304086484,-0.00282180848284,-0.016947981059
2022-12-20,0.00103680067748,0.00136751658525,-0.00353766353043,-0.000529187808993,-0.00642230003896,0.011408636716,0.01645830189,-0.017916825793
2022-12-21,0.0147585486134,0.0148419635965,0.01992443186,0.0235304721827,0.0125146246964,0.0290672245517,-0.00165738759294,0.00251063514724
2022-12-22,-0.014557142283,-0.0143689620251,-0.00950824364554,-0.0240597092526,-0.0109052496097,0.000169685804095,-0.012158976905,-0.000193108665396
2022-12-23,0.00585095206808,0.0057358108735,-0.00200728676108,-0.00280170995087,-0.0150246738094,0.00355285551363,0.00299383503041,-0.0147692366822
2022-12-27,-0.00405784394119,-0.00395130930873,0.00701010775347,-0.0139758262668,0.0240481968135,0.00706845382323,0.00839467335265,-0.0199703753839
2022-12-28,-0.0120934703645,-0.0125058720199,-0.00615107359693,-0.0311658665124,-0.00522949165721,-0.00436986571793,-0.00451598601879,-0.00590960166436
2022-12-29,0.0173106341594,0.017840103755,0.00962712592541,0.0279306679524,0.0143158090742,0.00016843559838,0.00558263697241,0.0112870062814
2022-12-30,-0.00254397556899,-0.00263722790265,-0.0152848367639,0.00246593063479,-0.0241220836626,-0.0123698468445,0.00466775634548,-0.0111864939949
2023-01-03,-0.00400857237095,-0.00421898236482,0.022925784039,-0.0381221900033,0.0331265812519,0.0174453037359,0.00833582174928,0.0189041309049
2023-01-04,0.00751069452887,0.00769063661728,0.0227676092291,0.0102612795423,0.0488716643405,-0.0236758402379,0.00936788638072,0.0136071091748
2023-01-05,-0.0117138691232,-0.0114789144917,-0.0022056816454,-0.0106612805749,-0.0130934701248,0.0058854513912,-0.0125296314869,0.00417216380657
2023-01-06,0.0225838354667,0.0226728759716,0.0146011856052,0.0361333676957,0.0276214652603,0.0126908128148,0.0185346670562,0.0182292970533
2023-01-09,-0.000767927265797,-0.000567131193461,0.00674154541479,0.00408060280427,0.0143199513453,-0.00615377054116,0.00224259882622,0.00530986182765
2023-01-10,0.00695399794249,0.00698863796958,-0.00554855355919,0.00444633268755,-0.00435373737709,0.00154202741678,0.00366930224679,-0.0166882555012
2023-01-11,0.012767571086,0.0125685201852,0.00798213281019,0.0208926348406,0.0209348023493,0.00648483737467,-0.000687027734832,0.0161208334736
2023-01-12,0.0034100850497,0.00363421279249,0.00740877002314,-0.0005993678646,0.00181119865517,0.0111636767525,0.0115016016784,0.0194908599034
2023-01-13,0.00398889214062,0.00387192745435,0.0068318300634,0.0100681947836,0.0148817546381,0.00469856307703,0.0119303386673,-0.00941691408565
2023-01-17,-0.00203255538396,-0.00183374849661,0.0076110500419,0.00871837855156,0.0152906785846,-0.00217866124898,-0.00656659595207,-0.0064847108847
2023-01-18,-0.0156849671595,-0.0159139442659,0.000879906680609,-0.00538467702164,0.00562743532555,0,-0.00287588098444,0.0239430753922
2023-01-19,-0.00766767170627,-0.0073064348844,-0.0187419210479,0.000443521590316,-0.032058679055,-0.0213674618269,0.0157439282574,-0.00627958381943
2023-01-20,0.018741673358,0.0184577194511,0.00632645625137,0.0190385972573,0.0079519293562,0.00870372388304,-0.0033409798512,-0.0163444474918
2023-01-23,0.0118113161586,0.0119272446123,0.00513684614919,0.0232285104293,0.00674770119339,0.0059297355318,0.00189464005129,-0.0047189123754
2023-01-24,-0.000711756508141,-0.00107405812717,0.00262168941215,0.0100127500322,0.00846554796198,-0.00865220675481,0.00361198465978,0.0142776980404
2023-01-25,-0.000181741456759,0.000374915895288,-0.000936558672631,-0.00471183564682,-0.00315029731382,-0.00512461222583,0.00459339472243,0.00242198267491
2023-01-26,0.0109477080437,0.0109303620736,0.00737073063445,0.0146947074521,0.0116695376964,0.00205282031538,-0.0090965183848,-0.00466248471443
2023-01-27,0.002491734033,0.00229508138717,0.000171874839535,0.0135915823183,-0.000748860108644,0.00187838765685,-0.00139396157734,-0.00252718152503
2023-01-30,-0.0130535692984,-0.0126262054587,-0.0021440108998,-0.0202824058704,-0.00275016080604,-0.0121858688769,-0.00257001094102,-0.00366170618006
2023-01-31,0.0145363043841,0.014596276338,5.79135212852e-05,0.00898032720003,0.00150111423321,-0.0161897641158,0.00362961563181,0.00796326358491
2023-02-01,0.0103980562277,0.0105718866881,-0.000750033275054,0.00787004106551,-0.00564100335174,-0.017884321456,0.0125181317151,0.0119490943558
2023-02-02,0.0145923847014,0.0144519670563,0.0125196859634,0.0363920392687,0.0169517122243,-0.0142153060642,-0.0209702824967,0.00129380399977
2023-02-03,-0.0104085928403,-0.0106862494913,0.00939853228573,0.0241070017392,0.0247800897415,0.0209817436884,-0.0252744953335,-0.0150689763032
2023-02-06,-0.00615939311102,-0.0061299690148,-0.0134772860618,-0.0180913412511,-0.0184966179223,-0.0123207123687,0.00207325566942,-0.00743123451516
2023-02-07,0.0127903640678,0.0129938260791,-0.00066575798089,0.0190618457466,-0.00838676694129,0.0332187540463,0.000920005807388,-0.00805837785044
2023-02-08,-0.0111425730807,-0.0109949515761,-0.00175692744071,-0.0178104524681,-0.00908258601561,-0.0193022975159,0.0024685451268,0.00474788694894
2023-02-09,-0.00886900976274,-0.00870707477896,0.00957917239138,-0.00693531231993,0.0113094674258,0.0246753546854,-0.00794388812583,-0.00951816945143
2023-02-10,0.0021928557245,0.00233117999117,-0.0081896693397,0.00245281420471,-0.0144388640916,0.0255986197734,0.00190537890723,-0.0112528825391
2023-02-13,0.0113835699208,0.0116704904956,0.0109999860701,0.018632195805,0.0157972981833,0.00319633009165,-0.00508909846691,0.00837966323928
2023-02-14,-0.000280453795055,-0.000460179227567,0.000723903825032,-0.00423371537527,0.000246789999831,0.0073626900216,0.000753455662468,-0.00230471431887
2023-02-15,0.00276933757062,0.00324187473439,0.0119948780332,0.0138076082265,0.0148187679323,0.000333269987412,-0.0100146513849,-0.00936904806024
2023-02-16,-0.0138846893145,-0.0138643149313,0.00890442971788,-0.0104842980714,0.000850593229101,-0.00100036440645,-0.000819570356201,-0.0142691993136
2023-02-17,-0.00277124211873,-0.0025011864187,-0.002506470107,-0.00757533256738,-0.00596939725984,-0.0215860371534,0.00298234195177,0.00774628052723
2023-02-21,-0.0202447839729,-0.0202651336348,-0.00533152550548,-0.0270421256464,-0.0116760725872,-0.00034102809487,-0.00374400822701,-0.0196286552376
2023-02-22,-0.00157479546994,-0.00137910640338,-0.00128562368015,0.00289187251542,0.000741549182051,-0.00410112502982,-0.00564237421951,0.00912220038107
2023-02-23,0.0053152781306,0.00530552975328,0.00248625638665,0.00328520833723,-0.000617932329355,0.0120842193633,-0.000530595756231,0.00972487815159
2023-02-24,-0.0105934645459,-0.0107400835678,-0.0179477890875,-0.0181693355775,-0.0399724184587,-0.0156865658023,-0.0072206809528,-0.0130862080155
2023-02-27,0.00306829249644,0.00340023541359,0.0149531381155,0.00821342643265,0.0222640573383,0.0175459042717,0.00391267393897,0.00276937496316
2023-02-28,-0.00304061985868,-0.00370279127323,-0.00379300306649,-0.00345341237078,-0.00732413772608,-0.0110368552867,0.00454562023376,0.00453241276888
2023-03-01,-0.00473646401014,-0.00384348288858,-0.00464485148362,-0.0143487832445,0.00404753489008,-0.0101244815794,0.00575555718905,-0.0108009129468
2023-03-02,0.00755359371077,0.00774726995576,0.0068837021506,0.00412091422758,0.0151584228875,0.0194709776131,-0.000585736062045,-0.00890682937196
2023-03-03,0.0160187491944,0.0159105852272,0.00873412000621,0.0344883428472,0.0133384564244,-0.00186224205979,0.0106659962169,0.0239370274161
2023-03-06,0.000686930705446,0.000692502386595,0.00340864149638,0.0183697920532,0.0120725750019,0.00490255008212,-0.00505659151888,-0.00778363690837
2023-03-07,-0.0154455905572,-0.015447573348,-0.00461377024813,-0.0146026528408,-0.0108464115485,-0.00507192596201,-0.0176350684028,0.00611399189718
2023-03-08,0.00141379424135,0.00163089229714,-0.00197902744983,0.00834210682043,-0.00700897369815,-0.0016963405966,-0.000474564031017,0.000982474370236
2023-03-09,-0.0186318580959,-0.0186221148213,-0.001213045919,-0.015026880129,-0.00643721310004,-0.00715634931062,0.00980112970191,0.00245253083265
2023-03-10,-0.014583969316,-0.0145347325997,-0.0130995764149,-0.0139756722172,-0.00323429387228,-0.00755242271505,0.0213336662696,0.0339045936006
2023-03-13,-0.00151090180828,-0.00142615940548,-0.0293960773963,0.0131785067549,-0.0263853982712,-0.0512568103535,0.0226888648113,0.00227024275347
2023-03-14,0.0163423881586,0.0163950005762,0.0183809573059,0.0139909297222,0.0237654096038,0.023479839557,-0.00580789921671,-0.0165779078242
2023-03-15,-0.00700536382107,-0.00627411252107,-0.0364843715599,0.00261807006907,-0.0327606065304,-0.0579821718758,0.00777383908732,0.0191261633334
2023-03-16,0.0174095760817,0.0173932206893,0.0201294877425,0.0185215198985,0.0342586175044,0.000750839400812,0.00201805094484,-0.00785374383381
2023-03-17,-0.0110806210913,-0.0117615779096,-0.0143819336857,-0.00546905734021,-0.0181251377058,-0.00319414089052,0.0287042770643,0.0148975949401
2023-03-20,0.00887886943728,0.00956951060271,0.012589753829,0.0153652053757,0.0216116886745,0.0134582091698,0.000380794868724,-0.00883645207593
2023-03-21,0.0128986475627,0.0130451230737,0.0141259128979,0.0118733370527,0.00273078368904,0.0247560337476,-0.0190555233811,-0.00862918663895
2023-03-22,-0.0166002485176,-0.0171934689977,0.0025568565317,-0.00914522289599,0.0101136438011,-0.00165217199236,0.0168773804911,0.0132453476401
2023-03-23,0.00298008386896,0.00269992707069,0.00113940757148,0.00694529746024,0.00721409609694,-0.0185431517462,0.0124602238148,0
2023-03-24,0.0056239629501,0.00654039169612,-0.0175427462272,0.00827121634117,-0.00905649544024,-0.0307890930704,-0.0113161336724,0.00422029107474
2023-03-27,0.00164559954815,0.0018681750816,0.00896454780011,-0.0123694253233,0.0044161497363,0.00615755498652,-0.00929983202471,-0.023771236439
2023-03-28,-0.00157508309571,-0.00224721095658,0.00142162815135,-0.00398817806918,-0.00343319602451,0.0261277213079,0.00815574188227,0.00181946115541
2023-03-29,0.0141368707579,0.0144301116281,0.0138213211014,0.0195975446251,0.00953437090966,0.0061481330339,-0.00497311185625,-0.00201101948812
2023-03-30,0.00569899906776,0.00583826206604,0.0105714449281,0.00984110929616,0.00606433638083,0.0105313030201,0.00899896469078,0.00459050677058
2023-03-31,0.0143333279118,0.0139963088461,0.00809287155364,0.0155233235724,0.0208215493844,-0.000919345995418,-0.00522588024194,0.0148700525727
2023-04-03,0.00369202255786,0.00380339723508,0.00321370080862,0.00767203240793,-0.000355341905406,0.0571992962336,0.00717858217327,0.00469205507659
2023-04-04,-0.00581383975225,-0.00556371345463,-0.000136138513702,-0.00325488708518,0.00814125439686,-0.0145246361983,0.018469348695,0.00495930168514
2023-04-05,-0.00249548169511,-0.00262156923958,-0.0039096493704,-0.0113546269252,-0.00754916538979,0.00720121950125,-0.000798243840041,0.0104003808425
2023-04-06,0.00357277320115,0.00389326403524,0.00115431557857,0.00548093425005,-0.0185223138668,0.00628056904445,-0.00715966391881,0.002583225747
2023-04-11,0.000954453470967,0.00129429020554,0.00890656956145,-0.0237211613792,0.0138942392404,0.0163866589079,-0.00112673240853,-0.0141976930772
2023-04-12,-0.00414345626659,-0.00408416518202,0.000900799010736,-0.00436297264058,-0.0048889413722,0.000170928710019,0.00487324175166,-0.00102856252889
2023-04-13,0.0131755105775,0.0131951804767,0.0112773656239,0.0335350132911,0.0549980876345,-0.00394179437586,0.0134251517827,-0.00788936676847
2023-04-14,-0.00207151755429,-0.00244585900358,0.00517049787173,-0.00211620526345,0.0100185104793,0.00837956546771,-0.0178690139658,-0.00918895127241
2023-04-17,0.00330070346195,0.00358175158018,-0.00285390879609,0.000121172031718,-0.0217400539892,0.000170142830252,-0.00446370366573,-0.011966873172
2023-04-18,0.000854854811032,0.000652133975259,0.00471663393571,0.00747653400591,0.00445446903299,-0.00136286653701,0.00387326861085,0.00355708960491
2023-04-19,-8.4265389983e-05,-0.000168962084186,0.00209639867411,0.00694408659771,0.00851055328462,-0.00993852210942,-0.00478997174064,-0.000960380440982
2023-04-20,-0.00597033531627,-0.00547187431285,-0.00142230583319,-0.00586342224265,0.0129107772154,-0.00847376005713,0.00393052063913,0.00851352203482
2023-04-21,0.000902781385837,0.00077665737278,0.00506626827297,-0.00982907052236,0.00511790944031,0.00208188051082,-0.00993687508871,-0.00563566146775
2023-04-24,0.000851216649763,0.0010425398422,-0.000414516017356,0.00187676223382,0.000998200463862,0.00879987316044,0.00303472840629,0.00962791226687
2023-04-25,-0.0159371837574,-0.0160011721596,-0.0055940147435,-0.00948049950493,-0.00627658208554,-0.00966694113494,0.00507342412213,0.0145972774839
2023-04-26,-0.00384858360718,-0.0042446035881,-0.00866101396016,-6.11708570772e-05,-0.0158660792631,0.012925637484,-0.00545222536834,-0.0107152572732
2023-04-27,0.0193771935436,0.0197125751651,0.00229821016844,0.0279994975516,0.00193998023063,-0.0265479570204,5.4101598783e-05,-0.00997239368346
2023-04-28,0.00821933111769,0.00849879273095,0.00102303610441,0.00751282869679,-0.00697893395931,0.0186401702673,0.000270615613039,0.0160021043823
2023-05-02,-0.012040087647,-0.0123130743991,-0.0145618691205,-0.00674102158347,-0.00264414623261,-0.0520748463761,0.0146113522784,-0.00464387371138
2023-05-03,-0.00702290802455,-0.00688756529576,0.00279026904034,-0.00648833791943,0.0120144690592,-0.00675010856437,0.0084433339074,0.00556632872814
2023-05-04,-0.00724491338196,-0.00710828645062,-0.0085536999399,-0.00996294601046,-0.00627519479121,0.000549191985457,0.0070083332012,-0.00992793312145
2023-05-05,0.0183061663088,0.0183433339971,0.0124764074336,0.0458591668135,0.0036558172388,0.0265381286674,-0.0157716681687,-0.00333125166985
2023-05-08,0.000452026439572,0.000266570704374,0.00107302224409,-0.0004032920877,0.00862948225139,0.00124625991016,0.00122614966439,-0.0141134522794
2023-05-09,-0.0045899388734,-0.00439529750206,-0.00589569007147,-0.0100213059596,-0.00464607518705,-0.013434887466,0.00706117440466,-0.00358410722283
2023-05-10,0.00447394227954,0.00466179464189,-0.00487449466804,0.0103667873933,-0.00924298659315,0.00252154157667,-0.00142946259956,0.0096570954003
2023-05-11,-0.00169806500307,-0.00174562627663,0.00279178339718,0.0010942925823,0.0173878043957,-0.0130367033073,-0.00861979892004,0.0105163578302
2023-05-12,-0.00158456157436,-0.0013110495937,0.00446998652067,-0.00543230475821,-0.00248167435277,0.0160901723031,-0.00171154236268,-0.0084042553855
2023-05-15,0.00295379767285,0.00344397586192,0.000453023589751,-0.00290147777675,-0.00486839244837,0.00214976001138,0.00213897196494,-0.0104116880625
2023-05-16,-0.00639810772778,-0.00670492221828,-0.00164598177565,0,-0.00580501564055,-0.0133311225161,-0.012578170493,-0.00300869956033
2023-05-17,0.0118206888184,0.0120657738945,-0.000887487453774,0.00359652395581,-0.00182811657206,0.000906196094099,-0.00346789302089,-0.00292017506859
2023-05-18,0.00940072302545,0.00958701771197,0.00639220027029,0.0135736408037,-0.00217541455108,0.00901900219866,-0.0130577977505,-0.00743667082425
2023-05-19,-0.00144691406694,-0.00145606284859,0.0060339263661,0.000628265623969,0.00206088768298,0.00769160812495,0.00985015638866,-0.0070964485602
2023-05-22,0.000155022836344,0.000406027125929,-0.00184364705172,-0.00549592959816,0.00445091299187,-0.00357031443902,-0.00234423982491,-0.00356710772898
2023-05-23,-0.0112854688432,-0.0112862193827,-0.0133879719818,-0.0152709141532,-0.0514012413149,0.0194801685905,0.00120001105389,0.00287476158738
2023-05-24,-0.00734551273928,-0.00727105973113,-0.0171202302745,0.00163068107888,-0.0207116857808,-0.00280992509143,-0.00810117759444,-0.00496145146532
2023-05-25,0.0087194561325,0.00862266339708,-0.00334052537423,0.00667012191747,0.00768076939298,-0.0332589680782,-0.00966457904405,-0.00249007323992
2023-05-26,0.012964680895,0.0128672898507,0.0123602582353,0.0140062108158,0.024117686222,0.0137235951051,0.00398760502896,0.00804500820045
2023-05-30,1.66033164347e-05,0.000380764258926,-0.0150640472549,0.0106031251388,-0.00893120815099,-0.0354115765312,0.00617147114032,0.00994148046584
2023-05-31,-0.00612735832758,-0.00556046759339,-0.015522580471,-0.000281989031204,-0.0267912239431,-0.0138450182183,0.00153701863611,0.00867933989956
2023-06-01,0.00980621522681,0.00945603806948,0.00544109607631,0.0158954892674,-0.0100018967887,0.0132872522671,0.00786710783998,0.00391597093591
2023-06-02,0.0144298122353,0.0143576501932,0.0184983972811,0.0047639493046,0.0306739017893,0.0255129464898,-0.0148572783898,-0.0110187956399
2023-06-05,-0.0020055914615,-0.00191797410943,-0.00964376092998,-0.00759981265152,-0.0205490596527,-0.0059982959996,0.00600236386773,-0.00186464761987
2023-06-06,0.00235113032872,0.00217494577448,0.00112281683402,-0.00206253268934,-0.00209068204042,-0.00934161480916,0.00109743757033,0.00587655866188
2023-06-07,-0.00381929389682,-0.00346356860429,-0.000861789044599,-0.00778639418727,0.000492256521506,0.00824730123519,-0.0120832503312,-0.0149551410214
2023-06-08,0.00616957154863,0.00603018428853,0.00268422256221,0.01534660715,0.00650037346668,0.00437084398673,0.0131247337076,0.0116292974339
2023-06-09,0.00114740090668,0.00179280377405,-0.00124829721407,0.00215733165691,0.00244199110877,-0.00145506444271,-0.00268813290079,-0.00137260592073
2023-06-12,0.00927797509759,0.00903104095594,0.00514537535401,0.0155179502884,0.0178878143852,-0.0183658131039,-0.000879248247891,0.0029390524792
2023-06-13,0.00690857076133,0.00657110403055,0.00556349554261,-0.00261503784031,0.00846895897381,0.0038847028289,-0.00739483535003,-0.00992979536086
2023-06-14,0.000819089951469,0.00119029897895,0.00516166812399,0.00348514082504,0.00957514780071,-0.00462635817641,0.000553773768042,0.00797130856631
2023-06-15,0.0121045804929,0.0123212855793,-0.00514653258772,0.0111364596815,-0.00743927966227,-0.00297253252333,0.00700598639754,0.00955986561845
2023-06-16,-0.00367837646754,-0.0034117800295,0.0133166375534,-0.00587705983604,0.0290856720954,0.00092961997424,-0.00154040297318,-0.003890655375
2023-06-20,-0.00474635387769,-0.00520179973675,-0.0128696374633,0.000486604690925,-0.0263632068591,-0.0119669464673,-0.0104046816887,0.00689602623801
2023-06-21,-0.00525908647422,-0.00513693585824,-0.00456192991131,-0.00569153444246,-0.00914341549139,0.0269141481168,-0.0014474726744,0.00241680031666
2023-06-22,0.00370393054457,0.00360321099793,-0.00797701034152,0.0163902982237,0.0010729336475,-0.0251986825598,-0.00996647633934,-0.01214363244
2023-06-23,-0.00768828814943,-0.00758872032242,-0.00554893832112,-0.00171271772381,-0.0109027603848,-0.00879879403847,0.00275345061428,0.00992055126271
2023-06-26,-0.00449693438492,-0.00409411046907,0.0029175531553,-0.00758180978431,0.00588543622267,0.00994079758305,0.00173809584813,0.00106397133632
2023-06-27,0.0113907335176,0.0109035731852,0.00433752505491,0.014946910114,0.00549396210436,-0.0109019968325,-0.00460412383728,-0.00261375511324
2023-06-28,-0.00035413939555,0.000504330662519,0.00975600542813,0.00630772132908,0.0119577097788,0.000384734879568,-0.00231007229442,0.00425571941063
2023-06-29,0.00446356808634,0.00393360161947,0.00361806900649,0.00179501557875,0.00621819289161,-0.00173179622156,-0.0010723425848,-0.0182133160105
2023-06-30,0.0121943503964,0.0117315416782,0.0118714539384,0.0228395652555,0.00931310364107,0.0118684384954,0.00664122206832,0.0117258358395
2023-07-03,0.00116999310665,0.00114985243413,-0.0018070040233,-0.00781499785773,-0.00943022928265,0.0179165240166,0.00112124806946,-0.00568500149564
2023-07-05,-0.00197025820291,-0.0014882757093,-0.0103270294282,-0.0058886589284,-0.00869365472506,-0.0150662026396,-0.00353627830729,-0.00954796034274
2023-07-06,-0.00795406107003,-0.00786139255533,-0.0317567755643,0.00250556032682,-0.0378763465848,-0.041058993262,-0.0029846453746,-0.0142438891519
2023-07-07,-0.00286921292344,-0.00252792857593,0.0041693014845,-0.00590883864836,0.0114536602621,0.0102281407194,0.00747300014483,-0.00603705447663
2023-07-10,0.00240213864623,0.00252792857593,0.00446283258952,-0.0109151049209,0.00664142178302,0.0025408409806,0.000783392132188,0.00131053778956
2023-07-11,0.00671958411816,0.00634827677468,0.0106268642189,-0.00281404014429,0.0219029589891,0.014726070554,0.00374060680963,0.00512745358333
2023-07-12,0.00738390509501,0.00801377382211,0.0155297353632,0.00894553269261,0.0202804276258,0.01109423931,0.0134505555716,0.0110699968983
2023-07-13,0.00843448303167,0.00790567342989,0.00500450143305,0.0040492372244,0.0121561009204,0.00133051668665,0.000714446703835,0.0104577379677
2023-07-14,-0.00102493215531,-0.000623150837276,0.000642990356092,0.000787162291819,0.0169533853808,-0.0261753703642,-0.0031917373516,-0.00590633224427
2023-07-17,0.00384796953286,0.00346634192854,-0.011302282004,0.0171573743549,-0.0380333965411,-0.0062599913337,0.000716300772925,0.000493714884194
2023-07-18,0.00709206685234,0.00740296677233,0.00376707320305,-0.00134107236155,0.000349127986432,0.0117053590104,0.011391147363,0.00452879974083
2023-07-19,0.00235513496437,0.00222124597719,0.00105963431463,0.00704667468806,-0.0104112217953,0.0146325958283,0.000163344315764,0.0112334885951
2023-07-20,-0.00677982747183,-0.00665652989531,0.00788079196655,-0.0101487692499,0.00422423992983,0.0185574982283,-0.0050762533196,-0.0122162480167
2023-07-21,0.00032404211107,0,0.00645985469561,-0.0061806855242,0.0161453763789,0.0128625562472,-0.00306923403863,0.000295090901798
2023-07-24,0.00402603850351,0.00445739233797,-0.000734849505073,0.00421125750912,-0.0119387535697,0.0147089186476,-0.00429066628817,-0.00364375180539
2023-07-25,0.00281071952777,0.00272620598024,-0.00159806751858,0.00450333401006,-0.00420662280923,-0.00824722091568,0.00555241802248,-0.00187608665274
2023-07-26,-0.00015545099236,0.000153699617709,-0.0136291080956,0.00453482491584,-0.0528969385912,-0.00887242759813,0.00486724858483,0.000987645620539
2023-07-27,-0.00644539311029,-0.00665212471566,0.0203210321087,-0.00660272823082,0.0367248138182,0.00850429433336,-0.015836716069,-0.0196447210878
2023-07-28,0.00982937576323,0.00974292750701,0.00150317236475,0.0134175166465,0.00107046011137,0.00220672640645,0.00794971065326,0.00512317275273
2023-07-31,0.00146763555249,0.00190212519806,0.00284616383259,0.00316100804466,0.00816914140314,0.0149502213818,0.00269078436194,0.00240160510042
2023-08-01,-0.00266864542372,-0.00286568268576,-0.0123056530331,-0.00428495677062,-0.0227784548663,-0.0118321698409,-0.0104187648023,-0.0165227975417
2023-08-02,-0.0139362004736,-0.0140084644188,-0.0126696091461,-0.0156112263553,-0.0188741812496,-0.0278518961047,-0.00477699608044,-0.0107566454642
2023-08-03,-0.00255122545013,-0.00286991343828,-0.00717888655645,-0.00734867260695,-0.00283138435683,0.0184688342259,-0.000334203935656,-0.0233415405109
2023-08-04,-0.0053141694713,-0.00453307449118,0.00748378042958,-0.0492114669861,0.00589983919007,0.0268094197563,0.0036138754981,0.0175572404394
2023-08-07,0.00898361890984,0.00869054808535,0.000640928837839,-0.0174041749927,0.00171415960924,-0.00252265174422,-0.00227798525522,-0.00989053014769
2023-08-08,-0.00422720496848,-0.00435792760572,-0.00689409245692,0.0052976079694,-0.0125570595072,-0.00488282178701,-0.00636127364885,0.0115465402843
2023-08-09,-0.00706361912973,-0.00670790174398,0.00720556687247,-0.00899468050275,-0.000247814726222,0.0335147717482,-0.00476956277787,0.00515781336069
2023-08-10,0.00025068247912,0.000359026079725,0.0151239868183,-0.00123536885773,0.0337486867212,0.0135818696443,-0.00106917481433,-0.0165996359034
2023-08-11,-0.00107026480125,-0.00058332971152,-0.012648250004,0.00033756041923,-0.0172802151692,-0.0113054681101,0,-0.00230424940355
2023-08-14,0.00573400484422,0.00550492750692,0.00117773660023,0.00934938458791,-0.0051326738147,-0.0103737420002,-0.00304521745456,-0.00220428452524
2023-08-15,-0.0116181394943,-0.0117172827786,-0.0111025567292,-0.0112635049824,-0.0149358827287,-0.00851964698814,-0.0026580081136,-0.0061136001882
2023-08-16,-0.00758408175763,-0.00736521352064,-0.00102563617759,-0.00497164822885,-0.0014934760896,0.00391388592713,-0.00579277512244,-0.00785512016652
2023-08-17,-0.0077428114135,-0.00764919906487,-0.00948108573156,-0.0146621097332,-0.0224191201917,0.00778209330093,-0.00153905461055,-0.00427139050537
2023-08-18,-0.0001487178053,0.000481404027006,-0.00384935826596,0.00281230204923,-0.0104992567843,0.00439498763753,0.00017111484839,0.00352529436636
2023-08-21,0.00685563495204,0.00648501219777,0.00472773395953,0.0077067120302,0.00896961109228,0.0101221021095,0.00273393118968,-0.0134204184607
2023-08-22,-0.00278133108186,-0.00271223306357,0.00593117634692,0.00787414429092,0.00800468743269,0.00674922827967,0.00164819449493,0.00764507599403
2023-08-23,0.0109843307241,0.0110761706931,0.000792439592806,0.0217113832621,0.000253166561781,-0.0175732934396,0.010113326542,0.0244754474579
2023-08-24,-0.0135493539757,-0.013955933753,-0.00444782946304,-0.0265190113553,-0.00851295370753,0.00350438517317,-0.000224843984969,-0.00661602377202
2023-08-25,0.00669550098165,0.00702499225999,0.00209638321677,0.0125638058362,0.00203955634005,0.00262034520514,-0.00129412345038,0.00326093112988
2023-08-28,0.00624507867165,0.00632142542595,0.0130698351903,0.00880727419617,0.0166692601112,0.00989506520854,0.00286724019341,0.00104982700803
2023-08-29,0.0144040686621,0.0143511444194,0.00662946372571,0.0215758273665,0.0142990908007,-0.000518213965419,0.00972069106824,0.0103320893215
2023-08-30,0.00382585409798,0.00411055179845,-0.00122545518333,0.0189907347535,-0.00743486252648,0.00138163823377,0.00249874916932,-0.00103876991735
2023-08-31,-0.00159821298827,-0.00146443062282,-0.00649813359094,0.00117183193442,-0.0274889101145,0.00224100023692,-0.00166511106265,0.00445953452073
2023-09-01,0.00179751292478,0.00186329013842,-0.0027276460777,0.00842778753051,-0.00821561888425,0.0140222528838,0.000499802852436,-0.0157008967739
2023-09-05,-0.00420299795298,-0.00433113873045,-0.0057794660708,0.00126581589893,-0.0217612756564,0.0170052706364,-0.00819517896708,-0.0141216115866
2023-09-06,-0.00699601456861,-0.0067452111576,-0.00839248721814,-0.036449633067,-0.0370362678452,-0.00653240063265,-0.00454455293179,0.00245678410669
2023-09-07,-0.00321643294757,-0.0030749547084,0.000279392283379,-0.0296857562206,-0.0101677043237,0.00619836540967,0.00106787699791,0.00276928708818
2023-09-08,0.00142560591494,0.00150492253757,0.00618833087634,0.00348568819173,0.0217206592651,0.00831535428126,0.000336972757972,0.00382226394279
2023-09-11,0.00670095159619,0.00655525529066,0.00516564225785,0.00660072818982,0.00296856672202,0.00594456268326,0.00185139604874,-0.00723201920717
2023-09-12,-0.00571216911397,-0.00550074170792,-0.00349458411873,-0.0172078689226,-0.0105649314071,0.00901436993784,-0.00516999733602,0.00574702957062
2023-09-13,0.00124086210364,0.00116521671623,-0.00418779435675,-0.0119255890705,-0.00655744029098,-0.000979445950503,-0.00231267831259,-0.000212207870389
2023-09-14,0.0083945857009,0.00858551795555,0.0118504831133,0.00874442939967,0.0176611980421,0.0170029166844,0.000508093165483,-0.00724397205809
2023-09-15,-0.012234145968,-0.0121216280022,0.00955240638597,-0.00416270270095,0.0247385289755,0.00144407376491,0.00658210595391,-0.00611273338312
2023-09-18,0.000721027708245,0.0005864016317,-0.0140131897366,0.0167718874532,-0.0248732961538,-0.00611140326316,0.00587038285889,0.00568501022066
2023-09-19,-0.00215332739677,-0.00207612371576,0.000821524032679,0.00616174347077,-0.0077065007851,0.0167964095119,-0.000948094100745,-0.0074080582903
2023-09-20,-0.00943920420696,-0.0092357843793,0.00666124699958,-0.020194821091,-0.000135562649866,-0.000160489703646,0.000725130396623,0.00312018546442
2023-09-21,-0.0165369182475,-0.0166665515046,-0.0160735848078,-0.00892906483187,-0.0100955722012,-0.00660387085765,-0.00727481085944,-0.0260090933406
2023-09-22,-0.00229823730872,-0.00225110628563,-0.00403926433624,0.00493243487363,0.00410498827344,0.0004846555508,0.00319618969037,0.00801609202979
2023-09-25,0.00401499401611,0.00419646601587,-0.00851793813651,0.00735316363893,-0.0262880561023,0.00354736717103,-0.00516389798513,-0.0249167267067
2023-09-26,-0.0148441654252,-0.0148002375853,-0.00702358353124,-0.0236765319036,-0.0145450626448,-0.00354736717103,-0.00802308397723,-0.0034822557632
2023-09-27,0.000229287896587,0.00039897616923,-0.000315285022091,-0.00893741592584,-0.00613551890941,0.0163412645037,-0.0124437530639,-0.00518950323122
2023-09-28,0.00587587698259,0.00578095232025,0.00626589309102,0.00152457243724,0.0103937506311,0.0109048791119,-0.00500971303693,0.00304923262992
2023-09-29,-0.00271325950273,-0.00243004116897,0.00264113948244,0.00304173967629,0.014623401192,-0.0208059002422,-0.010328506789,0.000113116544583
2023-10-02,7.93643988603e-05,-0.000397788863756,-0.00942045490235,0.0147266078334,-0.0020959414479,-0.0122720849545,-0.0105542055478,-0.0168824860418
2023-10-03,-0.0138393960029,-0.0134764973012,-0.0101116097213,-0.00780013377416,-0.0135195126954,-0.00439626223936,-0.00289241961277,-0.0217460709391
2023-10-04,0.00807704768172,0.0072556022954,-4.5709594544e-05,0.00728197299674,0.0101567304937,-0.0196102496533,-0.000118267808726,0.0140092536579
2023-10-05,-0.0013048812424,-0.000376858862226,0.000217223605628,0.0071722079207,0.0113041514885,-0.00533947267754,-0.00183446510648,-0.00499774715574
2023-10-06,0.0117456421894,0.0118029233536,0.00880616605754,0.0146428405771,0.0125494243161,0.0094913553741,0.00513985122659,-0.0121907544545
2023-10-09,0.00628406806173,0.0063818639747,-0.00550366946139,0.00841565678155,-0.0263831495058,0.0172518200823,0.0182184763559,0.0231987197831
2023-10-10,0.0051944760716,0.00519126696122,0.0198867190456,-0.00335778916281,0.0315773017638,0.0081116979565,-0.00167950232014,-0.00138385210533
2023-10-11,0.00428381951474,0.00408796285345,-0.00436841341307,0.00787299031117,-0.066804296799,-0.00323691152826,0.00727650490047,0.0206709713435
2023-10-12,-0.00626602493392,-0.00611519097529,-0.00374834152832,0.00504842301,-0.0163107284554,0.00775076256411,-0.00305430589451,-0.0275027936823
2023-10-13,-0.00503149563166,-0.00499339240474,-0.014318301539,-0.010346047166,-0.0215642144729,0.0159569380048,0.0316423174801,0.0177346294675
2023-10-16,0.0105386423816,0.010466675324,0.00266084983505,-0.000727129177954,0.00979145091632,-0.00174281822331,-0.00487679981123,-0.0162251885937
2023-10-17,-9.82499937722e-05,-4.58970160047e-05,0.00106893160172,-0.00882364069657,0.0019469539201,0.0019010723734,0.00185255351228,-0.0110820357682
2023-10-18,-0.0134904081,-0.0134146666897,-0.00910428840776,-0.00742255676442,-0.00104788887785,0.00945174376903,0.0143671147405,-0.00883628400926
2023-10-19,-0.00851903240773,-0.0088252802111,-0.00642602617296,-0.0021631862856,0.00433393077134,-0.00708029131807,0.0121992998521,-0.0206863435229
2023-10-20,-0.0126651492553,-0.012364098994,-0.0153086462737,-0.0148131630255,-0.00989079497462,-0.0120733045522,0.0027271753071,0.00566225754168
2023-10-23,-0.00168699202107,-0.00173480692057,0.00501219689992,0.000693761220687,0.00809964082678,-0.00432453334061,-0.00338277824258,0.0119422503538
2023-10-24,0.00723952358595,0.00751096328695,0.00628338936171,0.00254020911017,0.0171804971425,-0.00434322275068,-0.000109335374559,0.013090540714
2023-10-25,-0.0144434345968,-0.0144561080249,0.00310237872955,-0.0135834667141,-0.00279389167357,0.00273688593347,0.00419998983337,-0.0225129609723
2023-10-26,-0.0119030814308,-0.0120467350058,-0.00378293796,-0.024913474337,-0.0158814932146,0.00449147928797,0.00157721188519,0.0152223235147
2023-10-27,-0.00481183851086,-0.00454319602386,-0.01367717228,0.00793757310189,-0.0105279455831,0.00828825901327,0.0115626913008,-0.00425769761263
2023-10-30,0.0119384742933,0.0118849666298,0.00435961934639,0.0122302949209,0.0144103255653,-0.000158779935971,-0.00565651609229,-0.00451439079729
2023-10-31,0.0064540849487,0.00626053078092,0.00883694998417,0.00281489505659,0.00520256358117,0.00332834380907,-0.00547150526439,-0.00489333249566
2023-11-01,0.0104511948493,0.0106083750728,0.00679971208356,0.0185652811797,0.00118523920203,0.00678075386375,-0.00315561205386,0.0214501927712
2023-11-02,0.0186829389643,0.0189830176096,0.0183035383753,0.0204820056369,0.0374934894833,0.0149744703205,0.00331855711673,0.022540855901
2023-11-03,0.0093498836381,0.00908216003023,-0.00186982807832,-0.00519464968763,0.00242187953694,-0.0356167261378,0.00363231551566,0.00675587856842
2023-11-06,0.00175145755938,0.00229762951143,-0.00480329032032,0.014499564432,-0.00800006105716,0.00528044743571,-0.00782308006686,-0.00974720730709
2023-11-07,0.0028360935519,0.00284207467567,-0.00392858771706,0.0143473596377,0.000430133098721,-0.0229227515697,-0.004153747,0.0146418591949
2023-11-08,0.00100441095395,0.000732072141801,0.00683723666091,0.00586762978936,0.00856532266805,-0.00753966828128,-0.0100176531273,0.0168906467273
2023-11-09,-0.00811669058435,-0.00782917998646,0.0112385986001,-0.00262776970504,0.0153752561927,0.00949731599912,0.00397505620371,-0.0232702123733
2023-11-10,0.0154957591068,0.0154842827582,-0.00969307257372,0.0229543106076,-0.0389633137992,0.0110212073387,-0.0109696944887,0.00558442543928
2023-11-13,-0.0008361882856,-0.000953707464658,0.00594676566704,-0.00862060999195,0.00203550398722,0.0120165333982,0.0055552613717,-0.00227568262713
2023-11-14,0.0188953703342,0.0192149067176,0.0138195868373,0.0141846294376,0.0263739968425,-0.00398963059767,0.00887963281108,0.0224144585882
2023-11-15,0.001595738319,0.00211477680936,0.00332465813153,0.00303630742117,0.0169720748501,0.00111867899747,-0.0026390822878,-0.014133756513
2023-11-16,0.00118971927189,0.00122241530122,-0.00573237527593,0.00900141644822,-0.018104578193,-0.0267069933909,0.0112228643215,0.0123498225291
2023-11-17,0.0012812281242,0.00124298022314,0.00909724975198,-0.000105519779454,0.00775909601243,0.0138471531816,-0.000108906794533,0.00467602968619
2023-11-20,0.00736310373119,0.00766808150424,0.00179824142937,0.00923567547539,0.00853594257802,0.0190696455692,-0.00163471595755,0.00608949202362
2023-11-21,-0.00202297606251,-0.00218166525755,-0.00241496686981,-0.00423986214188,-0.0191314123783,-0.000793930944019,0.0107400196741,-0.000441359856314
2023-11-22,0.00405290514268,0.0038534008372,0.00431738366392,0.00350821545339,0.0115786527095,-0.0176287966225,-0.00427135893902,0.00352775778929
2023-11-24,0.000596695705626,0.000615140791732,0.00440716133909,-0.00702894699796,-0.00760977557864,0.0206424711684,0.00518811147938,-0.011845149992
2023-11-27,-0.00195606932366,-0.00180245342513,-0.00375175971358,-0.000948015524899,-0.0136734695654,-0.0044444991899,0.00671522023394,0.0165657926461
2023-11-28,0.000979638541725,0.000989373868739,-0.00211639001429,0.00320888921452,-0.0185271728662,0.00523596865561,0.0132437699192,0.00196959551566
2023-11-29,-0.000946696704318,-0.000703611587939,0.00241225235926,-0.00542426465175,0.00872738166046,-0.024186185433,0.00147834244913,0.0124929971671
2023-11-30,0.00377693136088,0.00392969769272,0.00591697014541,0.00305810086689,0.0175140231686,0.00935932714154,-0.0041766589814,-0.0116187747047
2023-12-01,0.00585655892624,0.00589850265206,0.00482774701714,0.00676829230265,-0.00499316385327,0.00160501320394,0.0171240398354,0.0186590080562
2023-12-04,-0.00542318813883,-0.00526317245776,-0.00184757848316,-0.00950958894932,0.00718187141788,-0.0156771251694,-0.021850418075,-0.00398679003571
2023-12-05,-0.000569031511847,-0.000197006466605,0.00739160185215,0.0208444250281,0.0205405271663,-0.000325972017166,-0.00378660759889,0.0212579883161
2023-12-06,-0.00391385193789,-0.00403805335417,0.00661138002436,-0.00570323493846,0.0075427819317,-0.0118013574871,0.00368011305442,0.0132299954265
2023-12-07,0.00793661068439,0.00760146362761,-0.00100510740028,0.0100881368496,-0.00418344956195,0.000329630915539,0.00164896980498,-0.00575365626899
2023-12-08,0.00408713405126,0.0042900309993,0.0131100944646,0.0073850924806,0.0323117659034,0.0200708484992,-0.0134301761638,-0.0082167017842
2023-12-11,0.00391681350062,0.00388191928614,0.00331341968385,-0.0130115761038,0.00121717114972,0.001130182602,-0.0111043203018,-0.00211743960494
2023-12-12,0.00458881281628,0.00455694920863,-0.00105729561687,0.00788900777611,-0.00868627346947,-0.0107073859517,-0.000544791338132,0.00296362035686
2023-12-13,0.0135583452954,0.0136958459076,-0.00163579182076,0.0165535953216,0.00122593850162,0.000815216132028,0.0223117678012,0.0231909540464
2023-12-14,0.00264356519826,0.00320409163309,0.00590849342885,0.000757517065624,0.0166074618043,0.000814419966359,0.00584543590828,0.0256802158087
2023-12-15,-7.62525527472e-05,-0.00164775142418,0.00277603694676,-0.00272970097473,0.00214027138718,0.003576217185,-0.00920878420116,0.00111025028612
2023-12-18,0.00451812243518,0.00560932466176,-0.00369916264734,-0.00853949081795,-0.00885801464599,0.0116149157099,0.00453518710577,-0.00799950487111
2023-12-19,0.0058492673258,0.00606240111312,0.000767332235954,0.00534576435571,0.00497544780232,-0.00579064141399,0.00679083177685,0.00537386055197
2023-12-20,-0.0147931478528,-0.0139541726204,0.00115585131628,-0.01077170166,0.00187609882997,0.00257779835744,-0.00546086753229,0.0067525728613
2023-12-21,0.0102487692341,0.00943727600319,-0.00158764914751,-0.00077027498406,-0.00469695159326,-0.00241645724806,0.00704575798231,-0.00634831192633
2023-12-22,0.0016586821922,0.00200771275506,-0.000340824383221,-0.00556290246268,-0.00769706659798,0.00482694045593,0.00442461088784,-0.00455886789565
2023-12-27,0.00565219659782,0.00601997994939,0.000396284451517,-0.00232708637035,-0.00312254569291,0.00272518939395,0.0121194190915,0.0204035723239
2023-12-28,0.000370106208333,0.000377640664716,-0.00485335123346,0.00222377057261,-0.00600113736742,-0.0171139624402,-0.00583241255875,-0.00728947783437
2023-12-29,-0.0028304771348,-0.00289905155352,0.00106378030734,-0.00543888300862,0.00355049757215,0.00308928397046,-0.00156806952883,-0.00906067181872
2024-01-02,-0.00567666079987,-0.00561203477487,-0.00163464017762,-0.0364426449712,-0.0145547475407,0.018396938954,-0.00235668495876,-0.00578139323723
2024-01-03,-0.00804861821449,-0.00820021175923,-0.0159278254543,-0.00751588291412,-0.038921928608,-0.00404097207207,-0.00837175338307,0.00416194757811
2024-01-04,-0.00343427170301,-0.00322634051184,0.0052171753996,-0.0127814597038,0.00344535946763,0.0119145078864,0.00100410627528,-0.0153110582533
2024-01-05,0.00182402151294,0.00136873181943,-0.00402654005236,-0.00402104532176,-0.0128365542508,0.000320037421251,0.000158444022673,-0.00961220564697
2024-01-08,0.0140159455031,0.0141749760858,0.00397424122726,0.0238872466674,0.00347762431276,-0.0316972408679,-0.0078469783701,0.00981782288064
2024-01-09,-0.0014789938392,-0.00151827982382,-0.00317541958318,-0.00226593404529,-0.0154519724512,-0.0071268743118,0.000319308155538,-0.0063962775726
2024-01-10,0.00564998058517,0.00563972993404,-7.27193026383e-05,0.00565528048625,0.00337314206985,-0.00583882414171,-0.00229067041013,-0.00466829059278
2024-01-11,-0.00067128085008,-0.000440968126859,-0.00519249706784,-0.00322763577213,-0.0159389858183,-0.00486365755668,0.00197136225459,0.00559919089828
2024-01-12,0.000750693805352,0.0006925421713,0.010438561261,0.00177666892154,-0.00342742869216,0.0110350800888,0.00974641959782,-0.00196666294323
2024-01-16,-0.00373831912458,-0.00367806159994,-0.0090345099432,-0.0123937930406,-0.00538850717895,-0.00935526876341,-0.00953348117503,-0.0177695164757
2024-01-17,-0.00563273115957,-0.00557406918028,-0.0107783512628,-0.00518701684769,-0.0287756289967,-0.0224041869051,-0.0110770791496,-0.00158333983539
2024-01-18,0.00876672062808,0.00885330358225,0.0112310870971,0.0320516474874,0.0244137131819,0.00428193086249,0.00819917798699,-0.00933898325976
2024-01-19,0.0122383084015,0.012389154267,-0.00402220546845,0.0154136778953,-0.00604775412025,-0.00393869614235,0.00298427089535,0.00319346054833
2024-01-22,0.00219192114839,0.00211222029333,0.00562871586774,0.0120896992992,0.00529390501995,-0.00913566442069,-0.00378511453569,0.00593440592344
2024-01-23,0.00291711536633,0.00291229787721,-0.00340645785759,0.00663128889314,0.0112503450092,0.00638638378264,0.00389155276359,-0.00795579183667
2024-01-24,0.000811598969741,0.00109253635477,0.00910832954486,-0.00348983067872,0.0192057982198,0.0126520861847,-0.00828108398585,-0.00587448344142
2024-01-25,0.00524657801971,0.00542410536092,0.00114747326362,-0.00169830616324,0.00277634405074,0.00135823448442,0.00396212444152,0.00651330508354
2024-01-26,-0.000651997672398,-0.00127114252171,0.0225120265155,-0.00905361512732,0.120551588884,0.0114711395874,-0.000694929880084,-0.00191776222057
2024-01-29,0.00752836551769,0.00788817814497,0.000873315112433,-0.00359233457657,0.0041307250372,0.00984723679154,0.00703368920222,0.0114509757597
2024-01-30,-0.000600830409642,-0.000773726375279,0.00478646758453,-0.0194334236619,0.00731565840024,0.00364742292695,0.00137957148793,0.00902501601647
2024-01-31,-0.0162368518434,-0.0164520480682,-0.00270248207215,-0.0195473307078,-0.0107997045689,-0.00547586866165,-0.000742621520439,0.00977232585185
2024-02-01,0.0124162861022,0.0130032707504,-0.00892072427259,0.0132524662081,-0.00388552574452,0.00795492560742,0.0103469592,0.0194259596475
2024-02-02,0.0106277707487,0.010472269465,0.000462389013199,-0.00541984817549,0.00968557163721,-0.0129592350549,-0.00949826662876,-0.0223362428541
2024-02-05,-0.00319142457037,-0.00364765041505,-0.000302960312648,0.00979854163141,0.00333601972991,-0.00974630490957,-0.00552924997338,-0.0204003556329
2024-02-06,0.00230774575494,0.00289911097161,0.006436489318,0.00859462747921,-0.00153837012071,0.0180727908156,0.00521109322361,0.00972651566782
2024-02-07,0.00820768276996,0.00830571804761,-0.00363410644057,0.000580908353944,0.00588380944475,-0.0321874199144,-0.0002652327272,-0.00485152673254
2024-02-08,0.000570420408739,0.000441589847386,0.00711798642361,-0.00577126317752,0.02568453313,0.0134389630635,-0.000902253061753,-0.00583151957902
2024-02-09,0.00572591712286,0.00576276176356,-0.00236527057564,0.00408560044021,0.00372210177273,0.00908328259521,-0.00388368527125,-0.00202223044612
2024-02-12,-0.000949404036918,-0.000439115576988,0.00551333513027,-0.0090427222743,0.0176755386333,0.00167329598759,-0.00261538400448,0.00117103119742
2024-02-13,-0.0137686094444,-0.013868653302,-0.00842176487659,-0.0113384360003,-0.0260074394118,0.00799187826814,-0.0138846380814,-0.0172836368321
2024-02-14,0.00953416824149,0.00904655838877,0.00680146315475,-0.00482129225949,0.00224522255454,0.00198798693967,-0.000596292203029,0.00507672980545
2024-02-15,0.00580437261834,0.00687603661528,0.00856899210519,-0.00157592013522,0.016067508605,-0.0111508016739,0.00670131125036,0.00515815742126
2024-02-16,-0.00481504352647,-0.00499235273653,0.00319248496263,-0.00846620315502,0.000245337611153,0.00234021661028,0.0036558750396,-0.00580430658061
2024-02-20,-0.00602342634675,-0.00552065378134,0.00347482754776,-0.00412244679306,0.00537885351436,-0.0217747749634,0.00604589738715,0.000861748337123
2024-02-21,0.00126340148246,0.000905471409399,0.00216176080386,0.00417735702556,0.00170537813859,0.00544579766713,5.33137756092e-05,-0.00713436493373
2024-02-22,0.020902888573,0.0204841225456,0.0126575355956,0.0111811426203,0.0226244340153,0.00355788868889,0.000426631839235,0.00486965099219
2024-02-23,0.000347887118627,0.000689421958818,0.00693781668814,-0.010084755929,0.0114759524476,0.00892340042575,0.00563559904928,0.0132980452497
2024-02-26,-0.0037939393369,-0.0036691798703,-0.00463755141856,-0.00747923945765,-0.00933633580688,-0.00790928378884,-0.00222917139662,-0.0029873813299
2024-02-27,0.00170489561262,0.00185614962227,0.00234032363843,0.0080817108143,0.0096892354799,0.0052237596015,-0.00106324838084,-0.00707717005191
2024-02-28,-0.00165953129022,-0.00132257767856,0.000753356520286,-0.00664751156968,-0.00317997896465,-0.00168201392365,0.00180685601378,0.00632880275111
2024-02-29,0.00521547047381,0.00358852114279,-0.00339507516959,-0.00370004357039,-0.00579719500183,-0.00692632927327,0.00513705361341,0.00703240526212
2024-03-01,0.00797593631708,0.00934447224124,0.000849819231853,-0.00604852660427,0.00426244071939,0.0136376677839,0.0187342005947,0.00621169160578
2024-03-04,-0.00119397461153,-0.00107309594344,0.00279917390209,-0.0257088981677,-0.00782829160587,-0.00687978238654,0.0160455797764,-0.00403035921879
2024-03-05,-0.0102454062827,-0.0100443460084,-0.0029693508575,-0.0288531063892,-0.0128230311955,-0.00388020252905,0.00600208825782,0.0141410508474
2024-03-06,0.00512793299415,0.00505439531574,0.00275944497827,-0.00589570947541,0.00421247184471,0.0137654831034,0.00818184362229,0.00585130094972
2024-03-07,0.010251402157,0.00987738710755,0.00769900907089,-0.000709849642092,0.00861055935077,-0.00100075294531,0.00566774683365,-0.000938136790304
2024-03-08,-0.00654992301681,-0.00602017334659,0.00146963152933,0.0101845019862,0.00605450069738,0.00216720212393,0.00841702790585,-0.00177445006404
2024-03-11,-0.00112286826812,-0.00086023261355,-0.00103189444317,0.0117623606887,0.00648852415558,0.0013313936473,0.00183333795332,-0.000522309257385
2024-03-12,0.0111395127566,0.0106999019762,0.00841243141646,0.00277463730295,0.0100621525743,0.00894043269276,-0.0110009175261,-0.00839637731067
2024-03-13,-0.00192638401405,-0.00156869870383,0.00617566370179,-0.0121966525528,0.00950063452207,0.0174827574957,0.00698296526693,-0.00485991402397
2024-03-14,-0.00287522122116,-0.00197877788248,0.00292531578633,0.010868123811,0.00643684826782,0.0155887049416,-0.00418387811225,-0.0154764630689
2024-03-15,-0.00650402271987,-0.00689026973568,0.000358963286617,-0.00219894156163,-0.0121033169334,-0.00367419705519,-0.0031995176982,-0.000322227880632
2024-03-18,0.0062981842139,0.00592550477296,-0.00198743001247,0.00635223351159,-0.00488240388613,0.00239766894136,0.00160100096837,-0.00301728958677
2024-03-19,0.00563325309248,0.00554200947285,0.00647247391452,0.0134935391116,0.00244418167357,0.0263152700604,-0.00115046907044,0.00280160225455
2024-03-20,0.00886476540806,0.00920664603933,-0.00484520379488,0.014602113224,-0.0164090657409,-0.00567998155996,0.0118414738738,-0.00032240128649
2024-03-21,0.00323130910061,0.00329928362727,0.00224097920365,-0.0417156069115,0.00200696270868,-0.00444027659678,-0.00103917863177,0.00215036817222
2024-03-22,-0.00140317176272,-0.00189761203624,-0.00340447372319,0.00529604300667,-0.0230252715071,-0.00111309359526,-0.00805330944178,0.0095155182226
2024-03-25,-0.00305964050168,-0.00276677926487,-3.92337359845e-05,-0.00833491806029,-0.00374827412649,0.00602785858853,0.00318931342477,-0.00501360076684
2024-03-26,-0.00280372192897,-0.00184849777185,0.00405842765387,-0.00669484934918,-0.00449218750417,-0.00396168530847,0.00322874380058,0.00277625436837
2024-03-27,0.00859359553528,0.00836856863122,0.00244784857466,0.020990685539,0.010290011352,0.000952369722777,0.00721457387334,0.00986919346286
2024-03-28,0.00111586283763,-0.000191058115833,0.000121872306304,-0.0106153916007,0.00408661668114,0.00679781723929,0.0128175276393,-0.000845040460609
2024-04-02,-0.00928100271801,-0.00811970137371,-0.00927533794292,-0.0155150989024,-0.0143766280331,0.0384812057281,0.0248206400142,-0.0243425044474
2024-04-03,0.00109052737334,0.00109775107154,0.00284711568731,0.00478608472646,-0.00708266024327,0.0105566338286,0.00873412054452,-0.000217633273934
2024-04-04,-0.0124110355352,-0.0122811352265,-0.000206096007196,-0.0049044074677,0.00415800477802,0.00583336903727,-0.00575121075232,0.00714688623083
2024-04-05,0.0110380501716,0.010392666044,-0.0111319876492,0.00449171475445,-0.0242107541771,-0.00373550570466,0.0169693987817,-0.0140167502134
2024-04-08,-0.000374701184017,0.00055927736627,0.00716783789608,-0.00668581607306,0.00933368559245,0.0167746738941,0.0062091715893,-0.000109347813286
2024-04-09,0.00144444937159,0.00115606529765,-0.00867494870993,0.00721643142078,-0.0151016624383,-0.00783263805569,0.0054819992935,0.00925889106167
2024-04-10,-0.00950198172973,-0.0100635741907,-0.000470971740866,-0.0112018419856,-0.00277048761214,0.0100385414748,-0.00950892045206,-0.0220344115975
2024-04-11,0.00741722200698,0.00751852750091,-0.00269332258687,0.0423610641158,-0.00315744069286,-0.00559754827827,0.0192468308318,-0.00455476980507
2024-04-12,-0.0146575879292,-0.013899175699,-0.00161029058322,0.00858959050815,-0.0118344854341,0.0203237838148,-0.0133277476544,0.00533041505418
2024-04-15,-0.0120941957819,-0.0126073057014,0.0042700504875,-0.022106049627,0.0172592078689,-0.0116465472478,0.0185461100351,-0.015627330697
2024-04-16,-0.00205862453378,-0.00182545376616,-0.0140823422993,-0.0193534695778,-0.0164915663789,-0.0153462957344,0.00122126799548,-0.00665942637084
2024-04-17,-0.00579737501407,-0.00593575552728,0.00614549318975,-0.00818079252083,0.0280003573919,0.00607821225915,-0.00739553295236,0.0110372914597
2024-04-18,-0.00221060175035,-0.00205995170755,0.00521720661041,-0.00573066734301,-0.00899561340095,-0.00355365711835,0.00340963671602,-0.00505273243784
2024-04-19,-0.00879712971101,-0.00876665050731,-0.000105898975228,-0.0122877673747,-0.000251024809986,-0.00207855135778,0.00312664462892,0.00359566387207
2024-04-22,0.00869335131981,0.00916705025052,0.00223494633246,0.00507793708748,0.000251024809986,0.00917308175316,-0.0250127191297,-0.00168411229297
2024-04-23,0.0118935665607,0.011796656609,0.00810351965487,0.00637136365129,0.0129651715365,0.000147355636359,-0.00246169047469,0.000337189079503
2024-04-24,0.000212987353273,-0.000474702904547,-0.00171875973651,0.0126223123432,0.000750137609468,0,-0.0018618233243,-0.0071012154706
2024-04-25,-0.00458693428233,-0.00380613277456,-0.00933798453231,0.0051340767254,-0.0281351911127,0.00220600302176,0.00594575798865,-0.00703861383697
2024-04-26,0.0101573813198,0.00942929748896,0.00889056714445,-0.00347894897556,0.0180873290369,0.0206497311087,0.00323668387864,0.00522695023895
2024-04-29,0.00317340808882,0.00353535538349,-0.00285888566208,0.024505237067,-0.0165460931721,-0.003316035348,-0.00203328171806,0.00835099626808
2024-04-30,-0.015855551224,-0.0159681002106,-0.00999626090424,-0.018439624137,-0.00617916462613,-0.0095764203282,-0.0201385061708,-0.00857762539804
2024-05-02,0.00564567125842,0.00605748009193,-0.00884057709561,0.0157270813052,-0.00960182458091,-0.0256955457094,0.00592947619619,0.0116254761825
2024-05-03,0.012478557709,0.0123190790263,0.00540819461336,0.0580956177339,0.0193678310079,-0.00735662990679,-0.000797944116184,0.0100684940612
2024-05-06,0.0102731736311,0.0102737786723,0.00489781583657,-0.00914841714343,-0.000383604159975,0.0134712357854,0.0104634268303,0.00388827910493
2024-05-07,0.00134252824097,0.00110293598482,0.00983562729603,0.00378971297861,0.00980211613334,-0.00282888662015,-0.00461093940417,0.00607965501642
2024-05-08,-5.83555085917e-06,9.65982705824e-05,0.006877261558,0.00186255811894,-0.0019018922851,0.002382682871,-0.00294539583537,-0.00607965501642
2024-05-09,0.00507803259104,0.00574520914182,0.00689254999363,0.00996461962559,0.00139504778125,0.0165218866535,0.0156554193087,0.00486656754506
2024-05-10,0.00164804014602,0.00128751974022,0.00383862846183,-0.00691413473374,-0.000760627508347,0.0048165443763,0.00807978496402,-0.00564335604218
2024-05-13,-0.00024133319181,0.000134177721383,-0.00120028295248,0.017491619222,-0.00738394396897,0.00101872108814,-0.0112653189832,0.00254910850603
2024-05-14,0.00482614854521,0.00457766898295,0.002010277709,0.00615437643074,0.0118134913041,-0.0062741697012,0.00842643889101,0.00562866395798
2024-05-15,0.0116478276808,0.01230696668,0.00172362607316,0.0121437523338,-0.00366891982675,-0.012519686569,0.0127570322335,0.0135552594867
2024-05-16,-0.00208383734444,-0.00205964222146,-0.00626962046766,0.000632386082049,-0.00380950697289,-0.0150826217107,-0.00390093937438,-0.000977930927332
2024-05-17,0.00116409571139,0.00143663102667,-0.00256667376576,0.000158213501586,-0.00356863831084,0.00734578786982,0.0163631633371,-0.0067608451553
2024-05-20,0.000915970255425,0.00115139064552,0.0034796722457,0.00614295637417,-0.00524881264977,0.000746468198457,0.00401586366299,-0.00295907763979
2024-05-21,0.00249874968459,0.00244958198379,-0.00667301641857,0.00683399636096,-0.0142194227719,-0.00899547588265,-0.00147063020071,0.00514501468048
2024-05-22,-0.00270979109171,-0.00288343131036,-0.00608002436442,-0.0075669844757,-0.0213164924628,-0.0186978698356,-0.0185448670094,0.00119983726235
2024-05-23,-0.00740816230668,-0.00733096804843,0.00126218830587,-0.0212830267266,0.00119610815207,0.00809974761475,-0.0201461508325,-0.00645461439658
2024-05-24,0.00697664905867,0.00659448340845,-0.000908776570588,0.0164520837842,-0.00372631485487,0.00440428061189,0.000926684342394,0.00295922039342
2024-05-28,0.000248770865652,0.000698744995196,-0.00460236548471,5.26220439984e-05,-0.00615220705478,0.00227057709486,0.0104582925538,-0.0144392687587
2024-05-29,-0.0073943172633,-0.00702714361714,-0.0153534346119,0.00157769338799,-0.0288534485034,-0.00774089624796,-0.00934735928418,-0.0121758655495
2024-05-30,-0.00599295756596,-0.00665597705942,0.00546454031269,0.00524144258848,0.0139863560582,-0.00488767275188,0.00189496042459,0.00961900753239
2024-05-31,0.00799582439252,0.00906692411954,0.00179826101126,0.00500604763131,0.000680621161804,0.0256965767387,-0.00588143483693,0.00676707608835
2024-06-03,0.00111546008742,0.000814908025889,0.000644104628814,0.00921620591525,0.00420930149815,-0.0163999360793,0.00887825115115,0.0160445923475
2024-06-04,0.00150168111609,0.0011173842746,-0.00754526924323,0.00164791539329,-0.00407338947311,-0.0244156916326,-0.00901759666785,0.0116134429779
2024-06-05,0.0117780157735,0.0118149881286,0.00861368835258,0.00779034784749,0.023663413203,0.00604420608317,0.0117759929965,0.00731146936441
2024-06-06,-0.000199836560777,-1.86392875259e-05,0.00418159034802,-0.00712185424409,0.0133309786772,0.00385518801777,0.00736417736278,-0.00150101459543
2024-06-07,-0.00111584213209,-0.0012162477162,-0.00477753100303,0.0123159149378,-0.000262304466993,-0.000461847654291,-0.0363355148074,-0.018515874315
2024-06-10,0.00257753003672,0.003084774178,-0.0135660508675,-0.0193333764667,-0.0214748242548,0.0041490047294,0.00912640762988,-0.00668926801024
2024-06-11,0.00270671482617,0.0024054424984,-0.0133610034676,0.0701313240595,-0.0130827477887,-0.0171683902574,0.00285254007422,0.0102892963051
2024-06-12,0.00846772025376,0.00817945066647,0.00964497923615,0.0281776774186,-0.00163044342514,-0.00249924562864,0.00265818239691,0.00748573901782
2024-06-13,0.00234191139693,0.00201136927514,-0.0201230690523,0.00547619550788,-0.00531735289208,-0.0258231396555,-0.00818354302564,0.0145925866222
2024-06-14,-0.000393938148697,0.000608431395101,-0.0269224196629,-0.00820201993379,-0.0278622577427,-0.014386435382,0.0128762918259,0.00837950295276
2024-06-17,0.00763516422339,0.00792720850304,0.0090614921354,0.0194805395319,0.00839874727308,0.00939892339396,-0.00520517514781,-0.00997854482989
2024-06-18,0.00251815423868,0.00253772739871,0.00753011312496,-0.0110453704566,-0.0102279237658,0.0137757522002,0.00399926126415,0.00913337808738
2024-06-20,-0.0025291273441,-0.00272048426791,0.00556075298584,-0.0217475913474,0.00491677843161,0.00385912460988,0.0124070635153,-0.00668278036925
2024-06-21,-0.00156335177598,-0.00134139210618,-0.00559089985985,-0.0104992908671,0.00517163077308,-0.00870416772247,-0.0156145130984,0
2024-06-24,-0.00306987915597,-0.00325603470872,0.0102143651575,0.00312769462883,0.0127442961821,0.0119086719301,0.0039497553363,0.00403636070886
2024-06-25,0.00392587377074,0.0038434736848,-0.00580257740075,0.00445812338906,0.0140780514317,0.00590175134499,-0.00497458889848,0.00169428000844
2024-06-26,0.00157119610483,0.00124726243443,-0.00696071671247,0.0197960734284,-0.0133900316215,-0.013448932189,-0.00927101269831,-0.0143885215505
2024-06-27,0.000906909885354,0.00157533501818,-0.0103607742977,0.00397818395518,-0.0159449376238,0,0.0112731411613,0.00396428710993
2024-06-28,-0.00409201351402,-0.00394282838182,-0.00683812155766,-0.0163877919043,-0.00265900914158,0.00466351243437,9.29767442531e-05,-0.0187809455186
2024-07-01,0.00267199111293,0.00205579588052,0.0108680726847,0.0286890301069,-0.00224459083803,0.0203278643786,0.00260119983819,-0.0174097013467
2024-07-02,0.00617620579359,0.00670734742957,-0.00302526342569,0.016109489169,-0.00337649741359,0.0062686019032,-4.64314702559e-05,0.00775556628396
2024-07-03,0.00507156228612,0.00445270490959,0.0123650554697,0.00579430057422,0.0073013884826,0.0127291521426,0.011209929327,0.013047867734
2024-07-05,0.00543397420334,0.00574969542598,0.00568866072126,0.0213899723105,0.00223589905969,0.00814193689154,0.0133966644645,0.00824436369888
2024-07-08,0.00101618261106,0.00115354553386,-0.00629547928765,0.00651752187604,-0.029320171478,-0.0104584912231,-0.0124796255778,0.00215872999105
2024-07-09,0.000740797332332,0.000971698390832,-0.0156965660549,0.00376774747303,-0.0127297838646,-0.0228311187345,0.00169431523074,-0.00443007686937
2024-07-10,0.0101563149178,0.00984686802055,0.00860484631294,0.0186290421119,0.0154571145129,-0.00285136060073,0.0036536531411,0.00313537681685
2024-07-11,-0.00880164993608,-0.00866017776516,0.00704972422342,-0.0234946635925,0.0176190946751,-0.0034959649145,0.0175779993839,0.00966804517271
2024-07-12,0.00550186409737,0.00628792863886,0.0126621578277,0.0129664279385,0.0206307117646,0.0107664883446,-0.000627291891196,0.0042674643475
2024-07-15,0.00282221638988,0.00274628898381,-0.0119308161746,0.0166046551418,-0.026847207544,-0.00347066625617,0.00322191622147,-0.0115635563634
2024-07-16,0.00636904988856,0.00591249095779,-0.00692582499346,0.00179025622104,-0.0193179421984,-0.0156078329219,0.0197298758119,0.0140085011493
2024-07-17,-0.0140254413846,-0.0141202398838,-0.00121705822687,-0.0256213413153,-0.00274912672466,0.00847123712603,-0.00465401711837,0.000212666601356
2024-07-18,-0.00784711218414,-0.00771454849128,0.00207684607329,-0.0207486994204,0.000144899235983,0.0153204066142,-0.00640163337609,-0.00767359510819
2024-07-19,-0.0071658792715,-0.00666278811442,-0.00688178692934,0.000579842409223,-0.0153276560835,-0.016913312629,-0.0181006619794,-0.00590186015358
2024-07-22,0.0107342172013,0.0102572959723,0.0115462990722,-0.00156155829695,0.0179318835721,0.00651472371876,0.000315681017019,-0.00290961800553
2024-07-23,-0.00155931771652,-0.00157007548449,-0.00307347656789,0.00467724388376,-0.000722819184373,-0.0161255089642,0.00351050808885,-0.00140424794924
2024-07-24,-0.0234212421208,-0.0229232798156,-0.0112359415683,-0.0291758436944,-0.0476773322442,0.0052973720431,-0.00351050808885,-0.0108672707452
2024-07-25,-0.00515588902533,-0.00522393114416,-0.0116073066654,-0.00481604595959,-0.0103659990111,-0.00787600306054,-0.0157683996065,0.00816152845952
2024-07-26,0.0110294204436,0.0111376481336,0.012132898882,0.00215875162951,0.0159614323828,0.00257863101744,0.0104794241472,0.00777310027575
2024-07-29,0.000812979497421,0.000587514458981,-0.00987077936417,0.00128375867518,-0.0127486596504,-0.00629686034984,-0.00140604623034,0.00536236857584
2024-07-30,-0.00497251442466,-0.00507943413694,0.00416926082409,0.00256265300396,-0.00351913929304,0.00549182311013,0.00993593643069,0.00384333120421
2024-07-31,0.0156699808332,0.0161241533849,0.007536843877,0.0148796475931,0.000919114230483,0.00642254628865,0.0179486811723,0.0101770096142
2024-08-01,-0.0137881238084,-0.0142623202991,-0.0216141393337,-0.0168926719428,-0.0169887611414,-0.00916482325033,-0.00344888468823,0.00858765750186
2024-08-02,-0.0185529065727,-0.0187938757334,-0.0162291021155,0.00684591978421,-0.0180751122812,-0.0125153217496,-0.00190644468196,0.0306860985317
2024-08-05,-0.0304270414925,-0.0295562665931,-0.0142785663048,-0.0493657000874,-0.00988223427268,-0.0271900330779,-0.0127731630385,0.00527705991627
2024-08-06,0.0103008494879,0.00917730783737,-0.00265427074014,-0.00979599415066,-0.0038516303771,-0.00454825401053,-0.00803289227699,-0.0226226587083
2024-08-07,-0.00776471535895,-0.00670660384318,0.0188904278879,0.0124208423779,0.0151602154658,0.0281334115894,-0.000679859516271,-0.00706468728042
2024-08-08,0.0227811396673,0.0228543833761,-0.00255756810115,0.016496418032,0.00300465740975,-0.000164145462168,0.015566231242,-0.00617061181924
2024-08-09,0.00466079831123,0.00440011619197,0.00306668566112,0.0136424376373,0.00425431676564,0.00719774284669,0.00245225175203,0.00981340725906
2024-08-12,4.30331511256e-05,0.000525148839855,-0.00262252779417,0.00710458056906,-0.00141612969855,0.00601300660035,0.0169993540256,0.00362897276865
2024-08-13,0.0167072334067,0.0163118474696,0.00346954198477,0.0170470194021,-0.00141803527513,-0.00617587392274,-0.00153353371332,0.00691112743853
2024-08-14,0.0038164365324,0.0031498137044,0.00787037274854,0.00203154504044,0.0156447527198,0.00195436900589,-0.00818919304017,0.00625121473985
2024-08-15,0.016004489948,0.0169950403418,0.0121993653649,0.0134398605993,0.0181515961646,0.016459921431,0.00313393030189,-0.00810320143527
2024-08-16,0.00198780234021,0.00223937176271,0.00354064156951,0.00590111331887,0.00319604885588,-0.00240366392449,0.0221408081204,0.00349567983238
2024-08-19,0.00967532743618,0.00951600963139,0.00461632355762,-0.000708073447207,0.024614905241,0.00942124559113,-0.00163936186448,0.00460752160288
2024-08-20,-0.00198652727111,-0.00162727223289,0.000208425976908,0.00274091836734,0.00488063226217,-0.015213721733,0.00366327035105,0.00793634868407
2024-08-21,0.00423071481566,0.00343056745593,0.00519509037845,-0.000485736760737,0.00147413936633,0.00257863101744,-0.0013345087077,0.000608224505498
2024-08-22,-0.00897294226733,-0.0078795858988,-8.11162060003e-05,-0.00829410810786,-0.00117915742598,-0.00824241162393,-0.0120472902133,-0.00997578086699
2024-08-23,0.0114179373013,0.0105693335401,0.00701011420983,0.0102356455573,0.00456175570134,0.0087251374569,0.0114871936799,0.00652602138808
2024-08-26,-0.00315871007518,-0.00238654256183,0.00175772677009,0.00149770315747,0.0013205505711,0.0111983677643,0.00318426621996,-0.00254408409602
2024-08-27,0.00159392512376,0.00137212839548,-0.00324493406785,0.00373458190544,-0.0180504466483,-0.00222966374231,0.00270301144134,-0.00173387927042
2024-08-28,-0.00599390081117,-0.00582221203032,0.00157033432585,-0.00677639450207,-0.0053891654797,-0.00495491168576,-0.00705166530249,-0.00122566018964
2024-08-29,-3.9379871377e-05,8.9301111094e-05,0.00831621227354,0.0144649410663,0.0166720011703,0.00479533481917,0.00516462093854,-0.00327570068876
2024-08-30,0.0100424570071,0.00950090940157,-0.00130959489963,-0.00344378216094,-0.00458682391275,-0.00832665220854,-0.00715152124213,-0.0107207452675
2024-09-03,-0.021377963272,-0.0207936147357,-0.00734580605311,-0.0275820012787,-0.00505509349634,-0.0273855704358,-0.0043329502789,0.0162232119468
2024-09-04,-0.00160382910657,-0.00204904211217,-0.00983419138983,-0.0086562331395,-0.0430977447594,-0.00563479169211,0.000607744437243,0.0128077326445
2024-09-05,-0.00302258102047,-0.00243502980848,-0.0092427600576,0.00690394485755,-0.0370940609065,0.00646070798522,0.00829778305339,0.00563982457311
2024-09-06,-0.0174109444389,-0.0169733260713,-0.0107764511965,-0.00703973751906,-0.0116958898586,-0.011626021531,-0.00743016489777,-0.000100394353843
2024-09-09,0.0115135344698,0.0111338110478,0.00987450647503,0.000407605683147,0.00683918111813,0.0182094593576,0.00419705514925,0.00430987970493
2024-09-10,0.00446270000597,0.00434645585766,-0.00238794536272,-0.0036281063396,-0.00618579549822,-0.0180424162086,0.00439442781103,0.00697611652935
2024-09-11,0.0106085555983,0.0102066964595,-0.00144818343736,0.0115185604214,-0.00885696912151,0.00533058944278,-0.00159182172266,-0.000794844012229
2024-09-12,0.00746735219006,0.00838795559983,0.00515643052901,0.000493966036038,-0.000329493011406,0.0118911853899,0.017414764161,-0.00468233634022
2024-09-13,0.00539314225066,0.00520919301401,0.00405094892302,-0.00121282378398,0.0021400264904,0.00262330096396,0.00989457147097,0.00269272969838
2024-09-16,0.00125584082837,0.00147572608105,-0.00212006618767,-0.0281683362134,-0.00742768004324,0.00245325070185,-8.3751624156e-05,0.00912059302719
2024-09-17,0.000264515027331,0.000408427414817,0.00508541463196,0.00217039217437,0.0067695671634,0.00293602221728,-0.00554626631822,-0.00484753219908
2024-09-18,-0.00290065861938,-0.0029701214936,-0.00569504744395,0.0178297832798,-0.0196083034981,-0.00277276263698,-0.00774034121409,-0.0124733110713
2024-09-19,0.0168343568752,0.0169203094043,0.0226446254367,0.036395141414,0.0299219198725,0.0229266479687,0.0154212336191,-0.00331901013279
2024-09-20,-0.00194291362444,-0.00173009979062,-0.0152361910765,-0.00293166286562,-0.0366571188482,-0.0105906932379,0.0126305595703,-0.00383575936403
2024-09-23,0.00280533433266,0.00249589785004,0.00104212894818,-0.00760996818143,0.00539167494602,0.00209494252365,0.00193852687075,-0.00212607259176
2024-09-24,0.00250803117975,0.00285696466795,0.0126959245921,0.00396615281658,0.0314283242913,0.00929334168948,0.0138724025181,-0.000202619450466
2024-09-25,-0.00186298317884,-0.00220790059918,-0.00506139322457,-0.00440786596308,0.00552136641079,-0.0195732450798,-0.00138272083001,-0.00834716314653
2024-09-26,0.00403054206003,0.00395696001786,0.0230573411166,0.00506744308105,0.0942054357139,-0.0234991239879,0.00507398957644,0.00234844452972
2024-09-27,-0.00125400284565,-0.00145145090412,0.00639896342222,0.00118594264048,0.0360411668626,-0.0025327192452,-0.00796748930281,0.00518743129898
2024-09-30,0.00422760355531,0.00399918948722,-0.0202294545904,0.0226142330102,-0.0214103478623,-0.0110498774459,-0.00803153797699,-0.00477955113868
2024-10-01,-0.00936784861311,-0.00899875599544,-0.00811061732938,-0.0295746196362,-0.0362331851737,0.0137512143005,0.0104365979137,0.00719400627363
2024-10-02,0.00013838131604,0.000422095082742,0.000464638216599,0.00251663812406,0.00660458484634,0.0221768520921,0.000203566265653,-0.00846286102919
2024-10-03,-0.00168282871478,-0.00182996063345,-0.0132592588211,-0.0049067335644,-0.0111328687144,0.0144076447164,-0.000692248818787,-0.00946538994123
2024-10-04,0.00893025573242,0.00904627321559,0.00846659120182,0.00499486270074,0.00136058223125,0.0182013440913,-0.0019980230301,-0.0123769076349
2024-10-07,-0.00963226386268,-0.0090814883425,0.00458547949452,-0.0227884383155,0.026684164862,0.0100055266095,-0.00339351472868,-0.00756404119293
2024-10-08,0.00964270690862,0.00941310899646,-0.00724636736315,0.0182367211354,-0.0364003013431,-0.0191453161391,-0.00739923228593,0.0016855706884
2024-10-09,0.0070882309736,0.00690249770011,0.00514144317524,0.0165605201426,0.00137199044938,-0.00161215536776,-0.00546107023293,-0.00570067268
2024-10-10,-0.00207226844113,-0.00175146182948,-0.00245005981275,-0.00218063616037,-0.00213508602103,0.00691372774323,0.00731606364659,-0.00392537718587
2024-10-11,0.00603360862636,0.00597016032275,0.00480180043156,-0.00652669597216,-0.00290506719417,-0.000641102181992,0.010854287305,-0.00404709430354
2024-10-14,0.00767811466013,0.00814519334164,0.00318445609018,0.0163456280866,-0.0237053478772,0.00192211015117,-0.00163083166359,0.000746584504185
2024-10-15,-0.00763856603169,-0.0078000505145,-0.0105911706346,0.0109642206769,-0.0196333065227,-0.0491983294062,0.0034623590724,0.0120841695942
2024-10-16,0.00466823274504,0.00433699560471,-0.0039923157403,-0.00889116595258,-0.0374699051254,-0.00134563239067,0.00498914381865,0.00420554565969
2024-10-17,-0.000171175128534,8.60002448431e-05,0.0121693758341,0.00159492709924,0.0115533022755,0.00620858601011,0.00597045221426,-0.0159697934025
2024-10-18,0.00396368693734,0.00383895717275,0.00385869398578,0.0122019898731,0.0223926868612,-0.00200940653188,0.0105622064239,0.000746229508339
2024-10-21,-0.00182443285781,-0.00164341712401,-0.0101418000774,0.00627807951694,-0.0197706866457,0.00468238656381,-0.000199020874714,-0.0176253621616
2024-10-22,-0.00047496664053,-0.000531427566067,-0.000149937928009,-0.00262527770932,0.0081499940886,0.00515838673984,0.010729557679,0.000975317775087
2024-10-23,-0.00923382419271,-0.00917926033387,-0.00500515498227,-0.0218602106994,-0.00390373335868,-0.00399134118388,-0.0121237541755,-0.00271182173646
2024-10-24,0.00214347306059,0.00216025095467,0.000773268205058,-0.000823666958456,0.0243109407568,0.0011658504884,0.00766381739669,0.00638749454202
2024-10-25,-0.000299491997059,-0.000345357160663,-0.000765257678907,0.00363648783532,-0.0027074894815,0.00315738142449,0.00205486514147,-0.00562743768365
2024-10-28,0.00264793473951,0.00308676992387,0.00789136660087,0.00856277582052,0.00810087979974,-0.00899999648429,3.94552445425e-05,-0.0027171151052
2024-10-29,0.00161282588584,0.0016169633294,-0.00608309899703,0.00115614740612,-0.00190014629656,-0.00554010646046,0.0108359350506,0.00152241634207
2024-10-30,-0.00330569167242,-0.0030299011131,-0.0110781504043,-0.0153958917682,-0.0204972196209,-0.00438676510594,0.00549079052735,0.00292980199946
2024-10-31,-0.018790135005,-0.0197976692432,-0.0105544211284,-0.0183773839873,-0.0135190554083,-0.0298632878778,-0.0156164698419,0.00162369565879
2024-11-01,0.00408415811385,0.00421170741369,0.00795963763015,-0.0133685216809,0.00196582952081,0.00867310028305,-0.00411081652546,-0.0141984466505
2024-11-04,-0.00281604493885,-0.00215643348781,-0.00506060993398,-0.00404580922407,-0.00706242844131,0.00310403983736,0.001424900292,0.0154024402324
2024-11-05,0.0121910311655,0.0120192933205,0.00479604100194,0.00646532209101,-0.00678086840166,0.00360917141797,0.00225191018066,0.00529750830352
2024-11-06,0.0249812808818,0.0245613716438,-0.00508096773025,-0.00327240667585,0.000829317962193,-0.0124290169544,-0.0308579768919,-0.0277701295594
2024-11-07,0.00740375424209,0.00770242758704,0.00756873372316,0.0211469835777,0.0260223585093,0.00294865123604,0.0159486455958,0.0124496115982
2024-11-08,0.00374979396774,0.00432246272179,-0.0117758860332,-0.00118884689143,-0.0338457512368,-0.0157098736425,-0.00679244184889,0.0126208820551
2024-11-11,0.00096859425866,0.000952326834283,0.0119482188698,-0.0121013940004,0.00183642292283,0.00561407180579,-0.0237514039143,-0.00487711991295
2024-11-12,-0.00289685159688,-0.00311106544053,-0.0272845934094,0,-0.0462579136415,-0.025515116834,-0.00866881967541,-0.015106951286
2024-11-13,0.000232200858134,0.000485649585741,-0.00140543300278,0.0039612250224,0.00279125039691,0.0021511818505,-0.0101323842889,-0.00953087314362
2024-11-14,-0.00606810859256,-0.00645075886066,0.0130736456842,0.0136765602432,0.0179563752896,0.0231889744974,-0.00261254994376,0.00577379904964
2024-11-15,-0.0132914309197,-0.0128914831838,-0.00578407474031,-0.0142097046882,0.00324602265724,0.00627931436996,-0.00177364492434,-0.00266064683643
2024-11-18,0.00391015974633,0.00408893301075,0.00118231796055,0.013332889486,0.00391511472125,0.01020685502,0.0188416228526,0.00177427446205
2024-11-19,0.00395575047319,0.00364859787779,-0.00669843668157,0.00113956254271,-0.0193848999827,-0.0109025422139,0.00891942989622,0.00508472554952
2024-11-20,2.1950653025e-05,0.000338981465574,-0.00432350919182,0.00314899375099,-0.00329637777992,-0.00174158845696,0.00561624455324,-0.00320266226831
2024-11-21,0.00532625190233,0.00535378447461,0.00206354032251,-0.00209816087027,-0.000869370344927,-0.00331732627901,0.00830492073515,-0.000774472624494
2024-11-22,0.00346195962291,0.00309491600119,0.00576293996106,0.00589012054316,0.0139909495714,-0.00157517667917,0.0128098106101,0.000553245645505
2024-11-25,0.00301592774693,0.00338605174961,0.000339080436534,0.0129664579698,0.0161638509678,-0.0214223845901,-0.0299014807112,0.0255588047422
2024-11-26,0.00570569721772,0.00520800506803,-0.00871311023169,0.00936032878111,0.00588979585125,-0.0171469374191,0.00193643225035,-0.00388991068572
2024-11-27,-0.00380848117723,-0.00303458405932,-0.00718117666548,-0.000553055922312,-0.00994878522425,-0.0152255634517,0.00222024594857,0.00690465785737
2024-11-29,0.0055921204904,0.00619293685002,0.0128085189218,0.0101640325543,0.004058989373,0.0159534882904,0.0085875680921,0.0102684179245
2024-12-02,0.00244546379265,0.00179072366877,0.000246030128383,0.00947740657545,0.0320200526478,-0.0215141538848,-0.00879294874007,0.00239982957191
2024-12-03,0.000451347329859,0.000463734646036,0.00255718998863,0.012691053445,0.00510173163761,0.00629983572268,0.00201075638681,-0.00866629035202
2024-12-04,0.00603318153553,0.00619041367818,0.0065747678527,0.0014824596038,0.00164009162099,-0.00370087634054,0.00302908546643,0.0106884068726
2024-12-05,-0.00187152582407,-0.00164730121431,0.00372565548299,0.000123382516102,-0.00164009162099,0.00222217305965,-0.00742520591425,0.00201810461918
2024-12-06,0.0024923454908,0.00189390007985,0.0130566471838,-0.000823198663912,0.0342078588084,0.00313980039224,0.000370498760421,0.00148419427664
2024-12-09,-0.0061631673054,-0.00516287489907,0.00714569116493,0.0159729764745,0.0346097351303,0.0133712895109,0.00987087537795,-0.00925984669214
2024-12-10,-0.0029682844125,-0.0031139371805,-0.0114772098892,0.00412515223245,-0.0257657072523,-0.0111610069814,0.0130784130337,-0.00471582772692
2024-12-11,0.00813262638602,0.00770090849913,0.00386284323616,-0.00517961513513,0.0121894760754,-0.0161370161039,0.00948865485998,-0.00949934698666
2024-12-12,-0.00542873139469,-0.00516585845759,-0.000331434209744,0.00594621389062,0.0034114012712,-0.0020589140682,-0.0147722979955,-0.0122220433415
2024-12-13,-2.64669480569e-05,-0.000198535289727,-0.00153334165958,0.000685366839906,-0.0108950543035,-0.000187220783923,-0.0121652782872,-0.0102633708199
2024-12-16,0.00379215494689,0.00426075969603,-0.00710925869094,0.0116594410771,-0.012281604651,-0.0202564228213,0.00241229956264,0.00299062249103
2024-12-17,-0.00387147950656,-0.00412860505694,0.00117099050929,0.00967265357708,0.0069466961009,-0.0117343249745,-0.00384601344149,0.00243037362289
2024-12-18,-0.0299365053006,-0.0302565060775,0.00256535884996,-0.0216545516815,0.00141486256978,0.0100117155895,-0.0193714957688,-0.0125833057797
2024-12-19,-0.000865486729268,-0.000307200562671,-0.0122966410855,0.00699022269437,-0.0142407393976,-0.00518578935667,0.00142008543804,-0.0152572261125
2024-12-20,0.0108104794817,0.0119394535407,-0.00273050367399,0.018640977755,0.000955704355037,-0.000770554220099,0.0103799974441,0.00567824999491
2024-12-23,0.00726084949104,0.00597035131367,-0.000296993984242,0.00306027652393,0.00174979012689,-0.00077121229322,-0.00471991506517,-0.00921454456472
2024-12-24,0.0109822331914,0.0110538827592,0.00142495524526,0.0114127896645,0.00253981365923,0.00308098986818,0.00199002964118,0.00421946734919
2024-12-27,-0.011523046001,-0.0105156855465,0.00993038325784,-0.0101600848291,0.0075805686866,0.0141279981743,-0.000165719494752,-0.00880125546669
2024-12-30,-0.0107596740524,-0.0114774063321,-0.00570050722434,-0.0133520912705,-0.00996139864197,-0.00284782420079,-0.00319477898269,0.00800432231161
2024-12-31,-0.00429400635833,-0.00364466433238,0.00914376890758,-0.00708293672193,0.00980399090038,0.0145326450185,0.00621428782872,-0.00536749072342
2025-01-02,-0.00222636312808,-0.00245993478893,0.00176243329657,-0.0265862008039,-0.000157334252694,0.02163582233,0.0134962277447,0.00274452244244
2025-01-03,0.0125173566809,0.0124257752128,-0.0152005792878,-0.00201150037704,-0.038666894307,0.00501254860335,-0.00789512594685,-0.00320248900054
2025-01-06,0.0055227665019,0.00574398210748,0.022199543267,0.00671633986502,0.0374069364082,0.0130624112958,-0.00123285540266,-0.00447808292463
2025-01-07,-0.0111660215745,-0.0113683171718,0.00584669090386,-0.0114530225941,0.0154800157108,0.00492290242121,0.00561763035503,-0.0113412149664
2025-01-08,0.00155914412027,0.00145994524364,-0.00494322307879,0.0020209125159,-0.0137480327101,0.00326862098862,0.00530160290192,0.00127943974912
2025-01-10,-0.015531637661,-0.0153851756333,-0.00287297412857,-0.0243990575757,0.0145235489978,0.00163038163402,0.0095129179429,-0.00664782146562
2025-01-13,0.00157420441555,0.00154927757914,-0.00301892207202,-0.0103979486217,0.00216818996981,0.0120535717646,-0.0100011034633,-0.0003509719284
2025-01-14,0.0011456232646,0.00137511105458,0.0020266283653,-0.00478964037747,0.00709119545314,-0.00573878223352,0.00523569590827,-0.00164026969552
2025-01-15,0.0181471325053,0.0180263579365,0.00683571384544,0.0194848564558,-0.0214261452535,0.00591774390863,0.00746108998498,0.0170886229754
2025-01-16,-0.00211492425674,-0.00192495244467,0.0211996676366,-0.0412390143638,0.0875474544597,0.0255948869975,0.00688719372512,0.00322183560787
2025-01-17,0.0099414782246,0.00998983652133,0.00977684658793,0.00750709843056,-0.00779465822283,0.00156727673603,-0.00532140401265,0.00172225739466
2025-01-21,0.00873000942029,0.00911184013691,0.00790668549351,-0.0324363337784,0.0160993411474,-0.0145476523311,0.015366548113,0.00890603398506
2025-01-22,0.00611918111818,0.00560569446053,0.00851468708133,0.00533072124207,0.0176670954011,-0.0046009558267,0.00512251102441,-0.00524268145904
2025-01-23,0.00529941950055,0.00544321710231,0.00701972707427,-0.000759666636682,0.00948136696813,-0.00426591636005,-0.00141587437616,-0.00780096336215
2025-01-24,-0.00285921605615,-0.00292343251433,0.00442601797792,-0.00394243135535,0.0185610512388,-0.00535818266608,0.00619945090334,0.00448140054065
2025-01-27,-0.0146880589966,-0.014246458545,-0.00265754520265,0.0312857654574,0.0278074898233,-0.00268976931066,-0.0104593160381,0.0117402009674
2025-01-28,0.0091756441522,0.00855571590577,-0.00116552658405,0.0358920772692,-0.00557992907375,0.00107676435983,0.00861916904369,-0.00068022997031
2025-01-29,-0.00468987593815,-0.00449314937084,-0.00315667650805,0.00460623186438,-0.0511108915713,0.000896571462577,-0.00384780410836,-0.0020432137145
2025-01-30,0.0052615481055,0.00535283421169,0.00874668933967,-0.00742232850181,0.00363879989479,0.00643083411647,0.0150319711385,0.00374265372487
2025-01-31,-0.00505960403672,-0.00533601953265,0.00107348197436,-0.00671453049516,-0.0173327579311,0.00408700720971,0.00197444950546,-0.00658695448985
2025-02-03,-0.00763769074012,-0.00675240285131,-0.0120532251445,-0.0344423805963,-0.0192315658973,-0.00747578463807,0.00532307524994,0.00810861635207
2025-02-04,0.00719890747057,0.0066859689397,0.00653246855498,0.0207901748563,0.00376064970706,0.0185861159872,0.00980023918415,0.003057964721
2025-02-05,0.00390105380723,0.00404622652494,-0.00186348343431,-0.00141846026416,-0.00971938931163,0.01721324265,0.0061903430861,0.0163752343185
2025-02-06,0.00363767439664,0.00346950072879,0.0145845407001,0.00322104060072,0.0157643144989,0.0102900180458,-0.00265377365029,-0.000444700226751
2025-02-07,-0.00950984571993,-0.00919556249924,-0.00432903370416,-0.0242607249077,-0.0183917235045,0.00459615001688,0.0017825693059,-0.00647626797691
2025-02-10,0.00669011229072,0.00676826932886,0.00415419719093,0.0011866977456,0.00160643374857,-0.00442566110529,0.0167963859736,-0.00302906214323
2025-02-11,0.000339525210641,0.000760353774571,0.00282875363051,0.0215968746259,-0.000145898598865,0.00408588319745,-0.00365828383841,-0.00642520397161
2025-02-12,-0.00272758316383,-0.0032268900646,0.00165390675546,0.0181052296019,0.0037873068862,0.00254511007678,0.00104660415993,-0.0136626759011
2025-02-13,0.0103723131526,0.0105022623867,0.01504627504,0.0194822319538,0.0278154902904,-0.00526705293118,0.00981451406111,0.0164857797291
2025-02-14,-7.19463291382e-05,-4.91782147754e-05,0.00176595348205,0.0126305609421,0.00816793912738,0.00306172076225,-0.0149834668506,0.00528598890497
2025-02-18,0.00244200360449,0.0029315968435,0.00342012669819,-0.000531583021962,-0.0111419495664,0.00356019064725,0.0164252666707,-0.0118479838364
2025-02-19,0.00237414883127,0.0023521495568,-0.0117693268608,0.0016347825373,-0.0203443944916,-0.00645175796443,0.00055394330662,0.00124809822167
2025-02-20,-0.00434360475172,-0.00416912595476,0.00148339211698,0.00391278538638,0.00663587943725,0.00187190553722,0.00051669867174,0.00373423620766
2025-02-21,-0.017211396718,-0.017251867284,0.00392327243522,-0.00113958902632,0.00987206758276,-0.0119720903014,-0.000922969106297,0.0120124179427
2025-02-24,-0.00498149359743,-0.00456089490705,-0.00781999393024,0.0062925301081,-0.0147726144308,-0.00103277754132,0.00541488035088,0.00289727445885
2025-02-25,-0.0046907151384,-0.00498559046215,-0.00494614581313,-0.000242963404428,-0.0114802599849,-0.0102139130931,-0.0132760713054,0.01709996765
2025-02-26,0.000136015097791,0.000504774765048,0.0114666470078,-0.0274123897132,0.0232585085318,0.00503338148725,0.00152517096272,0.00588948682043
2025-02-27,-0.0159917427841,-0.0160907784926,-0.00509650012667,-0.0128126202537,-0.0103344659033,0.00103821420392,-0.0153572801032,-0.00709328818503
2025-02-28,0.015729780458,0.0154851852637,0.00112369307217,0.0189510858966,0.00259371595973,-0.000692041843049,-0.00628553397139,0.0121910429032
2025-03-03,-0.0177534026216,-0.0176754792238,0.0107999630899,-0.0158795856136,-0.00591773242735,0.00672699562296,0.0130942839492,0.00465614383091
2025-03-04,-0.0123102883177,-0.0119073749069,-0.0186851197767,-0.00886154703693,-0.0344606494442,-0.0271840657705,0.00866003191955,-0.0123913797006
2025-03-05,0.0110974726203,0.0106903855502,0.0155141366352,-0.000805603265092,-0.00465580271781,-0.0111911155691,0.00207914609419,-0.0080163624113
2025-03-06,-0.0179796770579,-0.0179106014155,0.00292215814328,-0.00174074995966,-0.0171567007599,0.00605514328254,-0.00509416020749,-0.00331332093152
2025-03-07,0.00550543490961,0.00558934556864,-0.00942131056095,0.0157675958812,-0.0284246604193,0.00389884423407,0.000521820957303,-0.00321278358096
2025-03-10,-0.0273435416619,-0.0269967748825,-0.00905472496518,-0.0496940152882,-0.00695658300965,-0.0024793197746,-0.00879449522239,0.0103776686936
2025-03-11,-0.00759664703015,-0.00834763594032,-0.0132201023812,-0.0296238748614,-0.0151869426053,-0.00462056039125,0.0116593059354,-0.00716488511266
2025-03-12,0.00487496803556,0.00529268153093,0.00590676359183,-0.0176333097537,-0.0146035294566,0.00869034606334,0.00433737364452,-0.0059911959199
2025-03-13,-0.0139883667774,-0.0134200827526,-0.00637277959671,-0.0342226107205,-0.0111768451316,0.00966518168113,0.0176003445865,0.00875320006832
2025-03-14,0.0210429057963,0.0204453505955,0.0112824773483,0.0180075243182,0.000165239314357,0.00540691564043,0.00039967659016,-0.00530941378993
2025-03-17,0.00639563501361,0.00768164657229,0.00567626139085,0.00238594975775,0.00757325782977,0.0010430875897,0.00539893333558,0.00497814261543
2025-03-18,-0.0107106670858,-0.0108673249011,0.00501464671632,-0.00614035681204,0.000491812904874,0.00727155005619,0.011604362336,0.000992682809066
2025-03-19,0.0107406082065,0.0108320788333,0.00698765597875,0.011918037134,0.000983212661244,0.014386333748,0.00409929477458,0.00516819871347
2025-03-20,-0.0021872834531,-0.00289599787596,-0.00950106565751,-0.00531061105914,-0.0100403322341,0.00101961328288,-0.00128140482992,0.00065774415597
2025-03-21,0.000824313629847,0.000329836393207,-0.0063518243396,0.0192896710123,-0.00331399105762,-0.00801568523461,-0.00808247744653,-0.0059360377209
2025-03-24,0.017492117019,0.0177501278722,-0.00256704246337,0.0112074772737,-0.0103438653142,-0.00756286887347,-0.00446248994154,-0.010306677611
2025-03-25,0.00157309546907,0.00240082950045,0.0106950612421,0.0135891341032,0.00334839081441,0.0236990187291,0.00439071099752,-0.000111164343802
2025-03-26,-0.0112196403528,-0.0120101696644,-0.00965474561025,-0.0099713691354,-0.00637152606846,0.0311028757033,-0.000826322562218,-0.00659475760966
2025-03-27,-0.00331246088107,-0.0026590512532,-0.00506471898388,0.0104181576218,-0.00912495677674,0.0016538786365,0.013316671181,-0.00292033047498
2025-03-28,-0.019934601271,-0.0203440808295,-0.00930836608942,-0.0269399120704,-0.00340066411323,-0.0217181227158,0.00738479056542,0.0137394254704
2025-03-31,0.00552324049169,0.00669036958818,-0.015964150443,0.0192265839153,-0.0265807993439,0.00757128119995,0.0142610487791,0.00982532516985
2025-04-01,0.00377410445512,0.00282046283638,0.0109338576061,0.00476059403339,0.00592965848298,-0.00285352577634,-0.0019801919872,0.00862803033766
2025-04-02,0.00670566149587,0.00630846820057,-0.00222810049549,0.00313145205901,0.000173827716316,-0.00134573274688,0.00204956210467,-0.0006559157371
2025-04-03,-0.0496059117697,-0.050536535026,-0.0336237251974,-0.0970133466687,-0.0577926508528,-0.048453515127,-0.00605658487038,0.00458314350714
2025-04-04,-0.0616090620097,-0.0603264196801,-0.043577058141,-0.0756802343751,-0.0240481979463,-0.0643971968241,-0.0236702040278,0.0108287212145
2025-04-07,-0.00233419458133,-0.00178283644629,-0.0489928076888,-0.037425973911,-0.0431832300966,-0.0538055575344,-0.0217199875593,-0.0306204120141
2025-04-08,-0.015825083183,-0.0157867117823,0.0247097669448,-0.0511019886914,0.0237503268665,0.00317656214671,0.00542903081249,-0.0190588767739
2025-04-09,0.090894879676,0.0998628714771,-0.0340063452281,0.142617426649,-0.0420410595624,-0.044483283831,0.0363234933591,0.00586844148393
2025-04-10,-0.0352206069018,-0.0448082367837,0.0376052955961,-0.0433185964272,0.0504703898167,0.0257761216777,0.0241300921221,-0.0279555038633
2025-04-11,0.017930380724,0.0176855788633,-0.00298229209403,0.03979205195,0.000381373293954,-0.017315543238,0.0189068009429,0.0054237814011
2025-04-14,0.00791331940769,0.00965475086456,0.0234147919883,0.0218144362269,0.0108108786332,0.0314533141294,-0.00572231933274,0.00711037123216
2025-04-15,-0.00172927521946,-0.00280483734756,0.00852655330467,-0.00187808557783,-0.0814192195446,0.00773581000539,0.00521873871403,0.00353586101908
2025-04-16,-0.0226632540589,-0.0224787279942,-0.00074047735649,-0.0397116350843,-0.00708520605961,0.0209217585515,0.0320225692947,0.00556421625358
2025-04-17,0.00132595862385,0.00142558283189,-0.00603598778691,0.0138531936357,0.000824072602814,-0.000580769313228,-0.00440035915567,-0.00887183950973
2025-04-22,0.000957303921506,0.001594604872,0.00555838204311,0.0139144283056,0.00349463839304,0.00425041827634,0.0161693335694,-0.0120682778478
2025-04-23,0.0165238642436,0.0153766520477,0.0210543852273,0.0240404149479,0.0263279266724,0.00231087224594,-0.0242707965937,0.00966612847746
2025-04-24,0.0200566282204,0.0208304459442,0.00272535793711,0.0182583140036,0.0139045882068,0.0030726874918,0.0144513500164,0.0104809507465
2025-04-25,0.00734608472155,0.00719944496605,0.00445241681763,0.00435785739122,-0.00180272378817,0.0116290698977,-0.0109008778587,0.00733933322772
2025-04-28,0.00064050152769,0.000381087298272,0.00496360403934,0.00410073099977,0.00639488868533,0.00302815514823,0.0141416363657,0.00628007403884
2025-04-29,0.00578564152308,0.00627974292145,-0.00236485062433,0.00507908197599,-0.0256243570799,-0.0108295747572,-0.00978665647926,0.00834944329843
2025-04-30,0.00147889734736,0.000396639884631,0.00501659818666,0.00608904128841,-0.00286533963984,-0.0229938665625,-0.00751035473127,-0.00812589294169
2025-05-02,0.0208985367746,0.0217970263481,0.0229905776672,-0.0342262309753,0.0161630985308,-0.00588121199117,-0.0192443928225,-0.0159667355757
2025-05-05,-0.00640204701812,-0.0057507193591,-0.00549087428671,-0.0319638180474,-0.00728681985896,-0.00690540730906,0.0294304009137,-0.00560103287905
2025-05-06,-0.00772298535616,-0.00839345177753,-0.00402082296834,-0.00191255293084,-0.00641968800989,0.0108302030632,0.0276385154092,0.00331866876887
2025-05-07,0.00433693812355,0.00419670885971,-0.0091466543005,-0.0114500477227,-0.0115156867885,-0.00608986631294,-0.0151065930065,0.00421827117827
2025-05-08,0.00578302110349,0.0069433803787,0.00882439804199,0.00629860527599,0.00782862973217,0.00589385848137,-0.0198907885435,-0.0112115824504
2025-05-09,-0.000711734107321,-0.00127492443805,0.00638808394946,0.00525228559655,0.017191784918,0.0163206142425,0.00722848420766,0.00149436286006
2025-05-12,0.0320399766517,0.0325132123248,0.0136402166553,0.0612325520936,0.0677483019794,0.0224856354916,-0.0285955521201,-0.00934819045262
2025-05-13,0.00722205914285,0.00658225657606,0.00301832910093,0.0101010637435,0.0119918683057,0.00638610800512,0.00424994872058,-0.00406677205274
2025-05-14,0.00102389116798,0.00127716114242,-0.00471529543114,-0.00282177166035,-0.022032708223,-0.00563267505855,-0.0212622739534,-0.00665871272667
2025-05-15,0.00412381749694,0.00487239543863,0.00212618299681,-0.00415308385746,-0.0346766935632,-0.00471829101879,0.0158378674324,0.00875227797356
2025-05-16,0.0069808493626,0.00631406929027,0.00422102125948,-0.000898965686693,-0.00672461474297,0.00697527049291,-0.0121606892643,0.00266845741219
2025-05-19,0.000875729592221,0.00109332554747,-0.000388078120489,-0.0118084954464,-0.0105736904598,-0.00659701690563,0.0127984223538,-0.00290102395016
2025-05-20,-0.00388777711669,-0.00336792239756,0.00742956203859,-0.00923883916254,0.012556223983,0.00245533902973,0.0184509751524,-0.00723121515114
2025-05-21,-0.0162667193264,-0.0169943660602,-0.00402824855022,-0.0233290830179,-0.0225336725774,-0.0131018639397,0.00735159209289,-0.0172375866338
2025-05-22,-0.00044496991011,0.00039463077439,-0.00583843139714,-0.0036188576621,-0.0174716323696,-0.0157967705998,-0.00890099002501,0.00522614872291
2025-05-23,-0.00673089969336,-0.0068491476069,-0.0166734260911,-0.0307110896871,-0.0126544800691,-0.0103446603081,0.021669794065,0.00165737035137
2025-05-27,0.0202525808293,0.020577296868,0.0118745703861,0.0249836279081,0.00603600078139,0.0111209697346,-0.0170944333593,0.0138595306882
2025-05-28,-0.00558680251282,-0.00580204132504,-0.00495552896461,0.00104839438608,0.00362487570934,0.00193840074416,-0.00226858772071,-0.00432527520704
2025-05-29,0.00400317083871,0.00393946011229,-0.00107656481651,-0.00234799817318,-0.00497460557782,-0.00446385820554,0.00590723075868,0.0092124814234
2025-05-30,-8.11885468578e-05,-0.00111902558975,-0.00358367318697,0.00449120037763,-0.00625327635635,0.00485102556724,-0.0065986649036,0.00150772149677
2025-06-02,0.00409365149091,0.00561721874514,-0.00189681202569,0.0042231105956,-0.00219787534482,0.0195521023595,0.026233912177,-0.00935014450444
2025-06-03,0.0057835335724,0.0056863589113,0.00343714681849,0.00775357258177,-0.0075726203518,0.00662197976436,-0.00889499217581,-0.00176297740248
2025-06-04,7.36848441636e-05,-0.000268548606149,0.00524522542295,-0.0022161565418,0.00641929874818,-0.0144352719569,0.00642131248037,0.0161031197593
2025-06-05,-0.00529135799412,-0.00484468014742,-0.00184674082056,-0.0108565826854,-0.0138369309734,-0.00768195683413,-0.00506267159425,0.000693905569324
2025-06-06,0.0102281961159,0.0102169748423,0.00187239115997,0.0162653912761,0.00244321488864,0.00825583934782,-0.0135068826453,-0.0128053751529
2025-06-09,0.000919525264483,0.000900615234018,-0.00171833968891,-0.0121865948083,0.000636342380055,0.000573450846069,0.00470743604917,0.00105397096542
2025-06-10,0.0054680125777,0.00565370731618,0.00164914472781,0.00603779943199,0.00697389570344,0.0237925057207,0.000293466821124,0.00513634291283
2025-06-11,-0.00274766044783,-0.00285615257898,-0.00364952347837,-0.0193802112285,-0.00899042689198,-0.000746682047986,0.00539769808205,0.00302304299709
2025-06-12,0.00381513319598,0.0039665007941,-0.00138858940274,0.00211052393411,-0.00372564843264,0.021979033468,0.0123437020396,0.0118865427927
2025-06-13,-0.011360668626,-0.0112431299648,-0.0104118455186,-0.0139013901319,-0.0160175296579,0.00109537582216,0.0130154961936,-0.00968309929471
2025-06-16,0.00934882307543,0.00946936763855,0.00746232217171,0.00997805778532,0.0128131156056,-0.00512255565281,-0.0143617350347,-0.0101290009559
2025-06-17,-0.00838725965091,-0.00858189029484,-0.00758597790338,-0.0141097784704,-0.0143313591661,0.0179955694928,0.000513060358024,0.0120960619673
2025-06-18,-0.000309288092187,-0.000150724190252,-0.00359976044617,0.00479327484107,0.00724521812884,-0.0165293025955,-0.00540018016795,0.00173255020644
2025-06-20,-0.00218103514235,-0.00235123631701,-0.00871852811637,0.0222354430187,-0.0308558178889,0.0167885996912,-0.00041910733171,-0.00184795407937
2025-06-23,0.00956065505011,0.00982902214267,-0.00688698961521,0.00248452284797,-0.000333498255847,-0.00697641239657,0.00305849150134,0.00323196545401
2025-06-24,0.0110603286321,0.0109867132162,0.0103501896285,-0.00597314259633,0.00830249426029,-0.0333426388533,-0.0158442412079,0.00723443339769
2025-06-25,-3.2861852927e-06,0.000560126301872,-0.00762222022306,0.00627084303034,-0.0194808151236,-0.0041992935561,0.00303270358329,0.00125789055436
2025-06-26,0.00798813114988,0.00779326161393,-0.000112480391123,-0.00278222328199,-0.0164336917589,0.00438975766952,-0.00110765935196,0.00501523354165
2025-06-27,0.00520539914438,0.00495612198186,0.017606983749,0.000397959693257,0.0264997995464,0.000190427843749,-0.0182899769568,-0.00638781155889
2025-06-30,0.0051511374912,0.00476988581167,-0.00333905123465,0.0201359876335,-0.0105157592425,-0.00802919496862,0.0119133034156,0.00979301772982
2025-07-01,-0.00111915699901,-0.000323766635169,-0.000433220739398,0.0128334855877,0.0535343107249,0.00478701988645,0.00888343511715,0.00247642111791
2025-07-02,0.00473387426606,0.00452312050289,0.00984749596831,0.0219872773146,0.04063014997,0.0194843073139,0.00551237463627,-0.00637382733684
2025-07-03,0.00830437824533,0.00785040518348,0.00208222040216,0.00521139665269,-0.00533666512095,-0.000187359584751,-0.00684629273739,-0.00698945821816
2025-07-07,-0.00789336823423,-0.00747987697504,-0.00401596996655,-0.0170016065986,-0.0219514117138,-0.0300517618149,0.00074849882669,-0.00958924332187
2025-07-08,-0.000716143099934,-0.00054788588501,0.00558287351321,0.000285725192845,0.0152403620834,0.0200714321604,-0.0104983254708,-0.00127783597204
2025-07-09,0.00604380276136,0.00597884617069,0.0142858020826,0.00536631076227,0.0107162308035,0.00829241273222,0.00446131502198,0.0104070530391
2025-07-10,0.002742441023,0.00281619053496,0.00301508070057,0.00599698885489,0.0345504073366,0.0041207195124,0.00222331550058,0.000689905534086
2025-07-11,-0.00330297178318,-0.00352160153243,-0.00927569506002,-0.00590230183523,-0.0348579277024,0.00689214465662,0.00955577483222,-0.0138906540406
2025-07-14,0.00140642439574,0.00190646468635,-0.00270122256361,-0.0121018117334,-0.0168523872625,-0.00988723671472,-0.00366201480042,-0.00210031924566
2025-07-15,-0.00396414507042,-0.00428246710553,-0.00538834455538,0.0023461480145,-0.00459812928893,0.0026211784809,-0.00416436479187,-0.00703312480098
2025-07-16,0.00318856841543,0.00333769554394,-0.00569723428585,0.00500872714107,-0.00367280430578,-0.00731916091739,0.00497569750513,0.0014104540239
2025-07-17,0.00535938024524,0.00610089141418,0.0128552437493,-0.000666387671473,0.0026248156948,-0.00226280361716,-0.00217590081294,-0.000234902481082
2025-07-18,-9.04902680724e-05,-0.000732602857821,8.56422032231e-05,0.00550800706239,-0.00863526837267,0.00339229814896,0.00259755003585,0.00152622688355
2025-07-21,0.00139815707011,0.001894348212,-0.00313038844156,0.00613708621114,-0.00839053534903,-0.00547103080098,0.0152531913617,0.00887634286027
2025-07-22,0.000637328412435,0.000143086640752,-0.00692421716376,0.00899549667334,-0.00695669634142,-0.00113591453254,0.00944018245958,0.00602845374908
2025-07-23,0.0077815321361,0.00847159005801,0.0135970168521,-0.00116663820386,0.0304624795174,0.0101754332382,-0.0124787160956,-0.00556318441619
2025-07-24,0.000697980090268,0.00033087669777,-0.00410377576716,-0.001822808187,-0.0204174984387,-0.035881703781,-0.00613707141148,-0.00174517491245
2025-07-25,0.00396645099168,0.00421553827446,0.00208272469502,0.000561187672707,0.0384843444109,-0.00252936676267,-0.00929303910987,0.00626760553326
2025-07-28,0.000176842500603,-0.000251197160996,-0.00431074586488,0.000794553829223,0.00102265283178,0.0206311168682,-0.00649466229797,-0.0065003433607
2025-07-29,-0.00296383031497,-0.00264095237913,0.00721412187673,-0.0130727117269,-0.0298777914911,0.00247778165623,0.00274661257096,0.0167451410657
2025-07-30,-0.00125021394839,-0.00126026075468,0.000585279539168,-0.0105635400029,0.0124537408127,-0.00457917054182,-0.0174244262105,-0.0051669780561
2025-07-31,-0.00370166194798,-0.00375821767665,-0.0115122351012,-0.00710477053132,-0.0176271324362,-0.0051769312691,0.00662341823823,0.000575490809637
2025-08-01,-0.0161213871698,-0.0165261273474,-0.0294848538844,-0.0253214492436,-0.0229132894731,-0.0184309700735,0.0200963981913,0.0141164180712
2025-08-04,0.0146295643671,0.0150853066381,0.0113123684807,0.00478142740968,0.0014070630694,0.00993676673438,0.00580634201809,0.00272901997443
2025-08-05,-0.00486970378078,-0.00508282203602,-0.00143836531468,-0.00211690004036,-0.012625349239,0.00618480238384,0.000803768097623,0.0030615939334
2025-08-06,0.00725552234837,0.00763047383671,0.00183399133363,0.0496535410727,0.00262527414983,0.0114942996494,-0.00212336082016,-0.00579061390783
2025-08-07,-0.000797798235854,-0.000837987513773,0.00968312393329,0.0312986511277,0.00740095480245,-0.00228828244556,0.00840258630591,-0.00170947060754
2025-08-08,0.00776945476748,0.00776731171164,0.00435924569502,0.0414853402214,0.000542064185359,0.00628031028768,-0.000223603820663,-0.00434386410864
2025-08-11,-0.00250726839401,-0.00197945946769,-0.00576110421354,-0.00837234844007,-0.00728784418758,-0.00361113588496,-0.0144790179833,0.00114508368312
2025-08-12,0.0112815591824,0.0105898086541,0.00710592109677,0.0108138153425,-0.00185759297334,0.0123002299926,-0.000907879218161,-0.00504768382808
2025-08-13,0.00322487330654,0.00341728630027,0.0066267115288,0.0158972880587,0.0268697797184,-0.0124906578363,0.00304464195305,0.00824646425359
2025-08-14,0.000303044888222,9.30089758408e-05,0.0083405058913,-0.00235994706114,0.00700262012436,0.00114202350054,-0.00635888016423,-0.00744189504518
2025-08-15,-0.00290133985825,-0.00234394249636,0.00672549794074,-0.00512524618203,0.00674395053941,0.0169751357864,0.000585647840159,-0.00715019206493
2025-08-18,-0.000100768359488,-0.00021773656626,-0.00498503515338,-0.00302713972682,-0.000525199379941,-0.0084515788031,-0.00156248931848,-0.00289773273645
2025-08-19,-0.00587532908815,-0.00543987002772,0.0119814198753,-0.00143032020018,0.0290985432275,0.0127437707981,-0.00548831209151,0.00578718979613
2025-08-20,-0.00243463062745,-0.00266061792619,-0.000758557124052,-0.01993186369,0.00742287580368,0.0057561416357,0.0100712880703,0.00219027783412
2025-08-21,-0.0040122196849,-0.00401978104634,-0.00436667750826,-0.00492343731341,-0.0174752714921,0.00517097846112,-0.00347592654177,-0.00496405788597
2025-08-22,0.0150722851005,0.0152399174695,0.00394769704492,0.0126366417209,0.0206109367361,0.00624308087539,0.010649518879,0.00737942007676
2025-08-25,-0.00427551253496,-0.00441063757485,-0.0160190695038,-0.00263776715223,-0.0143419240276,-0.00974901547118,-0.00241775727915,-0.00287606399199
2025-08-26,0.00412547368126,0.00417813304374,-0.0171329676755,0.00942012677216,-0.00369500211179,-0.0222418064978,0.00723580553769,-0.00057631807403
2025-08-27,0.0023881304631,0.00227605133289,0.00441578180089,0.00513275543619,0.031877239369,0.00565405199657,0.00201669116249,-0.0011532579589
2025-08-28,0.00315174745125,0.00353506912226,0.00240800884422,0.00894069348137,0.0218706187126,-0.0020695060447,0.00739165450681,0.00655660220198
2025-08-29,-0.00641874030149,-0.00598149345542,-0.00759066082816,-0.0018076302794,-0.0176960971272,0.00750472684382,0.00960363713824,-0.0071338333563
2025-09-02,-0.00694635012882,-0.0074379404595,-0.00646563229062,-0.0104794339757,0.0175012233343,0.000560628081541,0.0233674024907,-0.00746960565356
2025-09-03,0.00508711237084,0.00540500938904,0.00851574438212,0.0373823081312,0.0150902200393,-0.0141099650699,0.00780148345829,0.0109178213164
2025-09-04,0.00831184702549,0.00832259201093,-0.0026967443615,0.00547830891717,-0.0425595859216,-0.000379015302936,-0.00442867715988,0.00759509137254
2025-09-05,-0.00317017265071,-0.00290039618977,-0.00314044859729,-0.00037531921162,-0.00572664005129,-0.0179771805151,0.0132576699835,0.0151318222886
2025-09-08,0.00210376439796,0.00245356403225,0.00779517789197,-0.00758009971187,-0.000201555371656,0.00154276596288,0.0113237097718,0.0132362831629
2025-09-09,0.00268454703981,0.00230921703883,0.00187936982343,-0.0149505804479,-0.00839956565528,0.0160552555422,-0.00227248331954,-0.00569927773293
2025-09-10,0.00297902826302,0.0028866349533,0.00153825187659,-0.0327913301138,-0.00458364280509,0.000379159010005,0.00358576845587,0.00569927773293
2025-09-11,0.00845008765638,0.00827604430227,0.00798218356822,0.0141853149217,-0.00491249265071,-0.0108624667052,-0.00149249299391,0.00666365283599
2025-09-12,-0.00048287791464,-0.000334874985302,0.000219853071938,0.0174104789228,0.00674843327323,-0.00134205440627,0.00196962962404,-0.00432622466039
2025-09-15,0.00469557771243,0.0053098412296,0.00911966185205,0.0111732128369,0.0272420458603,0.00878710433801,0.0103510805486,0.00233188454713
2025-09-16,-0.00128876035295,-0.00137773964824,-0.0100171639737,0.00610724707672,0.00691769481925,-0.00285690319975,0.0020043986077,0.00210491221635
2025-09-17,-0.000970639082924,-0.0012432293115,-0.00400382902405,0.00352100603615,0.00706573080081,-0.0134410642319,-0.0077450872313,-0.0025486473035
2025-09-18,0.00477768779405,0.00466161630345,0.00864749748852,-0.00465534923259,0.0122461871182,0.00578259200493,-0.00401435591067,-0.0103732163351
2025-09-19,0.00487352388585,0.00494064392004,-0.000129870898061,0.031530575045,-0.0136161571252,-0.00888040521033,0.010551366602,-0.00190793861048
2025-09-22,0.00440035075696,0.00471989344906,-0.00299419129166,0.0421928874834,-0.00707551430002,0.0030978132054,0.0171583800118,-0.0036010312791
2025-09-23,-0.00551735180996,-0.00545834084337,0.00533816199901,-0.0064640587753,0.0314528197243,0.0126778267808,0.00407804658473,0.00696548473388
2025-09-24,-0.00285067716053,-0.00318673581948,-0.00567789156297,-0.00836726023727,-0.0273193196838,0.0209659097156,-0.00910436863461,-0.00381369607679
2025-09-25,-0.00502164874241,-0.00462414345407,-0.0041004396297,0.0179116122685,-0.00452809962869,-0.00224544300529,0.00415653943425,0
2025-09-26,0.00588448905972,0.00571268608072,0.00960811337914,-0.0055042407298,0.0174088513852,0.0161667545031,0.00575567404428,-0.000899632296549
2025-09-29,0.00263207731633,0.00280650552642,0.00129383358869,-0.00404011130141,0.0142473368673,-0.0223680519046,0.0163619243837,0.00817787890691
2025-09-30,0.00408250361347,0.00375975776604,0.00191037713299,0.000785821440457,-0.00498267527102,-0.0251969960896,0.00850374520852,-0.00290496371938
2025-10-01,0.00339415411532,0.00340177989316,0.00895306312069,0.00321508192976,0.006701845039,0.0138578862226,0.00157413384578,0.002579264328
2025-10-02,0.000618163719137,0.00115106867728,0.0111935814517,0.00655508246472,0.03543341228,-0.0118943789917,-0.00348890364327,0.00290779127047
2025-10-03,6.55105963709e-05,-1.47126139136e-05,0.00308711283916,0.00345528659147,0.018613639578,0.00156787187202,0.00800084529629,-0.00190042599833
2025-10-06,0.00363995926889,0.00357976468232,-0.0136746748459,-0.00516784886347,-0.0232291840457,0.00488440252971,0.0186703570507,-0.00797542707569
2025-10-07,-0.00381868764644,-0.00371440457023,0.000385073593664,-0.000818445666663,0.0356271683389,-0.0086123854112,0.00514619815633,0.00573530466233
2025-10-08,0.00581074848009,0.00594534758671,0.0106368188996,0.00614131788125,0.0273024323254,0.00490243825912,0.0163564576308,0.000784734061802
2025-10-09,-0.00275937404517,-0.00290117913504,-0.00233146482698,-0.0157003744382,-0.028732078078,0.000391104319174,-0.0186252254221,-0.000784734061802
2025-10-10,-0.0274859753409,-0.0273998328374,-0.0154595573939,-0.0351320629038,-0.0238882371882,-0.0225438481565,0.0100470576553,0.0160182099824
2025-10-13,0.0154782630032,0.0152275875165,0.00205141373434,0.00969721810813,-0.0103092853981,-0.00310489992616,0.0240104710583,-0.000552056756697
2025-10-14,-0.00156555145928,-0.00122239352198,-0.00184682276756,0.000444033752231,-0.0141635942249,0.00809242799911,0.00711581376525,0.00319698164369
2025-10-15,0.00401791850318,0.00442970499657,0.0196772768094,0.00631653935113,0.115277487662,0.0363462810744,0.0171839105441,-0.00220359307237
2025-10-16,-0.00631428036904,-0.00683361587988,0.0137211863603,-0.00760893794938,0.00716613912854,0.00878876938828,0.0231179837397,0.00747238828775
2025-10-17,0.0052568740338,0.00566034209338,-0.00175882629737,0.0193706873085,0.00579518926122,0.00265957367381,-0.0189963493475,-0.00153389120702
2025-10-20,0.0106157241077,0.0103467879977,0.00389128582479,0.0386808811418,0.0105107230874,-0.00399205729781,0.0357550756087,0.00383053607863
2025-10-21,3.26959396148e-05,-1.49433952594e-05,0.00641244375316,0.00201899699073,0.00764926789613,0.0028531088402,-0.0664271230809,0.00490324057676
2025-10-22,-0.00535183487709,-0.00521247788899,-0.00631498345906,-0.0165766656776,0.0103227447048,0.00719149581146,0.000106051531095,0.000651970787961
2025-10-23,0.00581047985304,0.00591244932719,0.00230153552818,0.00436250564902,-0.00385866515111,0.0199763452898,0.00399437086964,-0.00686691764168
2025-10-24,0.00787136197572,0.00813934132721,-1.82829311991e-05,0.0124044950476,-0.0134599976051,-0.00351805322505,-0.0033584672875,0.000437422830402
2025-10-27,0.0122151413508,0.0117287037572,0.00164591129955,0.0225353166641,-0.00163397033263,-0.00260037350879,-0.0282343953936,0.00338332497806
2025-10-28,0.00228533057941,0.00265240570873,-0.0027467129479,0.000706570356136,0.00505661132004,-0.00540797558885,-0.00719183002749,0.00261146039271
2025-10-29,-4.35792092666e-05,0.00048025450105,-0.00191262227207,0.00259894112897,0.00681053987229,0.0122655302302,-0.00379445859463,-0.0101578819973
2025-10-30,-0.00995419142417,-0.0110590226805,-0.0053294405647,0.00628345318158,-0.0141592866546,-0.00927820158309,0.0194514745241,-0.00583558395812
2025-10-31,0.00261450083555,0.00327476205832,-0.00445011353463,-0.00380226285882,0.00327275595011,0.00576267523842,-0.00544535040083,-0.00298564609857
2025-11-03,0.00171923406541,0.00187489210035,-0.00138991857624,-0.00489420414759,0.00764926789613,-0.0029700603785,0.00179129917725,-0.00250414244493
2025-11-04,-0.011806250369,-0.0119243629733,-0.00522464173186,0.00367286994705,-0.0091206114619,-0.00353857688265,-0.0176724389975,0.00222608685541
2025-11-05,0.00364689762034,0.00345948605641,0.000830169136742,0.00037038829744,0.00261427150193,0.00149142605981,0.0114980148006,-0.0109558588729
2025-11-06,-0.0112411345381,-0.0107873383867,-0.0136494369257,-0.00137076532067,-0.0211089080755,-0.0082304975371,-0.00120124230173,0.00895266283341
2025-11-07,0.00126104642649,0.000984080688969,-0.00183347706496,-0.00483049557732,0.00531925113797,0.00636592046803,0.00610037836391,-0.00211918144058
2025-11-10,0.0152836266891,0.0154837834985,0.0131617082303,0.00453819585329,0.0240778586918,0.00854859446075,0.0269740254419,-0.000223015830515
2025-11-11,0.0020731998793,0.00228674095704,0.012425749673,0.0213712669454,0.0239857477706,0.0237715267619,0.00393008089102,0.00456788090571
2025-11-12,0.000629319185269,0.000556236931781,0.0103687964697,-0.00648777188793,0.0223430009559,-0.000723113464319,0.0159823607226,0.00177704935587
2025-11-13,-0.0166954517048,-0.0167332188075,-0.0010622974365,-0.00190328572598,-0.0161999319772,0.0159658773283,-0.00811594357007,-0.00824524779379
2025-11-14,-0.000501851457378,-0.000163837952346,-0.00760864336469,-0.00198038009916,0.00031415620959,0.000711664073598,-0.0182127621026,-0.00572209708993
2025-11-17,-0.00920449789001,-0.0093600159786,-0.00627044593089,-0.0183382280445,-0.0206193693069,0.0053209752923,-0.0115301957863,0.00247224664662
2025-11-18,-0.00829070983976,-0.00843301086209,-0.0187847025065,-7.49426420039e-05,-0.0205625104465,-0.0189291045633,0.0072386696774,-0.000336834817162
2025-11-19,0.00374680773268,0.00385573414325,-0.00177872457829,0.00417928017794,-0.00278479287204,-0.00126277671946,0.00162812490741,-0.0020231846934
2025-11-20,-0.0156897260213,-0.0153595844537,0.00342643302055,-0.00863868270157,0.0162710357681,0.00486183905796,-0.000293367656417,0.00393024233305
2025-11-21,0.00977510292745,0.00991185274111,0.000197958625218,0.0194894534292,0.00547243454639,0.00537443138135,-0.0015485292604,0.00302135249409
2025-11-24,0.0153488189279,0.0146113390144,-0.00288289234809,0.0161858660043,-0.00208874601994,-0.00143043539061,0.0157200289216,0.00568219919728
2025-11-25,0.00902088605651,0.00936205995816,0.00827379631331,0.00379822555822,-0.00386789226105,0.00499738481661,-0.000315738941324,0.00255177388002
2025-11-26,0.00688296936715,0.00687967936324,0.00876191729649,0.00209180757427,0.0098016034952,0.00868571726211,0.00796652030827,0.0044230783974
2025-11-28,0.00534048741892,0.00544359038334,0.00324059201363,0.00467293067713,0.0160206475283,0.0024678840511,0.0123477833433,-0.00475551639325
2025-12-01,-0.00533754875503,-0.0045759233704,-0.00317021483053,0.0151261922342,0.011265882086,-0.00158574915244,0.00480948161096,-0.0125267269955
2025-12-02,0.00245422114096,0.00185047353552,-0.00276906894199,0.0108557055794,-0.00157048786161,-0.00335606933069,-0.00646087790979,0.000450513021185
2025-12-03,0.00297536057135,0.00345685756025,0.00158520456315,-0.00715373485473,-0.00931711748524,0.00915829099979,-0.00093004967776,0.00281087914726
2025-12-04,0.00107973866182,0.000730781816914,0.00427033813244,-0.0122157077332,0.0044324760672,0.00245133580218,0.000645986500081,-0.00540400580456
2025-12-05,0.00193476886199,0.00189768363403,-0.000897906601033,-0.00686356818132,-0.00792903484186,-0.0137350005771,-0.00178394502566,-0.00463931638318
2025-12-08,-0.00348331522684,-0.0030088210866,-0.000777906926789,-0.00319744040189,-0.00462766619732,-0.00141946646057,-0.00264293932554,-0.00329454332065
2025-12-09,-0.000876743160965,-0.000863310664907,-0.00692046791622,-0.00255833229386,-0.014337837312,0.0033679119729,0.00512405298582,0.00102356189368
2025-12-10,0.00672688063608,0.00661024886464,-0.00371004525579,0.00575577269575,0.00404827941838,-0.0122853719022,0.00425010373355,0.00385730071697
2025-12-11,0.00207719195195,0.00232424289708,0.00783069115057,-0.00269388612343,0.0102895578936,0.000358235338656,0.0107122478504,-0.00135963360851
2025-12-12,-0.0107209134952,-0.0108102064971,-0.00212198246612,0.000898803449909,-0.00112028870457,-0.00448719215589,0.0055789869874,-0.00968507880895
2025-12-15,-0.00159783880021,-0.00151195022836,0.00694846603355,-0.0150984677145,0.00255869228521,-0.0016202934747,0.000909928793761,0.00068689478642
2025-12-16,-0.00238676400831,-0.00273611570209,-0.00230665875448,0.00182247598687,0.016474344584,-0.0181823659649,0.0002274299285,0.0054769550204
2025-12-17,-0.011659856634,-0.0110645807676,-0.00248395511034,-0.0101381427592,-0.00756978104026,0.0114934158789,0.00855155969026,-0.000910688281851
2025-12-18,0.00790295154329,0.00752298515063,0.00795613797456,0.00128662056843,0.00898286081087,0.00542687510734,-0.00180483338181,0.00477202542246
2025-12-19,0.00877940736648,0.0090225889051,9.07551333637e-05,0.00542287489941,-0.00898286081087,0.00683217807942,0.0011283542923,-0.00373953750176
2025-12-22,0.00641587052104,0.0062105679484,-0.00372532649963,-0.00991506433572,-0.00635220231079,0.00232658104623,0.0228192546271,-0.00217243759331
2025-12-23,0.00454006709226,0.00455998929654,-0.00212262772921,0.00511662256791,-0.000637503321073,-0.00161014756133,0.0131652985738,0.00160137573734
2025-12-24,0.00321630439883,0.00351150248898,-3.33205199212e-05,0.00530964166118,0.00762267346483,-0.00430650716146,-0.0041426515716,0.00603886702024
2025-12-29,-0.00380257290043,-0.00367143384143,0.00104096582441,-0.000182517846442,0.00173879233442,0.00609544133854,-0.0328949921772,0.000454235511565
2025-12-30,-0.00137661425073,-0.00122187021729,0.0068955182501,-0.00248715663449,0.00958741582188,0.00801070591903,0.000727304430519,-0.00238736130368
2025-12-31,-0.00738486737987,-0.00743652363263,-0.00228585736705,-0.00447751621541,0.00887654398737,0.00071974615618,-0.00648899902139,-0.0079990464314
2026-01-02,0.0018929140489,0.0018313149719,0.00559325681237,-0.00313137195643,-0.00497362510771,0.00913250297364,0.00495854476858,-0.00149277556235
2026-01-05,0.00633402453355,0.00663803677976,0.00198577830556,-0.0139337015952,0.00155689178529,-0.0055411554562,0.0259729381992,0.00492869702101
2026-01-06,0.00617759192712,0.00592963237956,0.00315275339733,-0.0185045505845,0.00248613297764,-0.0135344353001,0.0107551052135,-0.00206005794205
2026-01-07,-0.0034458535079,-0.00322861912755,-0.000426166177784,-0.00776749413085,-0.0237116557033,-0.0281917201136,-0.00960594436883,0.00582619019524
2026-01-08,7.65453068458e-05,-0.000101532303416,0.00115914064942,-0.00496757002626,0.00822921021054,-0.00243235047973,0.00550732213045,-0.00502463675764
2026-01-09,0.00645461110686,0.00659161099818,0.0142870385318,0.00127311139587,0.0273605581479,0.0320765176231,0.00721590382838,0.00661808128253
2026-01-12,0.00157639014879,0.00156920041454,-0.000398314454313,0.00338702759097,-0.00584434620501,0.0034411163948,0.0185496173017,-0.00296130983619
2026-01-13,-0.00194100570924,-0.00200150787746,-0.00138388609476,0.00306934340577,-0.00262569434528,0.0218176909365,-0.0014220512638,0.00170963044713
2026-01-14,-0.00534763348066,-0.00492728393905,-0.00194631343841,-0.00418428652331,-0.0135462570792,0.00933190630264,0.0101703319253,0.00579046863318
2026-01-15,0.00257660389332,0.00271950695149,-0.00214485946787,-0.0067545253661,-0.0193105321796,-0.00562391646154,-0.00614650994597,-0.000226510972784
2026-01-16,-0.000642508636917,-0.000838255945911,-0.0065387016759,-0.0104333489749,-0.0267243426222,0.00105684344018,-0.00483053201772,-0.00579170201577
2026-01-20,-0.0208424610487,-0.0205668549645,-0.0240626878373,-0.0351667942039,-0.0665103466822,0.00175911329647,0.0371379435767,-0.0131845004934
2026-01-21,0.0115211176477,0.0114750179309,0.000817003036441,0.00384342265703,0.0263174020287,0.0148279496198,0.014463871414,0.00758786242428
2026-01-22,0.0054725007849,0.00520966496151,0.00983112120625,0.00282260350729,0.0177835319841,-0.0088704133602,0.0182942210203,0.00434291631543
2026-01-23,0.000326816337091,0.000362669137104,-0.000716959707803,-0.00124907672908,-0.00724459275495,0.0128451594203,0.0136516940919,0.00273314549817
2026-01-26,0.00499359423339,0.00506529194859,-0.00146242584399,0.0292801821701,-0.0057656769915,0.0157429962033,0.0145228777999,0.0047652489213
2026-01-27,0.00407358795714,0.00397633910767,0.00266150516814,0.0111353841594,0.00220839531009,0.0074425265296,0.0242358668888,-0.00624467266574
2026-01-28,-8.17264633509e-05,-0.00010067092914,-0.0106218388828,-0.00711087188583,-0.0821944201759,0.0110609252019,0.0380405455369,-0.00228060674631
2026-01-29,-0.00129346736626,-0.00198634767912,0.000579957308305,0.00714961416546,-0.000737138469924,0.0135741237563,0.00270580705607,0.000228346629574
2026-01-30,-0.00431117949079,-0.00298702920173,0.00681201521171,0.00463549371669,0.00826222417807,0.00541117747941,-0.108412338124,-0.0056081679206
2026-02-02,0.00537678524165,0.00495908391552,0.00670117091345,0.0397793177356,-0.0158500940104,-0.00854000654167,-0.0408735150242,-0.00286117560645
2026-02-03,-0.00843949547371,-0.008491423714,-0.000204138585249,-0.00196482916645,-0.0174275389558,0.0139220440572,0.0616473521998,0.00242335346039
2026-02-04,-0.00508530019104,-0.0048556237035,0.0100550493872,0.0256802364087,0.0133322790967,0.0174142297197,-0.000704661682158,-0.00253894814233
2026-02-05,-0.0123266779271,-0.0125679303297,-0.00290785102976,-0.00209983216741,0.00390960012934,-0.00979851250136,-0.0269927554463,0.0108035101051
2026-02-06,0.0195043443778,0.0190030781917,0.00432048890376,0.0079779831626,-0.00372309757273,0.0101181657486,0.0302695141771,0.000685626573777
2026-02-09,0.00468011778364,0.00481022789811,0.00595772940006,-0.0117290465904,-0.00149299149529,0.00079859651837,0.0250856157966,-0.000228493874442
2026-02-10,-0.00330918219458,-0.0026406285767,0.000552467224373,-0.00342888752886,0.00428658502826,-0.00191787112116,-0.00996318891072,0.0114740505847
2026-02-11,-4.89573059624e-05,-0.000231149361499,-0.0017594552138,0.00662813991199,-0.0237121572628,0.0269881671884,0.0112470912492,-0.00532309611404
2026-02-12,-0.0157849413537,-0.0155694369639,0.00328085612016,-0.0512740079472,-0.00114321288157,0.00124501823747,-0.0353456515637,0.0131990671372
2026-02-13,0.00049896460785,0.000704251071815,-0.00346130746048,-0.0229958806997,-0.0198331200065,0.0012433588412,0.0245742278823,0.00547633066068
2026-02-17,0.0010307906352,0.00161218239186,0.00596404694904,0.0311768160825,0.0259156776923,0.0029468971533,-0.0316663838096,0.0016705120633
2026-02-18,0.00555063685734,0.00502506081253,0.00804868420545,0.001779582232,0.0116806163682,0.0118544520483,0.0222407607028,-0.0037904873417
2026-02-19,-0.00282611540958,-0.0026409177794,-0.00359524282746,-0.0143642645344,-0.00450539158372,0.018048559272,0.00278915678982,0.00100469092674
2026-02-20,0.00691575571546,0.00720591422389,0.0138003957356,0.0152338036317,0.0427242133026,-0.0165192662394,0.0195226891845,-0.00234591602074
2026-02-23,-0.0104399595257,-0.0102638587956,-0.00215372774318,0.00602906446002,0.00593156607304,0.0106400630509,0.026657024426,0.00368409203851
2026-02-24,0.00762248893063,0.00724218747123,0.00259045125654,0.0221440503246,0.00678692158092,0.00873101879091,-0.0139558366938,0.00178133565803
2026-02-25,0.00810343402887,0.00840290255383,0.00466796688452,0.00765051548777,-0.0157879236094,0.00969503958298,-0.00251041133184,0.000111263165047
2026-02-26,-0.00538002706327,-0.0055699289971,0.00720135545203,-0.00467861571268,-0.00253490227131,0.00266828267621,0.00853932604645,0.00399607985079
2026-02-27,-0.00434879506007,-0.00481350799709,-0.00467160902911,-0.032658005914,-0.0136900424625,-0.00400509106795,0.0130459470795,0.00607418578622
2026-03-02,0.000398275358631,0.000568451583824,-0.0219659984459,0.00204195181289,-0.0443430943915,0.0304473846746,0.0128371467607,-0.0100929124324
2026-03-03,-0.00948890867656,-0.00885341505174,-0.0352173196565,-0.00367082314178,-0.0357914866463,-0.0183331837715,-0.0456379625812,-0.00201050370785
2026-03-04,0.00772612571264,0.00703049362792,0.00785301787501,-0.00467454874426,0.0103011570967,-0.0183762813666,0.00778771301561,-0.00313585369969
2026-03-05,-0.00566270776355,-0.00559109345521,-0.0150408301292,-0.00853082397081,-0.00315827727585,-0.00134713480989,-0.0120905656346,-0.00404631704919
2026-03-06,-0.0133657203721,-0.0131937844409,-0.00652270223117,-0.0109321126365,-0.00714287982085,0.0182540068769,0.0157084769417,-0.00372366718575
2026-03-09,0.00826987154066,0.00872181380526,-0.00982233142924,0.00935569932868,-0.00900095108809,0.0130032360241,-0.0020718179807,0.00866694794901
2026-03-10,-0.00213740251983,-0.00160839785887,0.0177807841869,0.00364885011778,0.0135703327405,-0.00217978291507,0.011216536307,-0.0107038817071
2026-03-11,-0.000837952070393,-0.00125592291253,-0.00193175286812,-7.67758339781e-05,-0.00835995362826,0.0181639178149,-0.00339586332512,-0.0129975142594
2026-03-12,-0.0153448082637,-0.0153014395454,-0.00715954924723,-0.0195525959542,-0.0106500985134,0.00569809079597,-0.0198496318035,-0.00195280125731
2026-03-13,-0.00607754643166,-0.00567621497452,-0.00917347837911,-0.0222986670203,-0.0439835513478,0.027045773236,-0.0130213735538,-0.00495647214995
2026-03-16,0.0100799098361,0.0101254297946,0.00308445488271,0.01073703282,0.0111263911536,0.000967317193996,-0.000890082238571,0.00771223886491
2026-03-17,0.00249114939419,0.00262709213589,0.00484210930101,0.00556152776955,-0.0141921409544,0.028324298936,-0.00252257179043,0.00274828695197
2026-03-18,-0.0137009994681,-0.0140519120424,-0.000578304579567,-0.0170184447744,-0.00786566454698,0.0125417819996,-0.0321484291948,-0.00561907363297
2026-03-19,-0.00275258263349,-0.00246732979682,-0.0205372071799,-0.00392859469593,-0.0178730201235,0.0411719832208,-0.0420884851514,0.00607628665001
2026-03-20,-0.0152539343231,-0.0144395389521,-0.018386802902,-0.00390389848966,-0.00500973103815,-0.0209585611426,-0.0310340552358,-0.0191558549517
2026-03-23,0.0113881091671,0.010445249997,0.00787176429953,0.0140148398646,0.0187123156237,-0.0125526006202,-0.0228533736431,0.00650324176261
2026-03-24,-0.00374959548792,-0.00336246131431,0.00229083350553,0.000596216439874,-0.0126168163967,0.0157956982905,0.000222715514837,-0.00440822517772
2026-03-25,0.0054044937364,0.00555721790474,0.0131659106226,0.00388689569423,0.00346661039492,-0.0044132418732,0.0296455336425,0.00960357384824
2026-03-26,-0.0175594409477,-0.0180201213333,-0.00989255495103,0.00106827567549,-0.00879818016497,0.0284707526845,-0.0383188484816,-0.00844163550278
2026-03-27,-0.0168632318535,-0.0171989522832,-0.00870779607191,-0.0163052657189,-0.00557959459613,-0.007615198644,0.0344920902771,-0.00547315058196
2026-03-30,-0.0039535538627,-0.00334899232748,0.00911188621246,-0.00876013345339,0.0171855560476,0.0317247399464,-0.000289467974587,0.0132238466723
2026-03-31,0.028714893357,0.0286534079261,0.0057077110001,0.0286178629079,-0.00118692724427,0.0091881288851,0.037193492676,-0.00103766512496
2026-04-01,0.00714294489869,0.00750624869714,0.0208043830924,0.00722396771222,0.0171273697657,-0.0422856354627,0.0173484621035,-0.000984927314948
2026-04-02,0.00112024810779,0.000900054397262,-0.00236832592251,0.00113383107197,-0.000106198948576,0.0236984176597,-0.019395700196,0.00612533565554
2026-04-07,0.0051759732784,0.00515561305684,-0.00676071660871,-0.00950109601608,-0.00895620826338,-0.00201663267805,0.00557348925284,-0.00172980617531
2026-04-08,0.0247720383651,0.0251506892601,0.0439245083273,0.0210780077781,0.0662974982989,-0.0313988127199,0.00627931284907,0.00322652915449
2026-04-09,0.00615106677299,0.00575244126553,-0.00218905881237,0.00612254948356,-0.0303238798635,0.0264661684943,0.0077484340451,-0.00253418173658
2026-04-10,-0.00113916962125,-0.000661995228383,0.00167215671301,-3.82622992807e-05,-0.00134405020994,-0.00330202023039,-0.00178277381278,-0.00242505672439
2026-04-13,0.010121875398,0.00972500600299,-0.00286369512676,-0.00492608023774,-0.00321223991477,0.0132686794598,-0.00405740455143,0.0030014746291
2026-04-14,0.0117139889975,0.0121112391552,0.0110941449357,-0.00142865958648,-0.000622880008491,-0.0289100939188,0.0221032593404,0.00528859539142
2026-04-15,0.00794414484016,0.00785999785277,-0.00641956880761,0.028940168484,0.000934174580812,-0.00921661500863,-0.0104568850035,-0.0043668200615
2026-04-16,0.00260655583759,0.00245433449027,-0.00143555963888,-0.0114378492892,0.00445159336769,0.0057218355167,-0.000863115890443,-0.0063543082102
2026-04-17,0.0119685540079,0.0120132374017,0.0194674582657,0.0255998018862,0.0312191341222,-0.0539448404911,0.0132054743047,0.00911461736188
2026-04-20,-0.0023771959277,-0.00200173743607,-0.0112294172506,0.0103813497354,-0.0178801716304,0.0181725377715,-0.00864850112029,-0.000229752535005
2026-04-21,-0.00636845356733,-0.00656841814267,-0.0115087168954,-0.0255195852738,-0.0093185713322,0.00829756865065,-0.0287287475622,-0.00552927345938
2026-04-22,0.0104057559103,0.0100757800302,-0.00967416353034,0.0259591768957,-0.0243685672642,0.0131083931525,0.0131588520113,0.00196173621608
2026-04-23,-0.00414143217114,-0.00388828951049,0.00865376684675,0.000951167542259,0.00189573313172,0.00760061380095,-0.00974266255896,-0.00219281587259
2026-04-24,0.00794206794855,0.00771943740134,-0.00848340682366,-0.0087054712021,-0.00749858290836,0.00520837137089,0.00511401449398,0.0018468617046
2026-04-27,0.00123161798315,0.00172130464213,-0.00195093998934,-0.012809479476,-0.00894476331416,-0.00247059856828,-0.00778553169492,-0.00497137341559
2026-04-28,-0.00490618779017,-0.00487786928309,-0.00465716159476,0.011517460608,-0.0113699966147,0.0188295455646,-0.0187373662716,0.00104258901033
2026-04-29,-0.00039925183108,-0.000154521015127,-0.00395147978021,-0.00199672432699,-0.0139505980754,-0.000511051395413,-0.010723068856,-0.00778763477869
2026-04-30,0.0101861842639,0.00990046100704,0.00527709149208,0.00435818032254,0.00655663176861,0.0134587821999,0.0148622944246,-0.000933839858197
2026-05-04,-0.00114641285334,-0.000904849790614,-0.0172423726233,0.0199940143663,-0.0143919078193,-0.00810444348428,-0.0213517971209,-0.00405257908522
2026-05-05,0.0080872274021,0.00799022135471,0.0107480309202,0.0262042667257,0.01339455195,0.00823059600197,0.00854767163846,0.00551686360275
2026-05-06,0.0144829442808,0.0138036893793,0.0289855001738,0.0116497950642,0.0498508264729,-0.0326848342671,0.0298881267733,0.00757967129553
2026-05-07,-0.00381034549555,-0.00307079294533,-0.0117978332939,-0.00024353323255,0.00903080390232,-0.0194717267405,0.00166929931501,-0.00500773385882
2026-05-08,0.00839040549693,0.00822220174584,-0.010973101193,0.0202500605935,-0.0117771624121,0.00701673557619,0.00482985754541,0.00500773385882
2026-05-11,0.00187819174484,0.00227497444069,-0.00695037936526,-0.00126341107197,-0.044778783353,0.0145375985174,0.00202668137178,-0.00605920992129
2026-05-12,-0.00160389443669,-0.00151610204152,-0.00953593301819,0.00721726714344,0.0023202883487,0.0179116838713,-0.00396505977366,-0.00668436190104
2026-05-13,0.00583220605455,0.00557924515982,0.00350894602613,0.0137115536115,-0.00165681822819,-0.00627774891513,-0.00562871207941,-0.00223790704256
2026-05-14,0.00762644909375,0.00786331822386,0.00923545354479,-0.00221073555083,0.0187269735064,0.00602220505725,-0.00767164932299,0.00141406488378
2026-05-15,-0.0124403817377,-0.0121022822666,-0.0161801687132,0.00675098004916,-0.0114573787166,0.00509687644679,-0.023494229242,-0.0149486215346
2026-05-18,-0.000735938550353,-0.000703757225146,0.00438398961051,-0.00799251309992,0.00142566015423,0.0200069163386,0.00272814986916,-0.00119619704787
2026-05-19,-0.00670072063713,-0.00668307063845,-0.000717687837058,0.00378681019798,0.012523986185,-0.00599774067359,-0.0167005750548,-0.00648336481045
2026-05-20,0.0107342081256,0.0101968305958,0.0168534508809,0.0109113133263,0.0252203753158,-0.00225844526835,0.0142359601513,0.0106633614654
2026-05-21,0.00171386093163,0.00198112327148,-0.00387818886776,0.00902440436122,-0.000527788065946,0.00813165887846,-0.000982763553881,0.0036876122481
2026-05-22,0.00372004528426,0.00392384124654,0.00367244691915,0.012479663472,-0.00200810088306,-0.0202637748234,-0.0076311031277,0.00544708949359
2026-05-26,0.0060896805773,0.00661670275585,0.00704286249361,-0.00158799434352,-0.00722023509377,-0.00548221681097,0.000434860238492,0.00494750518893
2026-05-27,0.000164865541156,-0.000173257564276,0.00424636326225,0.00813991864362,0.0309524780363,-0.0364529542238,-0.0133985641095,0.00234748573709
2026-05-28,0.0057372272744,0.00550141868306,-0.00231991439807,0.0053259890878,-0.0062182808418,0,0.0104231007428,0.00514481381368
2026-05-29,0.00216990476029,0.00248830625894,-0.000675568322603,-0.0014410036674,-0.0165622737661,-0.00318719166075,0.0104834277396,0.000233399143587
2026-06-01,0.00262185601512,0.00271941184314,-0.004500945533,-0.0185978506354,-0.00689401910113,0.0158356157639,-0.0141482959893,0.000538409232663
2026-06-02,0.00129125488383,0.001357018915,0.00764264223934,0.0286097463599,0.0110077573526,0.00352879034409,0.00167636968246,0.00210366587718
2026-06-03,-0.00739934884258,-0.00704191824661,-0.00717260778204,-0.0157967590621,-0.0302421805755,0.0120600672419,-0.00995352796949,-0.00397749796849
2026-06-04,0.00404676239379,0.0037715639295,0.0114513941413,0.00312157762586,0.0283456591045,-0.00258137126369,0.00830142244764,0.0022246756015
2026-06-05,-0.0268013304197,-0.026148276921,-0.00316474154459,-0.0125775942641,0.0103866684837,-0.000129191300522,-0.0372298433267,-0.00515952926777
2026-06-08,0.00297370519515,0.00226161402765,-0.00230853278183,-0.0190518857551,0.00707236229213,-0.000387948990045,0.00259605954741,-0.00518610881389
2026-06-09,-0.00257971857586,-0.00293976787515,0.000504751548132,-0.0371271000694,0.0202109490493,-0.0113127337531,-0.0164713833628,0.00589131477584
2026-06-10,-0.0163320958733,-0.0158911609233,-0.00508390336526,0.00353873418154,-0.00949033927466,0.0100189805088,-0.0423393756312,-0.00282356238188
2026-06-11,0.0173671990073,0.0168540178502,0.00476326861388,0.0137942584653,0.011316872507,0.00979134371284,0.0308606960888,0.0128762941225
2026-06-12,0.00501292809331,0.00539367539989,0.0181340523536,-0.0153386727577,0.0346717209372,-0.0209879365003,0.000569319155831,-0.00244545909487
2026-06-15,0.0163932841219,0.0174802957875,0.00396055335332,0.0180074278782,0.00390925055157,-0.0452614108108,0.0255667274275,-0.000583174572307
2026-06-16,-0.00570039598524,-0.00597940347329,0.00751696430872,0.0094685458821,0.0149097781228,0.00068471257916,0.00271983095848,0.00546803318304
2026-06-17,-0.0122226756028,-0.0125665006201,-0.00195277154562,-0.0110554226747,-0.0180359550289,-0.0115656231447,-0.0229713848434,0.00162311900741
2026-06-18,0.0107878138999,0.0103433155044,0.00440156164326,0.00693652897961,-0.0116131488509,-0.0262379843329,-0.00381584281421,0.0048531547623
2026-06-22,-0.00371193267667,-0.00315194106168,-0.00804720391632,-0.00336115621247,-0.0481617726639,0.00821185479747,-0.00655688819325,-0.00763718068415
2026-06-23,-0.0144669283692,-0.0146284302596,-0.00709650294007,-0.00916627886587,0.00487023594879,-0.00155221142311,-0.0190841690424,0.00127686014495
2026-06-24,-0.000983415354983,-0.000463624718054,0.00535451919368,-0.00415409831604,0.019044269405,-0.018529507369,-0.0306788865322,0.0135961859219
2026-06-25,-9.92111122502e-05,0.00144459190241,0.00548492094563,-0.0631291043507,0.00283571996487,-0.00345886658476,0.00962768996925,-0.00034329377324
2026-06-26,-0.000471768568209,-0.00725764733963,-0.00555887487236,0.0308828671003,0.00272687339235,-0.0132239720393,0.0112235605283,0.000114506110881
2026-06-29,0.011681561325,0.0163406245202,-0.00209405871532,-0.00721461571581,-0.00698350501113,0.00902883591542,-0.0136082671655,0.00102975718214
2026-06-30,0.00788899877125,0.00775664094863,0.00437177439899,0.026686928498,-0.016796753049,-0.00146894851711,-0.000542721469495,-0.0118482222381
2026-07-01,-0.00215315101069,-0.00135342021115,-0.00796839272038,0.0171999021028,-0.00642423923402,-0.0315069143962,0.00600830237732,-0.00678230076206
2026-07-02,1.37026297486e-06,-0.00131493433999,0.0163659472946,0.0472716329236,0.0346324243707,0.0144580686586,0.0201147350199,-0.000116893064512
2026-07-06,0.00721541390958,0.00868954540356,0.000590957804367,0.0129732626309,-0.0132412465994,0.00402902883333,0.0105228128724,-0.000702022913552
2026-07-07,-0.0044650632364,-0.00476322540954,-0.00515839384355,-0.00641731771189,0.00891414752072,0.00933819867198,-0.0122168261523,-0.0105882477256
2026-07-08,-0.00282121460007,-0.00309421244497,-0.022001147927,0.008749400904,-0.0222299236602,0.0228989664963,-0.00808573703884,-0.00224970389375
2026-07-09,0.00810982168609,0.00842962129837,0.00892203405687,0.00898970032505,0.0164651016267,-0.00767171755228,0.00991193950099,0.00153971913774
2026-07-10,0.00420001099242,0.00430089724457,0.00148204922551,-0.00285010322292,-0.00620649696716,-0.00641406003066,-0.00309851542371,-0.000236662283866
2026-07-13,-0.00795860903191,-0.00768563342137,0.00307486449672,0.00629110948577,0.00326066319009,0.0293969449872,-0.026555716435,-0.00593686207391
2026-07-14,0.00375193107676,0.00354435281107,0.000262883544532,-0.00775107796523,-0.0175487861146,0.0110154909572,0.0135809602987,0.0013092129011
2026-07-15,0.00381186986352,0.00395580212435,0.00186038852387,0.039359995959,0.0262594419252,-0.00789623414368,0.000537305587137,0.00190107238526
2026-07-16,-0.00511446202515,-0.00543335190415,-0.000545257403339,0.0174349056381,0.0146163740255,-0.0149757207622,-0.0200465543947,-0.000356241717588
2026-07-17,-0.0101498763088,-0.00994645887096,-0.00467208519601,0.00143918345148,-0.0160291949372,0.0131337507185,0.00940872540263,0.00367444674156
2026-07-20,-0.0019341238533,-0.00161568252837,0.000155979165164,-0.0216566595644,-0.0168036947373,0.0088951803678,-0.00220105247485,-0.00748167919993
2026-07-21,0.00881737841159,0.0083067122401,0.00275746463618,0.00351507704591,-0.0171954061827,0.0232035284743,0.0194238187652,-0.0027453574314
2026-07-22,-0.00136462237645,-0.00116341768277,0.00889832306209,-0.00566065833414,-0.00955335187109,0.0201230856866,0.0114335389021,-0.00263328921327
2026-07-23,-0.0121633720974,-0.0124261727361,-0.0165863841957,-0.013064794888,-0.0441018310921,0.025122594426,-0.0202500955695,-0.00324111476766
2026-07-24,0.000496640431764,0.00101549657312,0.0087804300078,0.0347073929367,0.0178098649008,-0.00368225029841,0.00102231589623,0.000961436697973
2026-07-27,0.000161913394526,0.000216551871368,0.00402654171447,0.011613314041,0.0109855192016,-0.0202296625885,0.00731390077662,0.00598805478244
2026-07-28,0.00210209632492,0.00239191706411,0.00625216429286,0.0093649561459,0.00746988872991,-0.00809936954878,-0.0141400474211,0.00583374410788
2026-07-29,-0.015277397183,-0.0155070887839,-0.00598929790082,-0.00557291204442,-0.00500928518834,0.0274063404729,0.00461879959903,-0.0166381675778
2026-07-30,0.0164680140493,0.016626804266,0.0091595920297,-0.014174984214,0.0113679333113,-0.003434640055,0.0162518734509,-0.000603654566353
2026-07-31,0.00697920837903,0.00717401498131,0.00282431556852,-0.0763828815455,0.00390111947143,0.011185036815,-0.0150129570163,-0.00666473005491
2026-08-03,0.0146825922431,0.0141425284202,0.0121683292661,-0.0179319564669,0.0244282198361,0.000130873407199,0.000457401958866,0.00329053599053
2026-08-04,0.0177379420758,0.0178684073852,0.00611207865614,0.0194522109168,-0.00390985992831,-0.028937511572,0.00656956796262,0.00763592434396
2026-08-05,-0.00167789902501,-0.00199859779592,0.000308021787024,0.00522267522209,-0.0109879574138,-0.00607900542598,0.0405397502916,0.00217104310535
2026-08-06,-0.00176108321676,-0.00159909029972,0.00350166042657,0.00452350890129,0.00364147508735,0.0099771352099,7.69860490357e-05,-0.00579998391116
2026-08-07,0.00616518745286,0.00609672534267,0.00174792372185,0.00294046537842,-0.00301630470906,-0.00605539102656,0.0223319551485,0.00290423937937
2026-08-10,-0.000584146366723,-0.000297461661002,0.00127293297201,-0.0154512439128,0.0050912094375,0.0193818140822,0.0101622775635,-0.00849424021853
2026-08-11,-0.00321803379729,-0.00320037453605,-0.00127170037533,-0.0109269509451,-0.00759436471828,0.013804137173,-0.0039328438993,0.00158301730101
2026-08-12,0.00262327452046,0.00250153011431,-0.0046003846567,-0.00876217471867,-0.0293530498877,-0.0139365526098,0.00982789957408,-0.000973857550836
2026-08-13,0.0064949918905,0.00695322630526,-0.00281444992568,0.00990941575103,-0.0107034092503,-0.00158996982767,-0.0148284101564,0.00582876329793
2026-08-14,-0.00169787403434,-0.00198167372992,-0.00159188776114,0.00219238948632,-0.00348433717162,0.00489444713644,0.00629660766501,-0.00668163215508
2026-08-17,-0.00524116571132,-0.00473857604999,-0.00664487447046,-0.0011119735778,-0.0274232002915,0.00197747083078,0.00993844133318,-0.00844606160865
2026-08-18,-0.00690563282054,-0.00677868088888,-0.0082204713103,0.0144247426105,0.00391608892076,0.0126940392943,-0.0172632569126,0.00380351794878
2026-08-19,0.00210655767769,0.00209564087281,-0.00087591299813,0.0216962476301,0.0182577685736,0.00983447329069,0.0376464852649,0.0165171281549
2026-08-20,-0.00870670871771,-0.00843537131624,-0.005758825942,-0.0176082724955,-0.028697317768,0.00846262241217,0.00342543813344,-0.00822454786389
2026-08-21,0.0043367761296,0.00408291384322,0.00370064574176,-0.00628369752703,0.0209922713936,-0.0112995294275,0.0193179913326,-0.00352812571579
2026-08-24,-0.00280680438015,-0.00294273662401,-0.00371011900902,0.00319511639374,0.0150246966394,-0.0190332815512,0.00783491344174,0.0061964331479
2026-08-25,0.00318587347741,0.00319084094153,-0.00163502278367,-0.00141881233363,-0.0190105034576,-0.00369206643027,0.00322899102557,0.0109620532906
2026-08-26,-0.000205769825484,0.000221991007524,0.00274405754328,0.011390250571,0.00685458958052,-0.0055636388199,-0.0158940933803,-0.00203872380457
2026-08-27,0.00717743718067,0.0065314105941,-0.0169849542614,0.00359847848396,-0.0142035102572,-0.01485475321,0.00303346279699,-0.00204297321995
2026-08-28,-0.00249055096279,-0.00227206440632,0.00972549126248,0.0161447191134,0.0237435926699,0.00671864947971,-0.0329799114807,-0.00301187296275
2026-08-31,-0.00332768141148,-0.00299399866179,-0.00796860863524,-0.00895459889505,-0.0106424968408,0.0114515368225,-0.00115011938116,-0.0043531174204
2026-09-01,-0.00713820927432,-0.0068941344877,-0.00392519196676,0.0257966230236,-0.018479849308,0.0271663826654,-0.0289897291114,-0.00408339444276
2026-09-02,0.0045927288908,0.00442708883898,-0.00255929610438,-0.00052304759317,-0.0135748690911,0.00885134355995,0.0150841452895,0.000976608550335
2026-09-03,0.0105240664428,0.0104139978033,0.000696625543374,0.00995154986007,-0.0182753482582,-0.0035824756841,0.0183030988955,0.00146327305947
2026-09-04,-0.00376429765894,-0.0038616845483,-0.000921313886389,-0.0254263754722,-0.0045340588367,-0.0249169270404,-0.00844571549146,0.00170439535845
